??,??,??,??,??????,????????,????
01-09-2019 0.00,1,11.281,0.009,0,0,0
01-09-2019 1.00,2,10.447,0.009,0,0,0
01-09-2019 2.00,3,9.97,0.009,0,0,0
01-09-2019 3.00,4,9.942,0.009,0,0,0
01-09-2019 4.00,5,9.962,0.009,2.222,7.152,0
01-09-2019 5.00,6,11.849,0.009,65.125,156.73,951.663
01-09-2019 6.00,7,14.133,0.009,197.159,384.867,1809.507
01-09-2019 7.00,8,15.898,0.01,352.22,597.137,2240.897
01-09-2019 8.00,9,17.687,0.01,489.179,778.918,2548.483
01-09-2019 9.00,10,19.519,0.01,597.534,917.798,2802.475
01-09-2019 10.00,11,20.736,0.01,652.827,1004.287,2955.713
01-09-2019 11.00,12,21.511,0.01,653.62,1032.466,3096.007
01-09-2019 12.00,13,21.723,0.011,612.812,1000.399,2746.238
01-09-2019 13.00,14,21.319,0.011,533.699,910.227,1989.561
01-09-2019 14.00,15,20.496,0.011,423.133,768.098,1251.729
01-09-2019 15.00,16,19.274,0.011,295.945,583.66,471.321
01-09-2019 16.00,17,18.06,0.012,163.225,369.465,111.503
01-09-2019 17.00,18,17.003,0.012,50.649,141.343,5.963
01-09-2019 18.00,19,15.865,0.011,1.536,6.274,0
01-09-2019 19.00,20,15.246,0.011,0,0,0
01-09-2019 20.00,21,14.682,0.01,0,0,0
01-09-2019 21.00,22,14.038,0.01,0,0,0
01-09-2019 22.00,23,13.302,0.01,0,0,0
01-09-2019 23.00,24,12.798,0.01,0,0,0
02-09-2019 0.00,25,12.174,0.009,0,0,0
02-09-2019 1.00,26,11.515,0.009,0,0,0
02-09-2019 2.00,27,10.865,0.009,0,0,0
02-09-2019 3.00,28,10.254,0.009,0,0,0
02-09-2019 4.00,29,9.682,0.009,1.478,6.061,0
02-09-2019 5.00,30,10.106,0.009,62.094,150.74,544
02-09-2019 6.00,31,11.403,0.009,207.22,379.102,1709.084
02-09-2019 7.00,32,13.487,0.009,378.321,591.684,3147.57
02-09-2019 8.00,33,16.533,0.009,530.126,773.718,3607.18
02-09-2019 9.00,34,18.816,0.009,647.804,912.786,3706.575
02-09-2019 10.00,35,20.065,0.009,722.397,999.4,3670.631
02-09-2019 11.00,36,20.638,0.009,749.026,1027.624,3548.165
02-09-2019 12.00,37,20.802,0.009,715.537,995.495,3351.948
02-09-2019 13.00,38,20.642,0.009,633.754,905.198,3048.82
02-09-2019 14.00,39,20.229,0.009,512.313,762.871,2660.137
02-09-2019 15.00,40,19.477,0.009,351.985,578.17,1980.429
02-09-2019 16.00,41,18.409,0.01,193.783,363.66,1549.472
02-09-2019 17.00,42,15.902,0.011,56.377,135.565,699.627
02-09-2019 18.00,43,13.718,0.009,1.237,5.277,0
02-09-2019 19.00,44,13.095,0.009,0,0,0
02-09-2019 20.00,45,12.748,0.009,0,0,0
02-09-2019 21.00,46,12.535,0.009,0,0,0
02-09-2019 22.00,47,12.44,0.009,0,0,0
02-09-2019 23.00,48,12.444,0.009,0,0,0
03-09-2019 0.00,49,12.353,0.008,0,0,0
03-09-2019 1.00,50,12.229,0.008,0,0,0
03-09-2019 2.00,51,12.198,0.008,0,0,0
03-09-2019 3.00,52,12.113,0.008,0,0,0
03-09-2019 4.00,53,11.855,0.008,1.587,5.096,0
03-09-2019 5.00,54,12.19,0.009,57.28,144.749,1156.879
03-09-2019 6.00,55,14.252,0.009,178.542,373.292,1780.119
03-09-2019 7.00,56,16.038,0.01,311.674,586.157,2155.68
03-09-2019 8.00,57,18.716,0.01,445.571,768.446,2587.551
03-09-2019 9.00,58,20.053,0.01,547.787,907.694,2118.231
03-09-2019 10.00,59,20.466,0.01,609.146,994.433,2000.581
03-09-2019 11.00,60,21.583,0.01,641.048,1022.677,3117.028
03-09-2019 12.00,61,22.51,0.01,631.408,990.514,3655.481
03-09-2019 13.00,62,22.773,0.01,572.676,900.105,3538.137
03-09-2019 14.00,63,22.555,0.01,468.774,757.555,3170.192
03-09-2019 15.00,64,21.944,0.011,332.512,572.601,2405.15
03-09-2019 16.00,65,21.944,0.012,181.684,357.808,1621.062
03-09-2019 17.00,66,19.48,0.012,48.105,129.805,479.558
03-09-2019 18.00,67,18.065,0.011,0.976,4.387,0
03-09-2019 19.00,68,17.469,0.011,0,0,0
03-09-2019 20.00,69,17.211,0.01,0,0,0
03-09-2019 21.00,70,16.707,0.01,0,0,0
03-09-2019 22.00,71,14.862,0.01,0,0,0
03-09-2019 23.00,72,13.237,0.01,0,0,0
04-09-2019 0.00,73,12.471,0.01,0,0,0
04-09-2019 1.00,74,12.087,0.01,0,0,0
04-09-2019 2.00,75,12.009,0.01,0,0,0
04-09-2019 3.00,76,12.029,0.01,0,0,0
04-09-2019 4.00,77,11.971,0.01,1.138,4.251,0
04-09-2019 5.00,78,13.053,0.01,50.757,138.757,135.476
04-09-2019 6.00,79,14.779,0.011,174.848,367.421,507.231
04-09-2019 7.00,80,16.905,0.011,326.061,580.575,1085.447
04-09-2019 8.00,81,19.729,0.012,471.631,763.109,1744.848
04-09-2019 9.00,82,21.992,0.013,584.935,902.549,2161.128
04-09-2019 10.00,83,23.554,0.013,649.364,989.397,2736.912
04-09-2019 11.00,84,24.515,0.013,666.515,1017.692,2895.584
04-09-2019 12.00,85,24.893,0.014,631.612,985.466,2648.487
04-09-2019 13.00,86,24.859,0.014,553.007,894.927,2315.434
04-09-2019 14.00,87,24.561,0.014,441.603,752.202,2041.564
04-09-2019 15.00,88,23.95,0.015,303.536,566.981,1676.679
04-09-2019 16.00,89,22.828,0.015,162.142,351.896,1082.154
04-09-2019 17.00,90,20.26,0.015,41.287,124.069,313.003
04-09-2019 18.00,91,18.393,0.014,0.633,3.6,0
04-09-2019 19.00,92,17.817,0.014,0,0,0
04-09-2019 20.00,93,17.336,0.014,0,0,0
04-09-2019 21.00,94,17.022,0.013,0,0,0
04-09-2019 22.00,95,16.705,0.013,0,0,0
04-09-2019 23.00,96,16.298,0.013,0,0,0
05-09-2019 0.00,97,15.888,0.013,0,0,0
05-09-2019 1.00,98,15.52,0.012,0,0,0
05-09-2019 2.00,99,15.145,0.012,0,0,0
05-09-2019 3.00,100,14.733,0.012,0,0,0
05-09-2019 4.00,101,14.36,0.012,0.841,3.516,0
05-09-2019 5.00,102,15.321,0.012,43.501,132.786,533.916
05-09-2019 6.00,103,17.549,0.012,159.921,361.499,1547.11
05-09-2019 7.00,104,19.709,0.012,307.405,574.931,2241.24
05-09-2019 8.00,105,22.111,0.013,447.22,757.71,2512.326
05-09-2019 9.00,106,23.744,0.013,545.174,897.325,2669.34
05-09-2019 10.00,107,24.644,0.013,598.427,984.295,2470.743
05-09-2019 11.00,108,25.167,0.013,607.287,1012.602,2478.447
05-09-2019 12.00,109,25.351,0.013,570.582,980.35,2210.929
05-09-2019 13.00,110,25.216,0.013,500.964,889.688,1828.245
05-09-2019 14.00,111,24.601,0.014,392.954,746.763,1217.163
05-09-2019 15.00,112,23.578,0.014,266.257,561.315,635.177
05-09-2019 16.00,113,22.148,0.015,137.48,345.936,300.953
05-09-2019 17.00,114,20.162,0.014,35.099,118.367,88.165
05-09-2019 18.00,115,18.647,0.013,0.608,2.91,0
05-09-2019 19.00,116,18.051,0.013,0,0,0
05-09-2019 20.00,117,17.766,0.013,0,0,0
05-09-2019 21.00,118,17.597,0.012,0,0,0
05-09-2019 22.00,119,17.157,0.012,0,0,0
05-09-2019 23.00,120,16.698,0.012,0,0,0
06-09-2019 0.00,121,16.27,0.012,0,0,0
06-09-2019 1.00,122,15.828,0.012,0,0,0
06-09-2019 2.00,123,15.57,0.012,0,0,0
06-09-2019 3.00,124,15.449,0.011,0,0,0
06-09-2019 4.00,125,15.328,0.011,0.57,2.882,0
06-09-2019 5.00,126,16.044,0.011,38.786,126.843,233.867
06-09-2019 6.00,127,17.822,0.012,145.952,355.523,818.929
06-09-2019 7.00,128,20.159,0.013,281.84,569.23,1524.557
06-09-2019 8.00,129,22.827,0.013,421.713,752.229,2431.047
06-09-2019 9.00,130,24.253,0.013,531.881,892.04,2977.653
06-09-2019 10.00,131,25.359,0.013,599.398,979.101,3290.905
06-09-2019 11.00,132,26.045,0.013,619.182,1007.471,3450.304
06-09-2019 12.00,133,26.382,0.013,589.113,975.172,3360.194
06-09-2019 13.00,134,26.263,0.013,521.925,884.375,2989.717
06-09-2019 14.00,135,25.895,0.013,419.678,741.275,2736.644
06-09-2019 15.00,136,25.446,0.014,287.763,555.573,2180.951
06-09-2019 16.00,137,25.326,0.014,150.996,339.925,1382.143
06-09-2019 17.00,138,22.966,0.014,38.664,112.711,412.568
06-09-2019 18.00,139,21.598,0.013,0.524,2.312,0
06-09-2019 19.00,140,20.895,0.013,0,0,0
06-09-2019 20.00,141,20.356,0.013,0,0,0
06-09-2019 21.00,142,19.897,0.013,0,0,0
06-09-2019 22.00,143,19.466,0.013,0,0,0
06-09-2019 23.00,144,18.972,0.013,0,0,0
07-09-2019 0.00,145,18.457,0.012,0,0,0
07-09-2019 1.00,146,17.929,0.012,0,0,0
07-09-2019 2.00,147,17.378,0.012,0,0,0
07-09-2019 3.00,148,16.691,0.012,0,0,0
07-09-2019 4.00,149,15.903,0.012,0.303,2.339,0
07-09-2019 5.00,150,15.978,0.012,31.584,120.947,259.924
07-09-2019 6.00,151,18.205,0.013,126.744,349.505,731.615
07-09-2019 7.00,152,19.92,0.013,242.365,563.485,1288.229
07-09-2019 8.00,153,21.889,0.014,351.522,746.716,1423.231
07-09-2019 9.00,154,22.836,0.014,436.941,886.682,1482.028
07-09-2019 10.00,155,23.283,0.014,488.401,973.86,1621.733
07-09-2019 11.00,156,23.484,0.014,492.702,1002.258,1717.817
07-09-2019 12.00,157,23.425,0.014,449.456,969.91,1343.906
07-09-2019 13.00,158,23.129,0.014,371.682,879.014,995.984
07-09-2019 14.00,159,22.54,0.015,281.541,735.723,643.021
07-09-2019 15.00,160,21.769,0.015,186.767,549.791,354.517
07-09-2019 16.00,161,20.862,0.016,96.626,333.866,145.868
07-09-2019 17.00,162,20.009,0.015,25.169,107.106,14.871
07-09-2019 18.00,163,19.57,0.015,0.357,1.803,0
07-09-2019 19.00,164,19.466,0.015,0,0,0
07-09-2019 20.00,165,19.412,0.015,0,0,0
07-09-2019 21.00,166,19.248,0.015,0,0,0
07-09-2019 22.00,167,19.089,0.014,0,0,0
07-09-2019 23.00,168,19.076,0.014,0,0,0
08-09-2019 0.00,169,19.021,0.014,0,0,0
08-09-2019 1.00,170,18.985,0.014,0,0,0
08-09-2019 2.00,171,18.873,0.014,0,0,0
08-09-2019 3.00,172,18.672,0.014,0,0,0
08-09-2019 4.00,173,18.393,0.014,0.098,1.877,0
08-09-2019 5.00,174,18.144,0.013,15.013,115.109,1.483
08-09-2019 6.00,175,18.14,0.014,71.436,343.429,81.137
08-09-2019 7.00,176,18.336,0.014,155.006,557.662,218.883
08-09-2019 8.00,177,18.563,0.014,257.85,741.123,429.566
08-09-2019 9.00,178,18.617,0.014,367.023,881.276,600.609
08-09-2019 10.00,179,18.626,0.013,464.629,968.542,744.093
08-09-2019 11.00,180,18.854,0.013,522.847,996.973,1068.964
08-09-2019 12.00,181,20.088,0.013,536.247,964.573,1813.693
08-09-2019 13.00,182,21.676,0.012,502.844,873.562,3090.912
08-09-2019 14.00,183,22.235,0.012,424.443,730.091,2484.43
08-09-2019 15.00,184,21.952,0.012,312.986,543.947,1289.351
08-09-2019 16.00,185,21.051,0.012,177.909,327.755,1091.859
08-09-2019 17.00,186,19.569,0.012,44.402,101.565,344.273
08-09-2019 18.00,187,18.251,0.011,0.36,1.376,0
08-09-2019 19.00,188,17.181,0.011,0,0,0
08-09-2019 20.00,189,16.046,0.01,0,0,0
08-09-2019 21.00,190,14.882,0.01,0,0,0
08-09-2019 22.00,191,13.826,0.009,0,0,0
08-09-2019 23.00,192,12.875,0.009,0,0,0
09-09-2019 0.00,193,12.061,0.009,0,0,0
09-09-2019 1.00,194,11.151,0.008,0,0,0
09-09-2019 2.00,195,10.366,0.008,0,0,0
09-09-2019 3.00,196,9.45,0.008,0,0,0
09-09-2019 4.00,197,8.625,0.007,0.42,1.485,0
09-09-2019 5.00,198,8.747,0.007,46.521,109.349,113.108
09-09-2019 6.00,199,10.072,0.007,189.136,337.307,1004.872
09-09-2019 7.00,200,12.325,0.007,350.898,551.791,2874.65
09-09-2019 8.00,201,13.827,0.007,491.973,735.468,2532.017
09-09-2019 9.00,202,14.444,0.007,588.234,875.775,1960.377
09-09-2019 10.00,203,15.867,0.007,654.38,963.156,3553.758
09-09-2019 11.00,204,16.922,0.007,669.25,991.611,3939.359
09-09-2019 12.00,205,17.401,0.007,620.515,959.176,3913.221
09-09-2019 13.00,206,17.443,0.007,535.459,868.063,3683.173
09-09-2019 14.00,207,17.099,0.007,419.854,724.417,3110.055
09-09-2019 15.00,208,16.122,0.007,278.28,538.036,1056.782
09-09-2019 16.00,209,15.119,0.008,142.267,321.599,662.459
09-09-2019 17.00,210,13.76,0.008,32.948,96.092,288.982
09-09-2019 18.00,211,12.542,0.008,0.214,1.025,0
09-09-2019 19.00,212,11.75,0.008,0,0,0
09-09-2019 20.00,213,11.161,0.008,0,0,0
09-09-2019 21.00,214,10.704,0.007,0,0,0
09-09-2019 22.00,215,10.281,0.007,0,0,0
09-09-2019 23.00,216,9.387,0.007,0,0,0
10-09-2019 0.00,217,8.222,0.007,0,0,0
10-09-2019 1.00,218,7.706,0.007,0,0,0
10-09-2019 2.00,219,7.585,0.007,0,0,0
10-09-2019 3.00,220,7.16,0.007,0,0,0
10-09-2019 4.00,221,7.126,0.007,0.285,1.157,0
10-09-2019 5.00,222,7.211,0.006,36.433,103.668,298.407
10-09-2019 6.00,223,8.575,0.007,159.592,331.135,2062.293
10-09-2019 7.00,224,10.798,0.007,315.93,545.874,3255.266
10-09-2019 8.00,225,12.74,0.006,457.086,729.751,3554.773
10-09-2019 9.00,226,14.087,0.006,560.625,870.231,3579.01
10-09-2019 10.00,227,14.957,0.006,622.519,957.697,3486.162
10-09-2019 11.00,228,15.227,0.006,639.814,986.186,3065.691
10-09-2019 12.00,229,14.97,0.007,608.984,953.716,2281.11
10-09-2019 13.00,230,14.441,0.007,521.687,862.475,1644.474
10-09-2019 14.00,231,13.708,0.007,409.21,718.686,1092.069
10-09-2019 15.00,232,12.94,0.007,267.668,532.094,657.498
10-09-2019 16.00,233,12.104,0.007,135.908,315.394,282.464
10-09-2019 17.00,234,10.824,0.008,33.554,90.701,66.177
10-09-2019 18.00,235,9.537,0.007,0.201,0.744,0
10-09-2019 19.00,236,8.689,0.007,0,0,0
10-09-2019 20.00,237,7.715,0.007,0,0,0
10-09-2019 21.00,238,6.96,0.007,0,0,0
10-09-2019 22.00,239,6.429,0.007,0,0,0
10-09-2019 23.00,240,6.079,0.007,0,0,0
11-09-2019 0.00,241,5.756,0.006,0,0,0
11-09-2019 1.00,242,5.584,0.006,0,0,0
11-09-2019 2.00,243,5.681,0.006,0,0,0
11-09-2019 3.00,244,5.686,0.006,0,0,0
11-09-2019 4.00,245,5.623,0.006,0.186,0.887,0
11-09-2019 5.00,246,6.337,0.006,39.143,98.085,195.733
11-09-2019 6.00,247,8.199,0.006,186.243,324.928,1445.395
11-09-2019 7.00,248,10.833,0.007,366.378,539.895,3144.774
11-09-2019 8.00,249,13.669,0.007,518.31,723.992,3691.123
11-09-2019 9.00,250,15.375,0.006,630.317,864.605,3874.661
11-09-2019 10.00,251,16.413,0.006,689.546,952.175,3931.043
11-09-2019 11.00,252,16.931,0.007,695.95,980.688,3824.812
11-09-2019 12.00,253,17.106,0.007,661.575,948.17,3789.401
11-09-2019 13.00,254,17.03,0.007,575.722,856.852,3661.893
11-09-2019 14.00,255,16.562,0.007,456.408,712.889,3057.58
11-09-2019 15.00,256,15.803,0.007,319.001,526.082,2178.924
11-09-2019 16.00,257,14.616,0.008,165.4,309.15,1663.029
11-09-2019 17.00,258,11.571,0.008,34.112,85.405,750.456
11-09-2019 18.00,259,10.07,0.007,0.095,0.524,0
11-09-2019 19.00,260,9.737,0.007,0,0,0
11-09-2019 20.00,261,9.501,0.007,0,0,0
11-09-2019 21.00,262,9.396,0.007,0,0,0
11-09-2019 22.00,263,9.287,0.007,0,0,0
11-09-2019 23.00,264,9.235,0.007,0,0,0
12-09-2019 0.00,265,9.056,0.007,0,0,0
12-09-2019 1.00,266,8.76,0.007,0,0,0
12-09-2019 2.00,267,8.446,0.007,0,0,0
12-09-2019 3.00,268,8.251,0.007,0,0,0
12-09-2019 4.00,269,8.168,0.006,0.158,0.667,0
12-09-2019 5.00,270,8.593,0.007,38.227,92.605,842.858
12-09-2019 6.00,271,10.815,0.007,167.336,318.67,2323.334
12-09-2019 7.00,272,13.521,0.007,313.564,533.87,3138.775
12-09-2019 8.00,273,16.585,0.007,447.453,718.151,3408.691
12-09-2019 9.00,274,18.304,0.007,554.713,858.934,3582.314
12-09-2019 10.00,275,19.574,0.008,615.124,946.585,3638.79
12-09-2019 11.00,276,20.371,0.008,621.069,975.136,3431.362
12-09-2019 12.00,277,20.289,0.008,591.214,942.586,2401.743
12-09-2019 13.00,278,19.78,0.008,518.974,851.153,1567.848
12-09-2019 14.00,279,19.544,0.008,403.741,707.033,1409.721
12-09-2019 15.00,280,18.826,0.009,267.171,520.03,1035.292
12-09-2019 16.00,281,17.038,0.01,136.13,302.866,467.458
12-09-2019 17.00,282,14.335,0.009,29.472,80.212,146.217
12-09-2019 18.00,283,12.877,0.009,0.057,0.357,0
12-09-2019 19.00,284,12.417,0.009,0,0,0
12-09-2019 20.00,285,11.946,0.009,0,0,0
12-09-2019 21.00,286,11.134,0.008,0,0,0
12-09-2019 22.00,287,10.511,0.008,0,0,0
12-09-2019 23.00,288,10.217,0.008,0,0,0
13-09-2019 0.00,289,9.902,0.008,0,0,0
13-09-2019 1.00,290,9.282,0.008,0,0,0
13-09-2019 2.00,291,9.147,0.008,0,0,0
13-09-2019 3.00,292,9.832,0.008,0,0,0
13-09-2019 4.00,293,10.159,0.008,0.13,0.49,0
13-09-2019 5.00,294,10.472,0.008,24.627,87.242,31.554
13-09-2019 6.00,295,11.862,0.009,93.626,312.37,309.187
13-09-2019 7.00,296,13.61,0.009,171.54,527.798,653.895
13-09-2019 8.00,297,15.002,0.009,243.446,712.274,672.697
13-09-2019 9.00,298,15.706,0.01,292.365,853.198,675.75
13-09-2019 10.00,299,16.107,0.01,314.323,940.935,728.997
13-09-2019 11.00,300,16.237,0.01,324.807,969.501,710.017
13-09-2019 12.00,301,16.38,0.01,323.785,936.925,522.102
13-09-2019 13.00,302,16.528,0.01,298.042,845.377,420.173
13-09-2019 14.00,303,16.747,0.01,249.997,701.125,412.799
13-09-2019 15.00,304,16.716,0.01,184.255,513.924,298.994
13-09-2019 16.00,305,16.371,0.01,102.388,296.538,132.005
13-09-2019 17.00,306,15.697,0.01,23.681,75.14,4.193
13-09-2019 18.00,307,15.117,0.009,0.051,0.232,0
13-09-2019 19.00,308,14.511,0.009,0,0,0
13-09-2019 20.00,309,14.113,0.009,0,0,0
13-09-2019 21.00,310,13.143,0.009,0,0,0
13-09-2019 22.00,311,11.718,0.009,0,0,0
13-09-2019 23.00,312,10.702,0.008,0,0,0
14-09-2019 0.00,313,10.081,0.008,0,0,0
14-09-2019 1.00,314,9.482,0.008,0,0,0
14-09-2019 2.00,315,8.805,0.008,0,0,0
14-09-2019 3.00,316,8.212,0.008,0,0,0
14-09-2019 4.00,317,7.877,0.007,0.033,0.349,0
14-09-2019 5.00,318,7.794,0.007,26.949,82.002,124.608
14-09-2019 6.00,319,8.566,0.007,147.205,306.034,1210.394
14-09-2019 7.00,320,10.788,0.007,329.3,521.67,2832.819
14-09-2019 8.00,321,13.94,0.007,501.175,706.326,3799.5
14-09-2019 9.00,322,16.459,0.007,636.655,847.376,3937.768
14-09-2019 10.00,323,17.888,0.007,720.928,935.217,3962.272
14-09-2019 11.00,324,18.633,0.007,742.113,963.813,3927.203
14-09-2019 12.00,325,18.796,0.007,705.263,931.194,3950.414
14-09-2019 13.00,326,18.555,0.007,615.34,839.573,3867.21
14-09-2019 14.00,327,17.937,0.007,486.861,695.153,3652.257
14-09-2019 15.00,328,16.991,0.007,327.385,507.775,3220.522
14-09-2019 16.00,329,15.356,0.008,160.56,290.169,2328.9
14-09-2019 17.00,330,11.984,0.008,27.807,70.196,598.276
14-09-2019 18.00,331,10.316,0.008,0.031,0.142,0
14-09-2019 19.00,332,9.854,0.007,0,0,0
14-09-2019 20.00,333,9.422,0.007,0,0,0
14-09-2019 21.00,334,8.907,0.007,0,0,0
14-09-2019 22.00,335,8.337,0.007,0,0,0
14-09-2019 23.00,336,7.837,0.007,0,0,0
15-09-2019 0.00,337,7.554,0.007,0,0,0
15-09-2019 1.00,338,7.237,0.007,0,0,0
15-09-2019 2.00,339,7.09,0.007,0,0,0
15-09-2019 3.00,340,7.022,0.007,0,0,0
15-09-2019 4.00,341,6.937,0.007,0.056,0.24,0
15-09-2019 5.00,342,7.363,0.007,31.742,76.896,1060.939
15-09-2019 6.00,343,9.289,0.007,152.176,299.657,2302.376
15-09-2019 7.00,344,11.849,0.007,309.43,515.507,2881.501
15-09-2019 8.00,345,14.987,0.008,458.389,700.334,3001.971
15-09-2019 9.00,346,17.007,0.007,567.589,841.508,3149.901
15-09-2019 10.00,347,18.229,0.007,642.521,929.44,3664.882
15-09-2019 11.00,348,18.925,0.007,672.502,958.044,3824.436
15-09-2019 12.00,349,19.239,0.007,644.474,925.408,3853.856
15-09-2019 13.00,350,19.179,0.007,559.249,833.685,3740.004
15-09-2019 14.00,351,18.725,0.007,432.71,689.137,3447.774
15-09-2019 15.00,352,17.875,0.007,284.028,501.578,2988.987
15-09-2019 16.00,353,16.305,0.008,133.365,283.763,1882.844
15-09-2019 17.00,354,14.139,0.007,22.069,65.39,255.37
15-09-2019 18.00,355,13.321,0.007,0.014,0.081,0
15-09-2019 19.00,356,12.97,0.007,0,0,0
15-09-2019 20.00,357,12.627,0.006,0,0,0
15-09-2019 21.00,358,11.72,0.006,0,0,0
15-09-2019 22.00,359,10.385,0.006,0,0,0
15-09-2019 23.00,360,8.792,0.006,0,0,0
16-09-2019 0.00,361,7.125,0.006,0,0,0
16-09-2019 1.00,362,5.486,0.005,0,0,0
16-09-2019 2.00,363,4.162,0.005,0,0,0
16-09-2019 3.00,364,2.97,0.005,0,0,0
16-09-2019 4.00,365,1.747,0.005,0.025,0.157,0
16-09-2019 5.00,366,1.638,0.005,27.782,71.934,1460.88
16-09-2019 6.00,367,3.983,0.005,167.478,293.242,2867.018
16-09-2019 7.00,368,6.939,0.004,347.829,509.29,3648.607
16-09-2019 8.00,369,9.051,0.004,518.823,694.285,4024.105
16-09-2019 9.00,370,10.284,0.004,653.39,835.598,4176.135
16-09-2019 10.00,371,11.245,0.004,735.379,923.593,4193.915
16-09-2019 11.00,372,11.925,0.004,761.156,952.232,4140.849
16-09-2019 12.00,373,12.286,0.004,730.344,919.555,4172.303
16-09-2019 13.00,374,12.327,0.004,646.452,827.757,4084.117
16-09-2019 14.00,375,12.021,0.004,516.779,683.073,3868.971
16-09-2019 15.00,376,11.354,0.004,352.983,495.339,3457.175
16-09-2019 16.00,377,9.928,0.005,174.585,277.323,2600.689
16-09-2019 17.00,378,6.381,0.005,28.765,60.734,593.915
16-09-2019 18.00,379,4.693,0.005,0.006,0.042,0
16-09-2019 19.00,380,4.131,0.005,0,0,0
16-09-2019 20.00,381,3.712,0.005,0,0,0
16-09-2019 21.00,382,3.281,0.005,0,0,0
16-09-2019 22.00,383,2.789,0.005,0,0,0
16-09-2019 23.00,384,2.37,0.005,0,0,0
17-09-2019 0.00,385,1.991,0.005,0,0,0
17-09-2019 1.00,386,1.627,0.005,0,0,0
17-09-2019 2.00,387,1.415,0.005,0,0,0
17-09-2019 3.00,388,1.331,0.005,0,0,0
17-09-2019 4.00,389,1.381,0.004,0.023,0.096,0
17-09-2019 5.00,390,1.933,0.005,29.031,67.117,1084.266
17-09-2019 6.00,391,5.363,0.005,153.437,286.788,2496.853
17-09-2019 7.00,392,8.449,0.005,297.178,503.03,3338.316
17-09-2019 8.00,393,11.686,0.005,419.813,688.174,3593.172
17-09-2019 9.00,394,13.581,0.005,516.537,829.622,3801.22
17-09-2019 10.00,395,14.783,0.005,569.371,917.685,3873.424
17-09-2019 11.00,396,15.563,0.005,572.394,946.349,3766.604
17-09-2019 12.00,397,15.924,0.005,524.295,913.642,3406.763
17-09-2019 13.00,398,15.88,0.006,439.557,821.759,2849.23
17-09-2019 14.00,399,15.499,0.006,332.662,676.94,2198.905
17-09-2019 15.00,400,14.564,0.006,214.355,489.046,1321.61
17-09-2019 16.00,401,12.828,0.007,96.97,270.85,705.466
17-09-2019 17.00,402,10.519,0.006,14.078,56.232,56.14
17-09-2019 18.00,403,10.155,0.006,0.003,0.02,0
17-09-2019 19.00,404,9.584,0.006,0,0,0
17-09-2019 20.00,405,8.684,0.006,0,0,0
17-09-2019 21.00,406,7.564,0.006,0,0,0
17-09-2019 22.00,407,6.043,0.005,0,0,0
17-09-2019 23.00,408,4.84,0.005,0,0,0
18-09-2019 0.00,409,4.466,0.005,0,0,0
18-09-2019 1.00,410,4.385,0.005,0,0,0
18-09-2019 2.00,411,3.761,0.005,0,0,0
18-09-2019 3.00,412,2.616,0.005,0,0,0
18-09-2019 4.00,413,1.413,0.004,0.007,0.054,0
18-09-2019 5.00,414,0.943,0.004,16.791,62.455,40.405
18-09-2019 6.00,415,1.405,0.004,126.869,280.305,458.327
18-09-2019 7.00,416,2.397,0.004,298.516,496.713,1033.992
18-09-2019 8.00,417,3.877,0.004,462.233,682.032,2234.067
18-09-2019 9.00,418,5.663,0.004,583.726,823.584,3481.25
18-09-2019 10.00,419,6.944,0.004,632.282,911.735,3602.207
18-09-2019 11.00,420,7.444,0.004,615.504,940.413,3082.229
18-09-2019 12.00,421,7.608,0.004,562.801,907.667,2540.536
18-09-2019 13.00,422,7.698,0.003,491.721,815.702,2404.958
18-09-2019 14.00,423,7.638,0.003,393.497,670.767,2314.738
18-09-2019 15.00,424,7.324,0.004,270.553,482.723,1871.931
18-09-2019 16.00,425,6.554,0.004,134.246,264.342,1239.684
18-09-2019 17.00,426,5.286,0.004,21.827,51.897,180.022
18-09-2019 18.00,427,4.532,0.004,0.002,0.008,0
18-09-2019 19.00,428,4.206,0.004,0,0,0
18-09-2019 20.00,429,4.011,0.004,0,0,0
18-09-2019 21.00,430,3.697,0.004,0,0,0
18-09-2019 22.00,431,3.271,0.004,0,0,0
18-09-2019 23.00,432,2.661,0.004,0,0,0
19-09-2019 0.00,433,1.999,0.004,0,0,0
19-09-2019 1.00,434,1.397,0.004,0,0,0
19-09-2019 2.00,435,0.967,0.004,0,0,0
19-09-2019 3.00,436,0.661,0.004,0,0,0
19-09-2019 4.00,437,0.365,0.004,0.001,0.028,0
19-09-2019 5.00,438,0.249,0.004,23.119,57.955,940.738
19-09-2019 6.00,439,1.653,0.004,153.908,273.789,2541.075
19-09-2019 7.00,440,3.811,0.004,323.378,490.371,3455.127
19-09-2019 8.00,441,5.623,0.004,472.895,675.832,3948.899
19-09-2019 9.00,442,7.075,0.004,582.311,817.497,4144.484
19-09-2019 10.00,443,8.311,0.004,652.176,905.699,4192.105
19-09-2019 11.00,444,9.324,0.004,673.076,934.42,4155.028
19-09-2019 12.00,445,10.051,0.004,643.678,901.645,4197.958
19-09-2019 13.00,446,10.41,0.004,563.087,809.612,4112.903
19-09-2019 14.00,447,10.346,0.005,446.112,664.554,3891.793
19-09-2019 15.00,448,9.788,0.005,299.884,476.351,3476.736
19-09-2019 16.00,449,8.337,0.006,141.832,257.8,2599.477
19-09-2019 17.00,450,5.009,0.005,19.455,47.733,396.419
19-09-2019 18.00,451,3.021,0.005,0,0.002,0
19-09-2019 19.00,452,2.238,0.005,0,0,0
19-09-2019 20.00,453,1.791,0.005,0,0,0
19-09-2019 21.00,454,1.613,0.005,0,0,0
19-09-2019 22.00,455,1.613,0.005,0,0,0
19-09-2019 23.00,456,1.659,0.005,0,0,0
20-09-2019 0.00,457,1.606,0.005,0,0,0
20-09-2019 1.00,458,1.403,0.005,0,0,0
20-09-2019 2.00,459,1.008,0.005,0,0,0
20-09-2019 3.00,460,0.415,0.005,0,0,0
20-09-2019 4.00,461,-0.087,0.005,0,0.012,0
20-09-2019 5.00,462,0.145,0.005,17.89,53.621,815.039
20-09-2019 6.00,463,4.008,0.005,113.109,267.245,2327.772
20-09-2019 7.00,464,7.556,0.005,230.989,483.99,2868.353
20-09-2019 8.00,465,11.231,0.005,344.273,669.583,2934.609
20-09-2019 9.00,466,13.595,0.006,442.42,811.35,3318.227
20-09-2019 10.00,467,15.136,0.006,498.558,899.623,3147.986
20-09-2019 11.00,468,15.79,0.006,502.459,928.354,2692.919
20-09-2019 12.00,469,15.452,0.006,466.13,895.554,1583.747
20-09-2019 13.00,470,14.815,0.006,386.907,803.445,902.047
20-09-2019 14.00,471,14.384,0.006,289.358,658.286,552.228
20-09-2019 15.00,472,13.373,0.007,180.486,469.947,351.216
20-09-2019 16.00,473,11.909,0.007,79.802,251.226,179.726
20-09-2019 17.00,474,11.059,0.007,11.154,43.745,14.832
20-09-2019 18.00,475,10.422,0.006,0,0,0
20-09-2019 19.00,476,9.07,0.006,0,0,0
20-09-2019 20.00,477,7.859,0.006,0,0,0
20-09-2019 21.00,478,7.444,0.006,0,0,0
20-09-2019 22.00,479,7.31,0.006,0,0,0
20-09-2019 23.00,480,7.22,0.006,0,0,0
21-09-2019 0.00,481,7.205,0.006,0,0,0
21-09-2019 1.00,482,6.968,0.006,0,0,0
21-09-2019 2.00,483,6.635,0.006,0,0,0
21-09-2019 3.00,484,6.284,0.006,0,0,0
21-09-2019 4.00,485,5.964,0.006,0,0.004,0
21-09-2019 5.00,486,5.708,0.006,9.487,49.461,2.953
21-09-2019 6.00,487,5.814,0.006,76.185,260.669,125.502
21-09-2019 7.00,488,6.386,0.006,202.23,477.562,821.154
21-09-2019 8.00,489,7.945,0.006,367.174,663.287,2723.601
21-09-2019 9.00,490,10.042,0.006,492.306,805.149,3638.22
21-09-2019 10.00,491,11.537,0.006,563.729,893.488,3907.254
21-09-2019 11.00,492,12.409,0.005,582.339,922.231,3918.685
21-09-2019 12.00,493,12.902,0.006,566.096,889.406,3984.641
21-09-2019 13.00,494,12.985,0.006,509.589,797.245,3883.867
21-09-2019 14.00,495,12.65,0.006,405.386,651.979,3658.725
21-09-2019 15.00,496,11.852,0.006,260.991,463.502,3213.003
21-09-2019 16.00,497,10.208,0.007,113.707,244.632,2280.003
21-09-2019 17.00,498,6.561,0.006,13.186,39.938,231.397
21-09-2019 18.00,499,5.033,0.006,0,0,0
21-09-2019 19.00,500,4.479,0.006,0,0,0
21-09-2019 20.00,501,4.338,0.006,0,0,0
21-09-2019 21.00,502,4.169,0.006,0,0,0
21-09-2019 22.00,503,3.916,0.005,0,0,0
21-09-2019 23.00,504,3.521,0.005,0,0,0
22-09-2019 0.00,505,3.25,0.005,0,0,0
22-09-2019 1.00,506,3.254,0.005,0,0,0
22-09-2019 2.00,507,3.541,0.005,0,0,0
22-09-2019 3.00,508,3.619,0.005,0,0,0
22-09-2019 4.00,509,3.164,0.005,0,0.001,0
22-09-2019 5.00,510,2.886,0.005,16.836,45.477,410.774
22-09-2019 6.00,511,5.733,0.005,129.089,254.062,2075.867
22-09-2019 7.00,512,8.814,0.006,303.636,471.106,3078.919
22-09-2019 8.00,513,12.079,0.006,469.579,656.958,3545.3
22-09-2019 9.00,514,14.329,0.006,598.515,798.902,3764.373
22-09-2019 10.00,515,16.036,0.006,677.365,887.297,3837.119
22-09-2019 11.00,516,17.212,0.007,703.341,916.068,3833.752
22-09-2019 12.00,517,17.858,0.007,674.484,883.22,3849.929
22-09-2019 13.00,518,17.999,0.007,593.458,790.98,3746.018
22-09-2019 14.00,519,17.61,0.007,466.901,645.63,3507.031
22-09-2019 15.00,520,16.72,0.008,308.672,457.018,3038.655
22-09-2019 16.00,521,14.699,0.009,138.379,238.006,2067.45
22-09-2019 17.00,522,12.267,0.008,15.195,36.313,154.34
22-09-2019 18.00,523,11.3,0.007,0,0,0
22-09-2019 19.00,524,10.555,0.007,0,0,0
22-09-2019 20.00,525,9.851,0.007,0,0,0
22-09-2019 21.00,526,9.165,0.007,0,0,0
22-09-2019 22.00,527,8.461,0.007,0,0,0
22-09-2019 23.00,528,7.871,0.007,0,0,0
23-09-2019 0.00,529,7.481,0.007,0,0,0
23-09-2019 1.00,530,7.195,0.006,0,0,0
23-09-2019 2.00,531,6.916,0.006,0,0,0
23-09-2019 3.00,532,6.462,0.006,0,0,0
23-09-2019 4.00,533,5.731,0.006,0,0,0
23-09-2019 5.00,534,5.127,0.006,16.834,41.678,454.836
23-09-2019 6.00,535,8.12,0.006,133.396,247.434,2085.162
23-09-2019 7.00,536,11.629,0.007,308.044,464.608,3048.223
23-09-2019 8.00,537,14.904,0.007,466.945,650.565,3470.705
23-09-2019 9.00,538,17.313,0.007,590.157,792.612,3683.192
23-09-2019 10.00,539,18.692,0.007,664.965,881.057,3764.626
23-09-2019 11.00,540,19.555,0.007,684.945,909.841,3769.899
23-09-2019 12.00,541,19.966,0.007,643.831,876.973,3784.049
23-09-2019 13.00,542,19.944,0.007,555.681,784.672,3667.306
23-09-2019 14.00,543,19.515,0.008,431.993,639.23,3386.068
23-09-2019 15.00,544,18.508,0.008,280.454,450.511,2796.334
23-09-2019 16.00,545,16.615,0.008,121.014,231.359,1593.31
23-09-2019 17.00,546,14.449,0.008,12.217,32.875,51.628
23-09-2019 18.00,547,13.842,0.007,0,0,0
23-09-2019 19.00,548,12.828,0.007,0,0,0
23-09-2019 20.00,549,10.996,0.007,0,0,0
23-09-2019 21.00,550,8.835,0.007,0,0,0
23-09-2019 22.00,551,7.179,0.006,0,0,0
23-09-2019 23.00,552,5.824,0.006,0,0,0
24-09-2019 0.00,553,4.669,0.006,0,0,0
24-09-2019 1.00,554,3.792,0.006,0,0,0
24-09-2019 2.00,555,3.233,0.006,0,0,0
24-09-2019 3.00,556,2.728,0.006,0,0,0
24-09-2019 4.00,557,2.311,0.005,0,0,0
24-09-2019 5.00,558,2.272,0.005,14.71,38.063,367.187
24-09-2019 6.00,559,4.952,0.005,129.603,240.782,1966.937
24-09-2019 7.00,560,8.032,0.005,312.132,458.078,3100.504
24-09-2019 8.00,561,10.976,0.005,473.559,644.148,3609.26
24-09-2019 9.00,562,12.381,0.005,599.801,786.277,3849.131
24-09-2019 10.00,563,13.109,0.005,677.596,874.759,3903.246
24-09-2019 11.00,564,13.445,0.005,697.922,903.551,3870.217
24-09-2019 12.00,565,13.565,0.004,664.595,870.668,3901.87
24-09-2019 13.00,566,13.435,0.004,582.714,778.324,3830.738
24-09-2019 14.00,567,12.958,0.004,456.08,632.797,3587.783
24-09-2019 15.00,568,12.045,0.005,297.824,443.958,3144.335
24-09-2019 16.00,569,10.226,0.005,128.51,224.69,2132.704
24-09-2019 17.00,570,7.005,0.005,12.007,29.625,109.851
24-09-2019 18.00,571,5.728,0.005,0,0,0
24-09-2019 19.00,572,4.828,0.005,0,0,0
24-09-2019 20.00,573,3.98,0.005,0,0,0
24-09-2019 21.00,574,3.285,0.005,0,0,0
24-09-2019 22.00,575,3.383,0.004,0,0,0
24-09-2019 23.00,576,3.836,0.004,0,0,0
25-09-2019 0.00,577,4.139,0.004,0,0,0
25-09-2019 1.00,578,4.211,0.004,0,0,0
25-09-2019 2.00,579,4.078,0.004,0,0,0
25-09-2019 3.00,580,3.645,0.004,0,0,0
25-09-2019 4.00,581,3.056,0.004,0,0,0
25-09-2019 5.00,582,2.493,0.004,14.263,34.636,336.63
25-09-2019 6.00,583,4.705,0.005,135.747,234.105,2022.827
25-09-2019 7.00,584,8.437,0.005,306.366,451.526,3054.918
25-09-2019 8.00,585,11.754,0.005,462.663,637.686,3520.814
25-09-2019 9.00,586,14.136,0.005,584.966,779.888,3745.457
25-09-2019 10.00,587,15.758,0.005,660.996,868.42,3824.173
25-09-2019 11.00,588,16.932,0.005,684.986,897.229,3839.906
25-09-2019 12.00,589,17.566,0.006,653.979,864.318,3859.033
25-09-2019 13.00,590,17.743,0.006,571.406,771.927,3753.082
25-09-2019 14.00,591,17.458,0.006,445.24,626.318,3520.249
25-09-2019 15.00,592,17.03,0.007,287.703,437.386,3044.799
25-09-2019 16.00,593,15.23,0.008,120.94,217.999,2041.215
25-09-2019 17.00,594,13.831,0.006,10.335,26.565,78.465
25-09-2019 18.00,595,13.03,0.006,0,0,0
25-09-2019 19.00,596,12.433,0.006,0,0,0
25-09-2019 20.00,597,11.906,0.006,0,0,0
25-09-2019 21.00,598,11.323,0.006,0,0,0
25-09-2019 22.00,599,10.364,0.006,0,0,0
25-09-2019 23.00,600,8.68,0.006,0,0,0
26-09-2019 0.00,601,6.896,0.006,0,0,0
26-09-2019 1.00,602,5.595,0.006,0,0,0
26-09-2019 2.00,603,4.699,0.005,0,0,0
26-09-2019 3.00,604,3.983,0.005,0,0,0
26-09-2019 4.00,605,3.601,0.005,0,0,0
26-09-2019 5.00,606,3.519,0.005,12.98,31.4,283.86
26-09-2019 6.00,607,6.604,0.006,129.06,227.41,1984.257
26-09-2019 7.00,608,9.534,0.006,297.012,444.931,3046.425
26-09-2019 8.00,609,12.861,0.006,454.872,631.178,3518.821
26-09-2019 9.00,610,15.466,0.006,577.645,773.465,3744.067
26-09-2019 10.00,611,17.545,0.007,654.459,862.036,3818.283
26-09-2019 11.00,612,19.191,0.007,680.675,890.854,3794.377
26-09-2019 12.00,613,20.369,0.007,649.991,857.934,3807.134
26-09-2019 13.00,614,20.851,0.007,566.922,765.483,3696.08
26-09-2019 14.00,615,20.617,0.008,439.893,619.805,3469.074
26-09-2019 15.00,616,21.451,0.008,280.962,430.78,2974.95
26-09-2019 16.00,617,19.193,0.009,114.39,211.292,1992.009
26-09-2019 17.00,618,16.452,0.008,8.568,23.693,59.901
26-09-2019 18.00,619,14.522,0.008,0,0,0
26-09-2019 19.00,620,13.215,0.008,0,0,0
26-09-2019 20.00,621,12.222,0.007,0,0,0
26-09-2019 21.00,622,11.239,0.007,0,0,0
26-09-2019 22.00,623,10.19,0.007,0,0,0
26-09-2019 23.00,624,9.358,0.007,0,0,0
27-09-2019 0.00,625,8.906,0.007,0,0,0
27-09-2019 1.00,626,8.718,0.007,0,0,0
27-09-2019 2.00,627,8.489,0.007,0,0,0
27-09-2019 3.00,628,8.183,0.007,0,0,0
27-09-2019 4.00,629,7.88,0.007,0,0,0
27-09-2019 5.00,630,7.595,0.007,10.2,28.355,109.773
27-09-2019 6.00,631,10.434,0.008,103.743,220.692,1289.186
27-09-2019 7.00,632,13.766,0.008,254.582,438.309,2455.079
27-09-2019 8.00,633,16.808,0.009,406.46,624.65,3011.223
27-09-2019 9.00,634,19.737,0.009,528.616,766.981,3320.784
27-09-2019 10.00,635,21.639,0.009,603.425,855.599,3460.61
27-09-2019 11.00,636,22.716,0.01,624.72,884.417,3455.375
27-09-2019 12.00,637,22.958,0.01,592.73,851.5,3191.925
27-09-2019 13.00,638,22.676,0.01,513.746,759.013,2995.734
27-09-2019 14.00,639,21.918,0.011,398.516,613.251,2547.82
27-09-2019 15.00,640,20.696,0.011,254.617,424.152,2033.968
27-09-2019 16.00,641,18.663,0.011,102.062,204.569,1249.26
27-09-2019 17.00,642,16.064,0.01,7.115,21.01,16.358
27-09-2019 18.00,643,15.04,0.01,0,0,0
27-09-2019 19.00,644,14.399,0.01,0,0,0
27-09-2019 20.00,645,13.526,0.01,0,0,0
27-09-2019 21.00,646,12.697,0.01,0,0,0
27-09-2019 22.00,647,11.871,0.009,0,0,0
27-09-2019 23.00,648,11.249,0.009,0,0,0
28-09-2019 0.00,649,10.839,0.009,0,0,0
28-09-2019 1.00,650,10.585,0.009,0,0,0
28-09-2019 2.00,651,10.337,0.009,0,0,0
28-09-2019 3.00,652,10.219,0.008,0,0,0
28-09-2019 4.00,653,10.183,0.008,0,0,0
28-09-2019 5.00,654,10.345,0.008,8.573,25.5,29.491
28-09-2019 6.00,655,12.189,0.008,97.161,213.966,502.387
28-09-2019 7.00,656,14.442,0.009,245.393,431.673,1496.986
28-09-2019 8.00,657,17.035,0.009,389.98,618.074,2342.608
28-09-2019 9.00,658,19.083,0.009,498.088,760.469,2925.395
28-09-2019 10.00,659,20.223,0.01,564.079,849.116,3418.013
28-09-2019 11.00,660,21.064,0.01,591.584,877.945,3631.766
28-09-2019 12.00,661,21.489,0.01,562.249,844.999,3617.973
28-09-2019 13.00,662,21.53,0.01,484.973,752.477,3457.507
28-09-2019 14.00,663,21.141,0.01,371.877,606.672,3220.325
28-09-2019 15.00,664,20.155,0.01,229.741,417.493,2612.028
28-09-2019 16.00,665,18.222,0.01,90.142,197.84,1427.518
28-09-2019 17.00,666,16.141,0.01,5.858,18.515,10.453
28-09-2019 18.00,667,15.145,0.009,0,0,0
28-09-2019 19.00,668,14.454,0.009,0,0,0
28-09-2019 20.00,669,14.202,0.009,0,0,0
28-09-2019 21.00,670,14.212,0.009,0,0,0
28-09-2019 22.00,671,13.985,0.008,0,0,0
28-09-2019 23.00,672,13.641,0.008,0,0,0
29-09-2019 0.00,673,12.855,0.008,0,0,0
29-09-2019 1.00,674,12.34,0.007,0,0,0
29-09-2019 2.00,675,11.769,0.007,0,0,0
29-09-2019 3.00,676,11.158,0.007,0,0,0
29-09-2019 4.00,677,10.537,0.007,0,0,0
29-09-2019 5.00,678,9.972,0.006,7.385,22.838,12.654
29-09-2019 6.00,679,9.728,0.006,105.526,207.223,778.897
29-09-2019 7.00,680,10.265,0.006,272.015,425.007,2507.547
29-09-2019 8.00,681,11.717,0.006,434.956,611.472,3534.448
29-09-2019 9.00,682,13.127,0.005,561.256,753.926,3826.453
29-09-2019 10.00,683,14.064,0.005,635.202,842.597,3946.472
29-09-2019 11.00,684,14.585,0.005,647.792,871.44,3957.249
29-09-2019 12.00,685,14.795,0.005,598.881,838.481,3945.904
29-09-2019 13.00,686,14.551,0.005,504.592,745.913,3637.499
29-09-2019 14.00,687,13.858,0.005,376.842,600.064,3272.932
29-09-2019 15.00,688,12.495,0.005,227.426,410.815,1794.016
29-09-2019 16.00,689,10.259,0.006,84.414,191.105,277.331
29-09-2019 17.00,690,8.238,0.006,5.347,16.204,0
29-09-2019 18.00,691,7.83,0.005,0,0,0
29-09-2019 19.00,692,7.439,0.005,0,0,0
29-09-2019 20.00,693,7.082,0.005,0,0,0
29-09-2019 21.00,694,6.242,0.005,0,0,0
29-09-2019 22.00,695,4.902,0.005,0,0,0
29-09-2019 23.00,696,4.004,0.005,0,0,0
30-09-2019 0.00,697,3.642,0.004,0,0,0
30-09-2019 1.00,698,3.116,0.004,0,0,0
30-09-2019 2.00,699,2.527,0.004,0,0,0
30-09-2019 3.00,700,1.86,0.004,0,0,0
30-09-2019 4.00,701,1.137,0.004,0,0,0
30-09-2019 5.00,702,0.87,0.005,6.893,20.366,143.893
30-09-2019 6.00,703,3.623,0.005,84.046,200.474,1893.399
30-09-2019 7.00,704,6.631,0.005,205.951,418.311,2953.939
30-09-2019 8.00,705,9.84,0.005,319.296,604.846,2758.971
30-09-2019 9.00,706,12.168,0.006,394.908,747.334,2188.104
30-09-2019 10.00,707,13.993,0.006,436.374,836.03,2405.635
30-09-2019 11.00,708,14.921,0.006,449.482,864.883,2019.402
30-09-2019 12.00,709,14.789,0.007,419.58,831.905,824.244
30-09-2019 13.00,710,14.245,0.007,352.09,739.323,382.874
30-09-2019 14.00,711,14.048,0.008,260.97,593.416,349.997
30-09-2019 15.00,712,14.218,0.009,158.713,404.114,328.201
30-09-2019 16.00,713,13.056,0.009,59.42,184.374,109.836
30-09-2019 17.00,714,12.218,0.008,3.223,14.074,0
30-09-2019 18.00,715,12.694,0.008,0,0,0
30-09-2019 19.00,716,13.521,0.009,0,0,0
30-09-2019 20.00,717,13.58,0.009,0,0,0
30-09-2019 21.00,718,13.502,0.009,0,0,0
30-09-2019 22.00,719,14.525,0.009,0,0,0
30-09-2019 23.00,720,15.078,0.009,0,0,0
01-10-2019 0.00,721,14.932,0.009,0,0,0
01-10-2019 1.00,722,14.412,0.009,0,0,0
01-10-2019 2.00,723,13.775,0.009,0,0,0
01-10-2019 3.00,724,13.608,0.008,0,0,0
01-10-2019 4.00,725,13.588,0.008,0,0,0
01-10-2019 5.00,726,13.85,0.008,4.144,18.08,1.262
01-10-2019 6.00,727,14.483,0.009,64.748,193.726,276.79
01-10-2019 7.00,728,15.754,0.009,180.005,411.603,1182.288
01-10-2019 8.00,729,17.729,0.01,306.37,598.187,2169.255
01-10-2019 9.00,730,19.755,0.01,427.706,740.704,2659.851
01-10-2019 10.00,731,21.223,0.01,518.231,829.433,2686.627
01-10-2019 11.00,732,22.137,0.011,553.894,858.285,2852.122
01-10-2019 12.00,733,22.637,0.011,534.224,825.306,2733.41
01-10-2019 13.00,734,22.764,0.011,460.373,732.681,2497.004
01-10-2019 14.00,735,22.514,0.012,346.339,586.744,2301.659
01-10-2019 15.00,736,21.542,0.012,205.956,397.4,1565.027
01-10-2019 16.00,737,19.737,0.012,70.554,177.649,613.821
01-10-2019 17.00,738,17.486,0.011,2.865,12.124,0
01-10-2019 18.00,739,16.426,0.011,0,0,0
01-10-2019 19.00,740,16.063,0.011,0,0,0
01-10-2019 20.00,741,15.742,0.011,0,0,0
01-10-2019 21.00,742,15.535,0.01,0,0,0
01-10-2019 22.00,743,15.178,0.01,0,0,0
01-10-2019 23.00,744,14.66,0.01,0,0,0
02-10-2019 0.00,745,14.181,0.01,0,0,0
02-10-2019 1.00,746,13.828,0.009,0,0,0
02-10-2019 2.00,747,13.583,0.009,0,0,0
02-10-2019 3.00,748,13.282,0.009,0,0,0
02-10-2019 4.00,749,13.008,0.009,0,0,0
02-10-2019 5.00,750,12.75,0.008,4.642,15.975,4.762
02-10-2019 6.00,751,13.841,0.008,70.416,186.981,514.047
02-10-2019 7.00,752,15.601,0.009,193.073,404.881,1618.987
02-10-2019 8.00,753,18.081,0.009,323.802,591.504,2267.09
02-10-2019 9.00,754,20.027,0.009,426.102,734.05,2693.839
02-10-2019 10.00,755,21.246,0.009,497.112,822.791,2884.917
02-10-2019 11.00,756,21.995,0.008,514.521,851.661,2936.59
02-10-2019 12.00,757,22.418,0.008,489.13,818.656,2710.255
02-10-2019 13.00,758,22.445,0.008,422.861,726.028,2367.551
02-10-2019 14.00,759,21.915,0.008,314.008,580.051,1690.066
02-10-2019 15.00,760,20.733,0.009,179.518,390.668,612.689
02-10-2019 16.00,761,18.587,0.009,58.789,170.94,132.815
02-10-2019 17.00,762,16.496,0.008,2.357,10.348,0
02-10-2019 18.00,763,15.309,0.008,0,0,0
02-10-2019 19.00,764,13.186,0.007,0,0,0
02-10-2019 20.00,765,11.236,0.007,0,0,0
02-10-2019 21.00,766,9.687,0.007,0,0,0
02-10-2019 22.00,767,8.654,0.006,0,0,0
02-10-2019 23.00,768,7.797,0.006,0,0,0
03-10-2019 0.00,769,7.198,0.006,0,0,0
03-10-2019 1.00,770,6.773,0.006,0,0,0
03-10-2019 2.00,771,6.448,0.006,0,0,0
03-10-2019 3.00,772,6.179,0.005,0,0,0
03-10-2019 4.00,773,5.902,0.005,0,0,0
03-10-2019 5.00,774,5.723,0.005,2.401,14.048,0
03-10-2019 6.00,775,5.596,0.005,42.132,180.249,20.974
03-10-2019 7.00,776,5.122,0.005,123.499,398.14,94.891
03-10-2019 8.00,777,4.496,0.005,203.327,584.79,160.904
03-10-2019 9.00,778,4.148,0.005,268.478,727.365,393.699
03-10-2019 10.00,779,4.507,0.005,318.889,816.116,581.311
03-10-2019 11.00,780,4.619,0.005,348.438,844.987,681.807
03-10-2019 12.00,781,4.337,0.005,355.389,811.977,509.928
03-10-2019 13.00,782,4.368,0.005,321.045,719.329,505.188
03-10-2019 14.00,783,4.553,0.005,250.773,573.342,423.029
03-10-2019 15.00,784,4.709,0.005,153.391,383.912,273.799
03-10-2019 16.00,785,4.505,0.005,56.753,164.252,81.998
03-10-2019 17.00,786,3.926,0.005,2.572,8.744,0
03-10-2019 18.00,787,3.461,0.004,0,0,0
03-10-2019 19.00,788,2.919,0.004,0,0,0
03-10-2019 20.00,789,2.156,0.004,0,0,0
03-10-2019 21.00,790,1.575,0.004,0,0,0
03-10-2019 22.00,791,1.419,0.004,0,0,0
03-10-2019 23.00,792,1.329,0.004,0,0,0
04-10-2019 0.00,793,0.876,0.004,0,0,0
04-10-2019 1.00,794,0.297,0.004,0,0,0
04-10-2019 2.00,795,-0.217,0.004,0,0,0
04-10-2019 3.00,796,-0.722,0.004,0,0,0
04-10-2019 4.00,797,-0.875,0.004,0,0,0
04-10-2019 5.00,798,-0.92,0.003,2.856,12.291,0
04-10-2019 6.00,799,-0.53,0.003,62.323,173.543,110.249
04-10-2019 7.00,800,0.504,0.003,177.947,391.378,314.171
04-10-2019 8.00,801,1.864,0.003,297.091,578.057,645.072
04-10-2019 9.00,802,3.699,0.003,401.662,720.642,1347.551
04-10-2019 10.00,803,6.125,0.003,470.109,809.421,3337.056
04-10-2019 11.00,804,7.892,0.003,497.407,838.288,4031.725
04-10-2019 12.00,805,8.884,0.003,486.255,805.279,4054.66
04-10-2019 13.00,806,9.213,0.003,433.502,712.613,3952.74
04-10-2019 14.00,807,8.915,0.003,343.75,566.61,3684.943
04-10-2019 15.00,808,7.978,0.003,220.206,377.154,3217.622
04-10-2019 16.00,809,5.057,0.004,80.187,157.586,2184.049
04-10-2019 17.00,810,1.394,0.004,2.668,7.306,0
04-10-2019 18.00,811,0.322,0.003,0,0,0
04-10-2019 19.00,812,-0.428,0.003,0,0,0
04-10-2019 20.00,813,-1.273,0.003,0,0,0
04-10-2019 21.00,814,-2.088,0.003,0,0,0
04-10-2019 22.00,815,-2.819,0.003,0,0,0
04-10-2019 23.00,816,-3.399,0.003,0,0,0
05-10-2019 0.00,817,-3.818,0.003,0,0,0
05-10-2019 1.00,818,-4.164,0.003,0,0,0
05-10-2019 2.00,819,-4.4,0.003,0,0,0
05-10-2019 3.00,820,-4.507,0.003,0,0,0
05-10-2019 4.00,821,-4.468,0.003,0,0,0
05-10-2019 5.00,822,-4.24,0.003,4.012,10.698,27.552
05-10-2019 6.00,823,-1.531,0.003,91.418,166.864,1514.228
05-10-2019 7.00,824,1.751,0.003,257.365,384.607,2860.741
05-10-2019 8.00,825,5.121,0.003,412.867,571.308,3524.566
05-10-2019 9.00,826,7.224,0.003,534.304,713.909,3878.577
05-10-2019 10.00,827,8.477,0.003,608.52,802.676,4011.399
05-10-2019 11.00,828,9.287,0.003,630.846,831.544,4018.73
05-10-2019 12.00,829,9.684,0.003,602.233,798.539,4054.849
05-10-2019 13.00,830,9.709,0.003,522.753,705.867,3952.978
05-10-2019 14.00,831,9.317,0.003,395.489,559.832,3694.847
05-10-2019 15.00,832,8.382,0.004,237.396,370.379,3160.599
05-10-2019 16.00,833,5.177,0.005,78.529,150.959,2744.645
05-10-2019 17.00,834,1.792,0.004,2.047,6.03,0
05-10-2019 18.00,835,0.89,0.004,0,0,0
05-10-2019 19.00,836,0.351,0.004,0,0,0
05-10-2019 20.00,837,-0.14,0.004,0,0,0
05-10-2019 21.00,838,-0.592,0.004,0,0,0
05-10-2019 22.00,839,-0.931,0.004,0,0,0
05-10-2019 23.00,840,-1.26,0.004,0,0,0
06-10-2019 0.00,841,-1.638,0.004,0,0,0
06-10-2019 1.00,842,-2.005,0.004,0,0,0
06-10-2019 2.00,843,-2.242,0.004,0,0,0
06-10-2019 3.00,844,-2.406,0.003,0,0,0
06-10-2019 4.00,845,-2.63,0.003,0,0,0
06-10-2019 5.00,846,-2.744,0.003,3.228,9.26,6.121
06-10-2019 6.00,847,-0.556,0.004,82.53,160.229,1443.713
06-10-2019 7.00,848,2.429,0.004,237.865,377.833,2824.728
06-10-2019 8.00,849,5.926,0.004,386.116,564.532,3439.265
06-10-2019 9.00,850,8.657,0.004,498.637,707.153,3740.516
06-10-2019 10.00,851,10.481,0.004,566.349,795.924,3875.192
06-10-2019 11.00,852,11.567,0.004,584.94,824.791,3902.414
06-10-2019 12.00,853,12.152,0.004,553.056,791.779,3902.903
06-10-2019 13.00,854,12.287,0.004,473.083,699.106,3762.221
06-10-2019 14.00,855,11.956,0.004,353.426,553.049,3476.696
06-10-2019 15.00,856,10.926,0.005,204.981,363.596,2853.9
06-10-2019 16.00,857,8.422,0.005,61.271,144.373,2196.99
06-10-2019 17.00,858,5.995,0.005,1.309,4.909,0
06-10-2019 18.00,859,5.122,0.005,0,0,0
06-10-2019 19.00,860,4.429,0.005,0,0,0
06-10-2019 20.00,861,3.469,0.005,0,0,0
06-10-2019 21.00,862,3.192,0.005,0,0,0
06-10-2019 22.00,863,3.039,0.005,0,0,0
06-10-2019 23.00,864,2.765,0.005,0,0,0
07-10-2019 0.00,865,2.423,0.004,0,0,0
07-10-2019 1.00,866,2.139,0.004,0,0,0
07-10-2019 2.00,867,1.811,0.004,0,0,0
07-10-2019 3.00,868,1.49,0.004,0,0,0
07-10-2019 4.00,869,1.29,0.004,0,0,0
07-10-2019 5.00,870,0.814,0.004,2.135,7.967,0
07-10-2019 6.00,871,2.07,0.004,61.491,153.643,1283.16
07-10-2019 7.00,872,4.659,0.004,194.118,371.042,2691.849
07-10-2019 8.00,873,7.962,0.005,322.939,557.744,3225.196
07-10-2019 9.00,874,10.701,0.005,422.725,700.352,3545.816
07-10-2019 10.00,875,12.671,0.005,480.811,789.131,3691.234
07-10-2019 11.00,876,13.813,0.005,489.889,817.998,3719.428
07-10-2019 12.00,877,14.295,0.005,451.503,784.974,3654.561
07-10-2019 13.00,878,14.302,0.005,377.222,692.307,3403.078
07-10-2019 14.00,879,13.8,0.005,271.356,546.267,2897.35
07-10-2019 15.00,880,12.607,0.006,151.031,356.807,1879.179
07-10-2019 16.00,881,10.539,0.006,43.215,137.84,773.127
07-10-2019 17.00,882,8.828,0.006,0.741,3.934,0
07-10-2019 18.00,883,8.429,0.006,0,0,0
07-10-2019 19.00,884,7.477,0.005,0,0,0
07-10-2019 20.00,885,6.671,0.005,0,0,0
07-10-2019 21.00,886,5.988,0.005,0,0,0
07-10-2019 22.00,887,5.557,0.005,0,0,0
07-10-2019 23.00,888,4.979,0.005,0,0,0
08-10-2019 0.00,889,4.248,0.005,0,0,0
08-10-2019 1.00,890,3.753,0.005,0,0,0
08-10-2019 2.00,891,3.42,0.005,0,0,0
08-10-2019 3.00,892,3.147,0.005,0,0,0
08-10-2019 4.00,893,2.911,0.005,0,0,0
08-10-2019 5.00,894,2.676,0.004,0.859,6.811,0
08-10-2019 6.00,895,2.561,0.004,37.928,147.128,19.942
08-10-2019 7.00,896,2.671,0.004,143.184,364.252,180.083
08-10-2019 8.00,897,3.038,0.004,269.048,550.938,385.196
08-10-2019 9.00,898,3.609,0.004,374.271,693.548,669.755
08-10-2019 10.00,899,4.648,0.004,439.497,782.309,1419.885
08-10-2019 11.00,900,5.797,0.004,463.993,811.181,2195.768
08-10-2019 12.00,901,6.587,0.004,451.656,778.162,2448.472
08-10-2019 13.00,902,6.847,0.004,393.386,685.498,2273.51
08-10-2019 14.00,903,6.888,0.004,299.503,539.47,2251.229
08-10-2019 15.00,904,6.486,0.004,179.907,350.017,1366.001
08-10-2019 16.00,905,5.384,0.004,56.974,131.368,1292.508
08-10-2019 17.00,906,3.751,0.004,0.786,3.098,0
08-10-2019 18.00,907,2.525,0.004,0,0,0
08-10-2019 19.00,908,1.381,0.004,0,0,0
08-10-2019 20.00,909,-0.36,0.004,0,0,0
08-10-2019 21.00,910,-1.057,0.004,0,0,0
08-10-2019 22.00,911,-1.456,0.004,0,0,0
08-10-2019 23.00,912,-1.811,0.004,0,0,0
09-10-2019 0.00,913,-2.053,0.004,0,0,0
09-10-2019 1.00,914,-2.171,0.004,0,0,0
09-10-2019 2.00,915,-2.328,0.004,0,0,0
09-10-2019 3.00,916,-2.473,0.004,0,0,0
09-10-2019 4.00,917,-2.423,0.004,0,0,0
09-10-2019 5.00,918,-2.303,0.004,2.008,5.779,0
09-10-2019 6.00,919,-0.255,0.004,66.887,140.682,968.886
09-10-2019 7.00,920,2.851,0.004,206.712,357.454,2307.946
09-10-2019 8.00,921,6.643,0.004,347.359,544.131,3129.916
09-10-2019 9.00,922,10.146,0.005,459.338,686.722,3491.78
09-10-2019 10.00,923,12.61,0.005,534.483,775.485,3650.812
09-10-2019 11.00,924,14.044,0.005,561.909,804.349,3700.409
09-10-2019 12.00,925,14.634,0.005,533.299,771.342,3676.87
09-10-2019 13.00,926,14.667,0.006,455.925,678.681,3509.573
09-10-2019 14.00,927,14.206,0.006,339.361,532.659,3132.222
09-10-2019 15.00,928,13.112,0.006,196.148,343.22,2397.488
09-10-2019 16.00,929,11.17,0.006,55.674,124.971,1351.826
09-10-2019 17.00,930,9.703,0.006,0.618,2.391,0
09-10-2019 18.00,931,9.394,0.006,0,0,0
09-10-2019 19.00,932,8.892,0.006,0,0,0
09-10-2019 20.00,933,8.409,0.006,0,0,0
09-10-2019 21.00,934,7.82,0.006,0,0,0
09-10-2019 22.00,935,7.31,0.006,0,0,0
09-10-2019 23.00,936,7.022,0.006,0,0,0
10-10-2019 0.00,937,6.974,0.005,0,0,0
10-10-2019 1.00,938,6.1,0.005,0,0,0
10-10-2019 2.00,939,5.72,0.005,0,0,0
10-10-2019 3.00,940,5.459,0.005,0,0,0
10-10-2019 4.00,941,5.562,0.005,0,0,0
10-10-2019 5.00,942,5.883,0.005,1.178,4.864,0
10-10-2019 6.00,943,6.52,0.005,47.481,134.331,84.509
10-10-2019 7.00,944,7.578,0.005,163.365,350.658,255.638
10-10-2019 8.00,945,8.797,0.005,286.949,537.31,493.94
10-10-2019 9.00,946,10.402,0.005,396.345,679.882,1654.794
10-10-2019 10.00,947,11.899,0.005,471.464,768.633,2507.596
10-10-2019 11.00,948,12.532,0.005,501.289,797.5,2608.668
10-10-2019 12.00,949,12.52,0.005,476.212,764.482,2551.725
10-10-2019 13.00,950,11.922,0.005,397.594,671.83,2168.789
10-10-2019 14.00,951,11.052,0.005,277.776,525.833,2416.305
10-10-2019 15.00,952,9.673,0.005,153.896,336.431,2103.968
10-10-2019 16.00,953,7.582,0.005,45.855,118.657,795.91
10-10-2019 17.00,954,4.74,0.005,0.489,1.806,0
10-10-2019 18.00,955,3.034,0.005,0,0,0
10-10-2019 19.00,956,1.717,0.005,0,0,0
10-10-2019 20.00,957,0.824,0.004,0,0,0
10-10-2019 21.00,958,-0.169,0.004,0,0,0
10-10-2019 22.00,959,-1.071,0.004,0,0,0
10-10-2019 23.00,960,-1.848,0.004,0,0,0
11-10-2019 0.00,961,-2.516,0.004,0,0,0
11-10-2019 1.00,962,-2.971,0.003,0,0,0
11-10-2019 2.00,963,-3.259,0.003,0,0,0
11-10-2019 3.00,964,-3.838,0.003,0,0,0
11-10-2019 4.00,965,-3.801,0.003,0,0,0
11-10-2019 5.00,966,-3.561,0.003,1.137,4.057,0
11-10-2019 6.00,967,-3.185,0.003,63.28,128.074,843.42
11-10-2019 7.00,968,-1.048,0.003,218.585,343.872,2747.202
11-10-2019 8.00,969,1.608,0.003,367.784,530.487,3577.382
11-10-2019 9.00,970,3.452,0.002,481.079,673.03,3909.418
11-10-2019 10.00,971,4.553,0.002,549.855,761.76,4085.31
11-10-2019 11.00,972,5.161,0.002,571.331,790.607,4161.526
11-10-2019 12.00,973,5.371,0.002,545.498,757.611,4178.348
11-10-2019 13.00,974,5.262,0.002,458.622,664.987,4070.975
11-10-2019 14.00,975,4.825,0.002,335.327,519.01,3784.708
11-10-2019 15.00,976,3.928,0.002,192.532,329.645,3120.988
11-10-2019 16.00,977,0.963,0.003,53.326,112.432,1831.068
11-10-2019 17.00,978,-1.601,0.003,0.366,1.331,0
11-10-2019 18.00,979,-1.843,0.003,0,0,0
11-10-2019 19.00,980,-2.463,0.003,0,0,0
11-10-2019 20.00,981,-2.93,0.003,0,0,0
11-10-2019 21.00,982,-3.426,0.003,0,0,0
11-10-2019 22.00,983,-3.923,0.002,0,0,0
11-10-2019 23.00,984,-4.484,0.002,0,0,0
12-10-2019 0.00,985,-5.036,0.002,0,0,0
12-10-2019 1.00,986,-5.359,0.002,0,0,0
12-10-2019 2.00,987,-5.436,0.002,0,0,0
12-10-2019 3.00,988,-5.348,0.002,0,0,0
12-10-2019 4.00,989,-5.164,0.002,0,0,0
12-10-2019 5.00,990,-4.799,0.002,1.171,3.349,0
12-10-2019 6.00,991,-3.341,0.002,66.239,121.925,1472.177
12-10-2019 7.00,992,-0.183,0.002,226.543,337.076,3026.05
12-10-2019 8.00,993,2.396,0.002,385.908,523.655,3712.957
12-10-2019 9.00,994,3.952,0.002,509.439,666.174,4035.915
12-10-2019 10.00,995,5.072,0.002,583.347,754.881,4188.333
12-10-2019 11.00,996,5.713,0.002,602.986,783.715,4234.74
12-10-2019 12.00,997,5.828,0.002,570.004,750.748,4238.193
12-10-2019 13.00,998,5.5,0.002,486.249,658.107,4145.458
12-10-2019 14.00,999,4.704,0.002,355.283,512.185,3933.877
12-10-2019 15.00,1000,3.218,0.002,200.941,322.855,3422.733
12-10-2019 16.00,1001,-0.97,0.003,52.599,106.32,1953.53
12-10-2019 17.00,1002,-3.879,0.002,0.27,0.956,0
12-10-2019 18.00,1003,-4.585,0.002,0,0,0
12-10-2019 19.00,1004,-4.973,0.002,0,0,0
12-10-2019 20.00,1005,-5.122,0.002,0,0,0
12-10-2019 21.00,1006,-5.436,0.002,0,0,0
12-10-2019 22.00,1007,-5.65,0.002,0,0,0
12-10-2019 23.00,1008,-5.768,0.002,0,0,0
13-10-2019 0.00,1009,-5.886,0.002,0,0,0
13-10-2019 1.00,1010,-5.952,0.002,0,0,0
13-10-2019 2.00,1011,-5.956,0.002,0,0,0
13-10-2019 3.00,1012,-5.925,0.002,0,0,0
13-10-2019 4.00,1013,-5.844,0.002,0,0,0
13-10-2019 5.00,1014,-5.726,0.002,0.932,2.735,0
13-10-2019 6.00,1015,-4.195,0.002,57.307,115.886,1329.54
13-10-2019 7.00,1016,-1.232,0.002,197.285,330.29,2892.804
13-10-2019 8.00,1017,1.148,0.002,339.633,516.826,3648.898
13-10-2019 9.00,1018,2.699,0.002,452.599,659.301,3992.602
13-10-2019 10.00,1019,3.826,0.002,522.156,747.999,4158.226
13-10-2019 11.00,1020,4.489,0.002,542.241,776.838,4225.345
13-10-2019 12.00,1021,4.699,0.002,509.385,743.848,4223.997
13-10-2019 13.00,1022,4.477,0.002,428.111,651.249,4126.611
13-10-2019 14.00,1023,3.768,0.002,310.414,505.354,3908.818
13-10-2019 15.00,1024,2.336,0.002,170.844,316.077,3408.783
13-10-2019 16.00,1025,-1.753,0.003,43.538,100.328,1878.024
13-10-2019 17.00,1026,-4.048,0.003,0.182,0.665,0
13-10-2019 18.00,1027,-4.363,0.002,0,0,0
13-10-2019 19.00,1028,-4.537,0.002,0,0,0
13-10-2019 20.00,1029,-4.73,0.002,0,0,0
13-10-2019 21.00,1030,-4.768,0.002,0,0,0
13-10-2019 22.00,1031,-4.852,0.002,0,0,0
13-10-2019 23.00,1032,-4.925,0.002,0,0,0
14-10-2019 0.00,1033,-4.96,0.002,0,0,0
14-10-2019 1.00,1034,-4.916,0.002,0,0,0
14-10-2019 2.00,1035,-4.921,0.002,0,0,0
14-10-2019 3.00,1036,-4.943,0.002,0,0,0
14-10-2019 4.00,1037,-4.848,0.002,0,0,0
14-10-2019 5.00,1038,-4.59,0.002,0.74,2.205,0
14-10-2019 6.00,1039,-3.69,0.002,58.276,109.973,1048.934
14-10-2019 7.00,1040,-1.533,0.002,213.492,323.516,2839.625
14-10-2019 8.00,1041,0.212,0.002,371.944,509.997,3559.992
14-10-2019 9.00,1042,1.328,0.002,498.189,652.431,3934.342
14-10-2019 10.00,1043,2.018,0.002,570.129,741.09,4055.44
14-10-2019 11.00,1044,2.354,0.002,583.355,769.934,4014.404
14-10-2019 12.00,1045,2.369,0.002,549.221,736.938,3849.212
14-10-2019 13.00,1046,2.107,0.002,466.673,644.384,3374.743
14-10-2019 14.00,1047,1.674,0.002,341.988,498.526,2910.857
14-10-2019 15.00,1048,0.959,0.002,190.097,309.306,2677.073
14-10-2019 16.00,1049,-0.848,0.002,45.688,94.47,1590.394
14-10-2019 17.00,1050,-2.589,0.002,0.118,0.447,0
14-10-2019 18.00,1051,-3.175,0.002,0,0,0
14-10-2019 19.00,1052,-3.735,0.002,0,0,0
14-10-2019 20.00,1053,-3.987,0.002,0,0,0
14-10-2019 21.00,1054,-4.214,0.002,0,0,0
14-10-2019 22.00,1055,-4.346,0.002,0,0,0
14-10-2019 23.00,1056,-4.439,0.002,0,0,0
15-10-2019 0.00,1057,-4.543,0.002,0,0,0
15-10-2019 1.00,1058,-4.522,0.002,0,0,0
15-10-2019 2.00,1059,-4.43,0.002,0,0,0
15-10-2019 3.00,1060,-4.595,0.002,0,0,0
15-10-2019 4.00,1061,-5.024,0.002,0,0,0
15-10-2019 5.00,1062,-5.288,0.002,0.575,1.754,0
15-10-2019 6.00,1063,-4.731,0.002,50.86,104.187,1082.246
15-10-2019 7.00,1064,-2.53,0.002,177.601,316.751,2695.975
15-10-2019 8.00,1065,0.243,0.003,294.951,503.166,3056.228
15-10-2019 9.00,1066,2.238,0.003,380.015,645.553,2108.116
15-10-2019 10.00,1067,2.86,0.003,429.713,734.184,909.61
15-10-2019 11.00,1068,3.106,0.003,438.124,763.013,775.729
15-10-2019 12.00,1069,3.284,0.003,403.622,730.04,659.844
15-10-2019 13.00,1070,3.395,0.003,329.47,637.511,603.343
15-10-2019 14.00,1071,3.428,0.003,229.129,491.701,607.994
15-10-2019 15.00,1072,3.076,0.003,127.378,302.55,677.859
15-10-2019 16.00,1073,1.7,0.003,32.301,88.761,346.608
15-10-2019 17.00,1074,-0.079,0.003,0.068,0.287,0
15-10-2019 18.00,1075,-0.459,0.003,0,0,0
15-10-2019 19.00,1076,-1.365,0.003,0,0,0
15-10-2019 20.00,1077,-2.255,0.003,0,0,0
15-10-2019 21.00,1078,-2.422,0.003,0,0,0
15-10-2019 22.00,1079,-2.467,0.003,0,0,0
15-10-2019 23.00,1080,-2.598,0.003,0,0,0
16-10-2019 0.00,1081,-2.879,0.003,0,0,0
16-10-2019 1.00,1082,-3.174,0.003,0,0,0
16-10-2019 2.00,1083,-3.191,0.003,0,0,0
16-10-2019 3.00,1084,-3.194,0.003,0,0,0
16-10-2019 4.00,1085,-3.507,0.003,0,0,0
16-10-2019 5.00,1086,-3.48,0.003,0.322,1.373,0
16-10-2019 6.00,1087,-2.928,0.003,43.39,98.542,702.278
16-10-2019 7.00,1088,-0.336,0.003,189.899,310.002,2400.61
16-10-2019 8.00,1089,2.805,0.003,344.004,496.353,3372.174
16-10-2019 9.00,1090,4.891,0.003,466.701,638.668,3721.645
16-10-2019 10.00,1091,6.006,0.003,541.922,727.276,3897.979
16-10-2019 11.00,1092,6.722,0.003,564.48,756.088,3966.563
16-10-2019 12.00,1093,7.034,0.003,534.241,723.142,3966.877
16-10-2019 13.00,1094,6.897,0.003,448.676,630.646,3746.753
16-10-2019 14.00,1095,5.921,0.004,319.601,484.892,2183.325
16-10-2019 15.00,1096,3.447,0.004,170.734,295.811,796.491
16-10-2019 16.00,1097,0.947,0.004,37.306,83.211,188.431
16-10-2019 17.00,1098,0.442,0.004,0.043,0.176,0
16-10-2019 18.00,1099,0.514,0.003,0,0,0
16-10-2019 19.00,1100,0.378,0.003,0,0,0
16-10-2019 20.00,1101,0.246,0.003,0,0,0
16-10-2019 21.00,1102,-0.013,0.003,0,0,0
16-10-2019 22.00,1103,-0.473,0.003,0,0,0
16-10-2019 23.00,1104,-0.89,0.003,0,0,0
17-10-2019 0.00,1105,-1.181,0.003,0,0,0
17-10-2019 1.00,1106,-1.331,0.003,0,0,0
17-10-2019 2.00,1107,-1.431,0.003,0,0,0
17-10-2019 3.00,1108,-1.392,0.003,0,0,0
17-10-2019 4.00,1109,-1.285,0.003,0,0,0
17-10-2019 5.00,1110,-1.111,0.003,0.28,1.056,0
17-10-2019 6.00,1111,-0.181,0.003,44.506,93.043,796.628
17-10-2019 7.00,1112,2.661,0.004,189.996,303.267,2347.397
17-10-2019 8.00,1113,5.265,0.004,342.105,489.533,3185.333
17-10-2019 9.00,1114,8.092,0.004,464.217,631.813,3551.918
17-10-2019 10.00,1115,9.741,0.004,542.054,720.368,3731.708
17-10-2019 11.00,1116,10.756,0.004,566.505,749.175,3813.661
17-10-2019 12.00,1117,11.167,0.004,535.79,716.222,3818.979
17-10-2019 13.00,1118,11.154,0.004,453.338,623.761,3712.297
17-10-2019 14.00,1119,10.238,0.004,327.514,478.09,3414.891
17-10-2019 15.00,1120,8.915,0.005,175.177,289.092,2804.316
17-10-2019 16.00,1121,7.466,0.004,35.45,77.833,984.947
17-10-2019 17.00,1122,6.73,0.004,0.023,0.101,0
17-10-2019 18.00,1123,6.134,0.004,0,0,0
17-10-2019 19.00,1124,5.275,0.004,0,0,0
17-10-2019 20.00,1125,4.46,0.004,0,0,0
17-10-2019 21.00,1126,3.711,0.004,0,0,0
17-10-2019 22.00,1127,3.163,0.004,0,0,0
17-10-2019 23.00,1128,2.524,0.004,0,0,0
18-10-2019 0.00,1129,1.935,0.004,0,0,0
18-10-2019 1.00,1130,1.543,0.004,0,0,0
18-10-2019 2.00,1131,1.194,0.004,0,0,0
18-10-2019 3.00,1132,0.844,0.004,0,0,0
18-10-2019 4.00,1133,0.433,0.004,0,0,0
18-10-2019 5.00,1134,0.205,0.003,0.228,0.795,0
18-10-2019 6.00,1135,0.637,0.004,39.351,87.696,883.476
18-10-2019 7.00,1136,3.856,0.004,161.302,296.55,2478.957
18-10-2019 8.00,1137,6.717,0.004,302.62,482.735,3131.726
18-10-2019 9.00,1138,9.346,0.004,419.509,624.94,3429.157
18-10-2019 10.00,1139,11.068,0.004,490.454,713.468,3620.667
18-10-2019 11.00,1140,11.873,0.004,506.45,742.25,3609.545
18-10-2019 12.00,1141,11.945,0.004,470.743,709.314,2992.474
18-10-2019 13.00,1142,11.521,0.005,386.169,616.9,2204.025
18-10-2019 14.00,1143,10.46,0.005,269.305,471.294,1564.274
18-10-2019 15.00,1144,7.988,0.006,136.958,282.382,1056.159
18-10-2019 16.00,1145,4.918,0.005,25.719,72.637,271.398
18-10-2019 17.00,1146,3.217,0.005,0.006,0.054,0
18-10-2019 18.00,1147,2.651,0.005,0,0,0
18-10-2019 19.00,1148,2.465,0.005,0,0,0
18-10-2019 20.00,1149,2.508,0.004,0,0,0
18-10-2019 21.00,1150,2.701,0.004,0,0,0
18-10-2019 22.00,1151,3.109,0.004,0,0,0
18-10-2019 23.00,1152,3.469,0.004,0,0,0
19-10-2019 0.00,1153,3.714,0.004,0,0,0
19-10-2019 1.00,1154,3.938,0.004,0,0,0
19-10-2019 2.00,1155,4.122,0.004,0,0,0
19-10-2019 3.00,1156,4.24,0.004,0,0,0
19-10-2019 4.00,1157,4.297,0.004,0,0,0
19-10-2019 5.00,1158,4.377,0.004,0.115,0.583,0
19-10-2019 6.00,1159,4.547,0.004,23.305,82.508,153.632
19-10-2019 7.00,1160,5.843,0.005,115.617,289.857,1373.948
19-10-2019 8.00,1161,8.065,0.005,232.159,475.949,2575.32
19-10-2019 9.00,1162,11.331,0.005,339.516,618.091,2985.296
19-10-2019 10.00,1163,12.87,0.005,403.311,706.569,3117.766
19-10-2019 11.00,1164,13.603,0.005,419.353,735.337,3077.517
19-10-2019 12.00,1165,13.761,0.005,389.928,702.425,2812.405
19-10-2019 13.00,1166,13.586,0.005,330.123,610.059,2531.534
19-10-2019 14.00,1167,13.051,0.006,239.266,464.516,2348.983
19-10-2019 15.00,1168,10.958,0.006,128.167,275.701,1977.002
19-10-2019 16.00,1169,8.067,0.006,24.631,67.627,483.561
19-10-2019 17.00,1170,7.148,0.005,0.005,0.026,0
19-10-2019 18.00,1171,6.667,0.005,0,0,0
19-10-2019 19.00,1172,6.079,0.005,0,0,0
19-10-2019 20.00,1173,5.409,0.005,0,0,0
19-10-2019 21.00,1174,4.719,0.005,0,0,0
19-10-2019 22.00,1175,4.046,0.005,0,0,0
19-10-2019 23.00,1176,3.4,0.005,0,0,0
20-10-2019 0.00,1177,2.876,0.005,0,0,0
20-10-2019 1.00,1178,2.462,0.005,0,0,0
20-10-2019 2.00,1179,2.104,0.005,0,0,0
20-10-2019 3.00,1180,1.921,0.005,0,0,0
20-10-2019 4.00,1181,1.734,0.005,0,0,0
20-10-2019 5.00,1182,1.735,0.005,0.048,0.414,0
20-10-2019 6.00,1183,1.943,0.005,19.922,77.487,258.472
20-10-2019 7.00,1184,4.624,0.005,100.453,283.183,1286.566
20-10-2019 8.00,1185,7.834,0.005,230.86,469.183,2053.18
20-10-2019 9.00,1186,10.557,0.006,352.492,611.237,2514.155
20-10-2019 10.00,1187,12.553,0.006,410.145,699.66,2449.846
20-10-2019 11.00,1188,13.19,0.006,414.698,728.425,2368.955
20-10-2019 12.00,1189,13.033,0.006,362.34,695.541,1628.827
20-10-2019 13.00,1190,12.509,0.006,277.979,603.225,910.53
20-10-2019 14.00,1191,11.571,0.006,182.35,457.757,387.546
20-10-2019 15.00,1192,10.461,0.006,90.912,269.044,109.677
20-10-2019 16.00,1193,9.65,0.006,15.862,62.812,12.796
20-10-2019 17.00,1194,8.897,0.006,0.002,0.011,0
20-10-2019 18.00,1195,8.058,0.006,0,0,0
20-10-2019 19.00,1196,6.946,0.006,0,0,0
20-10-2019 20.00,1197,5.722,0.005,0,0,0
20-10-2019 21.00,1198,4.354,0.005,0,0,0
20-10-2019 22.00,1199,3.688,0.005,0,0,0
20-10-2019 23.00,1200,3.077,0.005,0,0,0
21-10-2019 0.00,1201,2.106,0.005,0,0,0
21-10-2019 1.00,1202,1.437,0.005,0,0,0
21-10-2019 2.00,1203,0.533,0.004,0,0,0
21-10-2019 3.00,1204,-0.221,0.004,0,0,0
21-10-2019 4.00,1205,-0.776,0.004,0,0,0
21-10-2019 5.00,1206,-1.318,0.004,0.046,0.283,0
21-10-2019 6.00,1207,-1.609,0.004,33.214,72.637,587.907
21-10-2019 7.00,1208,0.3,0.004,170.307,276.536,2226.638
21-10-2019 8.00,1209,3.424,0.003,322.69,462.426,3287.537
21-10-2019 9.00,1210,6.206,0.003,443.917,604.416,3647.46
21-10-2019 10.00,1211,7.978,0.003,519.426,692.803,3809.761
21-10-2019 11.00,1212,8.954,0.003,541.752,721.543,3867.178
21-10-2019 12.00,1213,9.388,0.003,509.625,688.652,3877.381
21-10-2019 13.00,1214,9.392,0.003,426.402,596.392,3751.307
21-10-2019 14.00,1215,8.885,0.003,301.438,451.023,3460.566
21-10-2019 15.00,1216,7.44,0.004,152.787,262.415,2791.205
21-10-2019 16.00,1217,4.102,0.004,24.964,58.195,628.834
21-10-2019 17.00,1218,2.187,0.003,0.001,0.004,0
21-10-2019 18.00,1219,1.356,0.003,0,0,0
21-10-2019 19.00,1220,0.736,0.003,0,0,0
21-10-2019 20.00,1221,0.4,0.003,0,0,0
21-10-2019 21.00,1222,-0.223,0.003,0,0,0
21-10-2019 22.00,1223,-1.06,0.003,0,0,0
21-10-2019 23.00,1224,-1.547,0.003,0,0,0
22-10-2019 0.00,1225,-1.866,0.003,0,0,0
22-10-2019 1.00,1226,-2.029,0.003,0,0,0
22-10-2019 2.00,1227,-2.124,0.003,0,0,0
22-10-2019 3.00,1228,-2.374,0.003,0,0,0
22-10-2019 4.00,1229,-2.693,0.003,0,0,0
22-10-2019 5.00,1230,-3.003,0.003,0.042,0.184,0
22-10-2019 6.00,1231,-2.456,0.003,30.762,67.96,521.575
22-10-2019 7.00,1232,1.3,0.003,155.97,269.919,2140.679
22-10-2019 8.00,1233,4.236,0.003,296.125,455.706,3006.333
22-10-2019 9.00,1234,7.552,0.003,409.172,597.593,3404.377
22-10-2019 10.00,1235,9.877,0.003,479.467,685.924,3587.662
22-10-2019 11.00,1236,11.071,0.003,503.683,714.655,3667.953
22-10-2019 12.00,1237,11.546,0.003,476.785,681.792,3661.275
22-10-2019 13.00,1238,11.403,0.003,398.278,589.597,3470.037
22-10-2019 14.00,1239,10.749,0.004,281.56,444.302,3152.153
22-10-2019 15.00,1240,8.438,0.005,141.669,255.816,2457.64
22-10-2019 16.00,1241,4.846,0.004,21.753,53.78,454.157
22-10-2019 17.00,1242,3.607,0.004,0,0.001,0
22-10-2019 18.00,1243,2.625,0.004,0,0,0
22-10-2019 19.00,1244,1.536,0.004,0,0,0
22-10-2019 20.00,1245,0.671,0.003,0,0,0
22-10-2019 21.00,1246,0.084,0.003,0,0,0
22-10-2019 22.00,1247,-0.419,0.003,0,0,0
22-10-2019 23.00,1248,-1.203,0.003,0,0,0
23-10-2019 0.00,1249,-1.973,0.003,0,0,0
23-10-2019 1.00,1250,-2.574,0.003,0,0,0
23-10-2019 2.00,1251,-3.036,0.003,0,0,0
23-10-2019 3.00,1252,-3.127,0.003,0,0,0
23-10-2019 4.00,1253,-3.256,0.003,0,0,0
23-10-2019 5.00,1254,-3.246,0.003,0.021,0.112,0
23-10-2019 6.00,1255,-2.616,0.003,23.559,63.464,406.127
23-10-2019 7.00,1256,0.699,0.003,130.137,263.33,1828.781
23-10-2019 8.00,1257,3.426,0.003,268.716,448.996,2677.796
23-10-2019 9.00,1258,6.268,0.004,376.223,590.814,3087.17
23-10-2019 10.00,1259,8.096,0.003,438.497,679.079,3298.312
23-10-2019 11.00,1260,9.454,0.004,465.123,707.783,3535.521
23-10-2019 12.00,1261,10.169,0.004,424.515,674.954,3504.602
23-10-2019 13.00,1262,10.175,0.004,330.998,582.806,3314.344
23-10-2019 14.00,1263,9.469,0.004,219.839,437.611,2982.362
23-10-2019 15.00,1264,7.287,0.005,98.992,249.249,2125.287
23-10-2019 16.00,1265,3.062,0.004,12.504,49.568,298.235
23-10-2019 17.00,1266,2.168,0.004,0,0,0
23-10-2019 18.00,1267,1.854,0.004,0,0,0
23-10-2019 19.00,1268,1.498,0.004,0,0,0
23-10-2019 20.00,1269,1.094,0.004,0,0,0
23-10-2019 21.00,1270,1.048,0.004,0,0,0
23-10-2019 22.00,1271,1.381,0.004,0,0,0
23-10-2019 23.00,1272,0.861,0.004,0,0,0
24-10-2019 0.00,1273,0.32,0.004,0,0,0
24-10-2019 1.00,1274,-0.069,0.004,0,0,0
24-10-2019 2.00,1275,-0.437,0.004,0,0,0
24-10-2019 3.00,1276,-0.954,0.004,0,0,0
24-10-2019 4.00,1277,-1.257,0.004,0,0,0
24-10-2019 5.00,1278,-1.473,0.004,0.014,0.062,0
24-10-2019 6.00,1279,-1.04,0.004,18.885,59.153,178.369
24-10-2019 7.00,1280,2.14,0.004,96.803,256.777,1136.621
24-10-2019 8.00,1281,4.873,0.004,210.059,442.321,1982.766
24-10-2019 9.00,1282,7.968,0.004,316.353,584.037,2580.178
24-10-2019 10.00,1283,11.21,0.005,380.419,672.251,2863.229
24-10-2019 11.00,1284,13.108,0.005,388.978,700.938,2898.67
24-10-2019 12.00,1285,14.15,0.005,351.767,668.142,2814.168
24-10-2019 13.00,1286,14.437,0.005,283.749,576.043,2540.195
24-10-2019 14.00,1287,13.637,0.005,187.743,430.952,1750.157
24-10-2019 15.00,1288,10.764,0.005,83.238,242.713,868.172
24-10-2019 16.00,1289,7.382,0.005,9.93,45.558,69.05
24-10-2019 17.00,1290,6.164,0.005,0,0,0
24-10-2019 18.00,1291,5.957,0.005,0,0,0
24-10-2019 19.00,1292,5.486,0.005,0,0,0
24-10-2019 20.00,1293,5.265,0.005,0,0,0
24-10-2019 21.00,1294,4.953,0.005,0,0,0
24-10-2019 22.00,1295,4.984,0.005,0,0,0
24-10-2019 23.00,1296,5.293,0.005,0,0,0
25-10-2019 0.00,1297,5.824,0.005,0,0,0
25-10-2019 1.00,1298,6.093,0.005,0,0,0
25-10-2019 2.00,1299,5.933,0.005,0,0,0
25-10-2019 3.00,1300,5.56,0.005,0,0,0
25-10-2019 4.00,1301,5.182,0.004,0,0,0
25-10-2019 5.00,1302,4.897,0.004,0.005,0.03,0
25-10-2019 6.00,1303,4.941,0.004,8.703,55.026,0
25-10-2019 7.00,1304,5.315,0.004,50.593,250.259,26.285
25-10-2019 8.00,1305,5.719,0.004,112.53,435.682,67.85
25-10-2019 9.00,1306,5.852,0.004,165.137,577.288,111.441
25-10-2019 10.00,1307,5.392,0.005,193.688,665.449,156.907
25-10-2019 11.00,1308,4.219,0.005,202.668,694.119,209.843
25-10-2019 12.00,1309,3.087,0.005,190.337,661.332,159.471
25-10-2019 13.00,1310,2.441,0.005,158.563,569.32,198.363
25-10-2019 14.00,1311,2.149,0.004,114.723,424.326,249.363
25-10-2019 15.00,1312,1.645,0.004,57.821,236.22,101.247
25-10-2019 16.00,1313,0.817,0.004,9.705,41.749,0
25-10-2019 17.00,1314,0.269,0.004,0,0,0
25-10-2019 18.00,1315,-0.072,0.004,0,0,0
25-10-2019 19.00,1316,-0.408,0.004,0,0,0
25-10-2019 20.00,1317,-0.779,0.003,0,0,0
25-10-2019 21.00,1318,-1.133,0.003,0,0,0
25-10-2019 22.00,1319,-1.479,0.003,0,0,0
25-10-2019 23.00,1320,-1.744,0.003,0,0,0
26-10-2019 0.00,1321,-2.01,0.003,0,0,0
26-10-2019 1.00,1322,-2.332,0.003,0,0,0
26-10-2019 2.00,1323,-2.724,0.003,0,0,0
26-10-2019 3.00,1324,-3.219,0.003,0,0,0
26-10-2019 4.00,1325,-3.769,0.003,0,0,0
26-10-2019 5.00,1326,-4.725,0.003,0,0.012,0
26-10-2019 6.00,1327,-4.716,0.003,12.854,51.088,86.962
26-10-2019 7.00,1328,-3.316,0.003,106.611,243.787,1334.161
26-10-2019 8.00,1329,-1.176,0.003,247.777,429.066,3056.506
26-10-2019 9.00,1330,0.751,0.003,372.82,570.583,3572.807
26-10-2019 10.00,1331,2.058,0.003,453.166,658.678,3800.128
26-10-2019 11.00,1332,2.93,0.003,489.439,687.326,3884.961
26-10-2019 12.00,1333,3.41,0.003,469.375,654.563,3912.613
26-10-2019 13.00,1334,3.485,0.003,394.9,562.613,3788.523
26-10-2019 14.00,1335,3.129,0.003,276.754,417.731,3434.002
26-10-2019 15.00,1336,1.896,0.003,132.998,229.767,2680.904
26-10-2019 16.00,1337,-2.167,0.003,16.073,38.14,315.995
26-10-2019 17.00,1338,-3.582,0.003,0,0,0
26-10-2019 18.00,1339,-3.973,0.003,0,0,0
26-10-2019 19.00,1340,-4.198,0.003,0,0,0
26-10-2019 20.00,1341,-4.334,0.003,0,0,0
26-10-2019 21.00,1342,-4.454,0.003,0,0,0
26-10-2019 22.00,1343,-4.523,0.003,0,0,0
26-10-2019 23.00,1344,-4.565,0.003,0,0,0
27-10-2019 0.00,1345,-4.622,0.003,0,0,0
27-10-2019 1.00,1346,-4.65,0.003,0,0,0
27-10-2019 2.00,1347,-4.684,0.003,0,0,0
27-10-2019 3.00,1348,-4.672,0.003,0,0,0
27-10-2019 4.00,1349,-4.406,0.003,0,0,0
27-10-2019 5.00,1350,-3.75,0.003,0.001,0.004,0
27-10-2019 6.00,1351,-3.255,0.003,18.874,47.341,163.189
27-10-2019 7.00,1352,-1.473,0.003,117.561,237.352,1732.484
27-10-2019 8.00,1353,0.965,0.003,251.197,422.5,2770.11
27-10-2019 9.00,1354,2.996,0.003,368.631,563.898,3307.939
27-10-2019 10.00,1355,4.37,0.003,443.954,651.926,3542.405
27-10-2019 11.00,1356,5.327,0.003,468.683,680.558,3629.95
27-10-2019 12.00,1357,5.864,0.003,440.612,647.824,3611.498
27-10-2019 13.00,1358,5.847,0.004,364.639,555.958,3418.113
27-10-2019 14.00,1359,5.139,0.004,249.471,411.166,2947.373
27-10-2019 15.00,1360,2.92,0.004,114.413,223.355,1846.624
27-10-2019 16.00,1361,-1.207,0.004,12.947,34.73,128.818
27-10-2019 17.00,1362,-2.555,0.003,0,0,0
27-10-2019 18.00,1363,-3.026,0.003,0,0,0
27-10-2019 19.00,1364,-3.305,0.003,0,0,0
27-10-2019 20.00,1365,-3.409,0.003,0,0,0
27-10-2019 21.00,1366,-3.439,0.003,0,0,0
27-10-2019 22.00,1367,-3.262,0.003,0,0,0
27-10-2019 23.00,1368,-2.781,0.003,0,0,0
28-10-2019 0.00,1369,-2.261,0.003,0,0,0
28-10-2019 1.00,1370,-1.954,0.003,0,0,0
28-10-2019 2.00,1371,-1.961,0.003,0,0,0
28-10-2019 3.00,1372,-1.939,0.003,0,0,0
28-10-2019 4.00,1373,-1.979,0.003,0,0,0
28-10-2019 5.00,1374,-2.165,0.003,0,0.001,0
28-10-2019 6.00,1375,-1.942,0.003,13.208,43.787,140.469
28-10-2019 7.00,1376,0.212,0.003,88.497,230.963,881.57
28-10-2019 8.00,1377,2.209,0.004,192.971,415.958,1513.47
28-10-2019 9.00,1378,4.149,0.004,274.004,557.266,1476.955
28-10-2019 10.00,1379,5.375,0.004,317.894,645.22,1421.303
28-10-2019 11.00,1380,6.052,0.004,320.339,673.83,1438.328
28-10-2019 12.00,1381,6.368,0.004,281.785,641.124,1206.049
28-10-2019 13.00,1382,6.295,0.004,213.831,549.315,959.806
28-10-2019 14.00,1383,5.623,0.005,134.137,404.656,733.181
28-10-2019 15.00,1384,4.067,0.005,54.638,216.991,316.005
28-10-2019 16.00,1385,1.965,0.005,4.91,31.515,5.238
28-10-2019 17.00,1386,1.928,0.005,0,0,0
28-10-2019 18.00,1387,2,0.004,0,0,0
28-10-2019 19.00,1388,1.712,0.004,0,0,0
28-10-2019 20.00,1389,1.631,0.004,0,0,0
28-10-2019 21.00,1390,1.604,0.004,0,0,0
28-10-2019 22.00,1391,1.961,0.004,0,0,0
28-10-2019 23.00,1392,1.7,0.004,0,0,0
29-10-2019 0.00,1393,1.291,0.004,0,0,0
29-10-2019 1.00,1394,0.805,0.004,0,0,0
29-10-2019 2.00,1395,0.518,0.004,0,0,0
29-10-2019 3.00,1396,0.59,0.004,0,0,0
29-10-2019 4.00,1397,0.91,0.004,0,0,0
29-10-2019 5.00,1398,1.051,0.004,0,0,0
29-10-2019 6.00,1399,1.186,0.004,5.302,40.423,0
29-10-2019 7.00,1400,1.267,0.004,50.59,224.626,5.272
29-10-2019 8.00,1401,1.487,0.004,127.78,409.47,53.203
29-10-2019 9.00,1402,1.736,0.004,205.759,550.662,109.895
29-10-2019 10.00,1403,1.942,0.004,257.648,638.547,184.188
29-10-2019 11.00,1404,1.941,0.004,277.125,667.128,275.811
29-10-2019 12.00,1405,1.8,0.004,271.146,634.442,274.372
29-10-2019 13.00,1406,1.559,0.004,233.171,542.72,237.692
29-10-2019 14.00,1407,1.323,0.004,164.63,398.188,197.097
29-10-2019 15.00,1408,0.963,0.004,79.345,210.677,117.521
29-10-2019 16.00,1409,0.361,0.003,9.378,28.493,0
29-10-2019 17.00,1410,-0.167,0.003,0,0,0
29-10-2019 18.00,1411,-0.668,0.003,0,0,0
29-10-2019 19.00,1412,-1.104,0.003,0,0,0
29-10-2019 20.00,1413,-1.563,0.003,0,0,0
29-10-2019 21.00,1414,-2.619,0.003,0,0,0
29-10-2019 22.00,1415,-3.752,0.003,0,0,0
29-10-2019 23.00,1416,-4.049,0.003,0,0,0
30-10-2019 0.00,1417,-3.995,0.003,0,0,0
30-10-2019 1.00,1418,-4.662,0.003,0,0,0
30-10-2019 2.00,1419,-4.986,0.003,0,0,0
30-10-2019 3.00,1420,-4.774,0.003,0,0,0
30-10-2019 4.00,1421,-4.555,0.003,0,0,0
30-10-2019 5.00,1422,-4.341,0.003,0,0,0
30-10-2019 6.00,1423,-3.756,0.003,13.336,37.247,57.027
30-10-2019 7.00,1424,-2.124,0.003,100.464,218.347,227.725
30-10-2019 8.00,1425,-0.699,0.003,212.943,403.024,308.699
30-10-2019 9.00,1426,0.8,0.003,297.864,544.087,559.985
30-10-2019 10.00,1427,2.54,0.003,347.475,631.903,1242.065
30-10-2019 11.00,1428,4.06,0.004,356.026,660.466,1831.515
30-10-2019 12.00,1429,4.7,0.004,330.565,627.825,1662.819
30-10-2019 13.00,1430,4.777,0.004,262.683,536.176,1757.609
30-10-2019 14.00,1431,4.229,0.004,171.975,391.764,1642.28
30-10-2019 15.00,1432,2.363,0.004,72.587,204.409,1021.561
30-10-2019 16.00,1433,-0.699,0.004,6.671,25.662,18.193
30-10-2019 17.00,1434,-0.943,0.004,0,0,0
30-10-2019 18.00,1435,-0.801,0.004,0,0,0
30-10-2019 19.00,1436,-0.63,0.004,0,0,0
30-10-2019 20.00,1437,-0.382,0.004,0,0,0
30-10-2019 21.00,1438,-1.307,0.004,0,0,0
30-10-2019 22.00,1439,-1.237,0.004,0,0,0
30-10-2019 23.00,1440,-0.621,0.004,0,0,0
31-10-2019 0.00,1441,-0.392,0.004,0,0,0
31-10-2019 1.00,1442,-0.308,0.004,0,0,0
31-10-2019 2.00,1443,0.203,0.004,0,0,0
31-10-2019 3.00,1444,0.361,0.004,0,0,0
31-10-2019 4.00,1445,0.192,0.004,0,0,0
31-10-2019 5.00,1446,-0.24,0.004,0,0,0
31-10-2019 6.00,1447,0.253,0.004,7.21,34.258,1.564
31-10-2019 7.00,1448,0.501,0.004,76.674,212.13,92.309
31-10-2019 8.00,1449,0.903,0.004,195.496,396.624,346.741
31-10-2019 9.00,1450,1.876,0.004,309.19,537.571,902.775
31-10-2019 10.00,1451,3.708,0.004,389.437,625.321,2455.847
31-10-2019 11.00,1452,5.593,0.004,416.491,653.851,3302.284
31-10-2019 12.00,1453,6.248,0.004,379.213,621.221,3095.016
31-10-2019 13.00,1454,5.877,0.004,298.641,529.671,2551.026
31-10-2019 14.00,1455,4.89,0.003,196.331,385.385,1005.796
31-10-2019 15.00,1456,3.573,0.003,87.316,198.201,693.992
31-10-2019 16.00,1457,2.001,0.003,8.011,23.02,20.532
31-10-2019 17.00,1458,1.172,0.003,0,0,0
31-10-2019 18.00,1459,0.727,0.003,0,0,0
31-10-2019 19.00,1460,0.317,0.003,0,0,0
31-10-2019 20.00,1461,-0.09,0.003,0,0,0
31-10-2019 21.00,1462,-0.707,0.003,0,0,0
31-10-2019 22.00,1463,-1.436,0.003,0,0,0
31-10-2019 23.00,1464,-2.175,0.003,0,0,0
01-11-2019 0.00,1465,-2.906,0.003,0,0,0
01-11-2019 1.00,1466,-3.486,0.003,0,0,0
01-11-2019 2.00,1467,-3.891,0.003,0,0,0
01-11-2019 3.00,1468,-4.137,0.003,0,0,0
01-11-2019 4.00,1469,-4.229,0.002,0,0,0
01-11-2019 5.00,1470,-4.284,0.002,0,0,0
01-11-2019 6.00,1471,-4.219,0.002,11.903,31.445,161.968
01-11-2019 7.00,1472,-3.084,0.002,113.741,205.972,1589.218
01-11-2019 8.00,1473,-1.091,0.002,253.74,390.281,2992.314
01-11-2019 9.00,1474,0.745,0.002,369.602,531.111,3485.324
01-11-2019 10.00,1475,1.928,0.002,444.426,618.771,3702.633
01-11-2019 11.00,1476,2.537,0.002,469.46,647.279,3796.398
01-11-2019 12.00,1477,2.792,0.002,442.856,614.699,3844.854
01-11-2019 13.00,1478,2.634,0.002,362.807,523.201,3742.333
01-11-2019 14.00,1479,2.019,0.002,243.615,379.061,3405.202
01-11-2019 15.00,1480,0.641,0.003,105.198,192.05,2579.5
01-11-2019 16.00,1481,-1.666,0.003,8.045,20.562,134.455
01-11-2019 17.00,1482,-2.879,0.003,0,0,0
01-11-2019 18.00,1483,-3.408,0.002,0,0,0
01-11-2019 19.00,1484,-3.65,0.002,0,0,0
01-11-2019 20.00,1485,-3.862,0.002,0,0,0
01-11-2019 21.00,1486,-4.136,0.002,0,0,0
01-11-2019 22.00,1487,-4.247,0.002,0,0,0
01-11-2019 23.00,1488,-4.271,0.002,0,0,0
02-11-2019 0.00,1489,-4.246,0.002,0,0,0
02-11-2019 1.00,1490,-3.92,0.002,0,0,0
02-11-2019 2.00,1491,-3.94,0.002,0,0,0
02-11-2019 3.00,1492,-3.749,0.002,0,0,0
02-11-2019 4.00,1493,-4.24,0.002,0,0,0
02-11-2019 5.00,1494,-4.677,0.002,0,0,0
02-11-2019 6.00,1495,-4.742,0.002,11.884,28.807,281.001
02-11-2019 7.00,1496,-3.562,0.002,116.446,199.886,1998.37
02-11-2019 8.00,1497,-2.215,0.002,261.05,383.99,3173.457
02-11-2019 9.00,1498,-1.168,0.002,381.723,524.691,3659.015
02-11-2019 10.00,1499,-0.434,0.002,457.864,612.272,3860.089
02-11-2019 11.00,1500,-0.025,0.002,482.634,640.756,3958.588
02-11-2019 12.00,1501,0.132,0.002,454.71,608.205,4020.07
02-11-2019 13.00,1502,-0.008,0.002,375.712,516.821,3927.245
02-11-2019 14.00,1503,-0.585,0.002,253.344,372.798,3656.535
02-11-2019 15.00,1504,-1.777,0.002,109.979,185.957,3003.84
02-11-2019 16.00,1505,-3.599,0.002,7.917,18.282,152.005
02-11-2019 17.00,1506,-4.515,0.002,0,0,0
02-11-2019 18.00,1507,-5.02,0.002,0,0,0
02-11-2019 19.00,1508,-5.421,0.002,0,0,0
02-11-2019 20.00,1509,-5.8,0.002,0,0,0
02-11-2019 21.00,1510,-6.068,0.002,0,0,0
02-11-2019 22.00,1511,-6.294,0.002,0,0,0
02-11-2019 23.00,1512,-6.672,0.002,0,0,0
03-11-2019 0.00,1513,-7.192,0.002,0,0,0
03-11-2019 1.00,1514,-7.679,0.002,0,0,0
03-11-2019 2.00,1515,-8.138,0.002,0,0,0
03-11-2019 3.00,1516,-8.665,0.002,0,0,0
03-11-2019 4.00,1517,-9.178,0.002,0,0,0
03-11-2019 5.00,1518,-9.699,0.002,0,0,0
03-11-2019 6.00,1519,-10.112,0.002,11.739,26.336,273.486
03-11-2019 7.00,1520,-8.896,0.002,116.769,193.877,2033.19
03-11-2019 8.00,1521,-7.002,0.002,263.845,377.757,3166.177
03-11-2019 9.00,1522,-4.95,0.002,384.501,518.329,3624.693
03-11-2019 10.00,1523,-3.086,0.002,461.127,605.845,3798.02
03-11-2019 11.00,1524,-1.562,0.002,486.469,634.3,3875.361
03-11-2019 12.00,1525,-0.433,0.002,456.853,601.774,3888.786
03-11-2019 13.00,1526,0.039,0.002,375.829,510.466,3801.383
03-11-2019 14.00,1527,-0.22,0.002,252.295,366.584,3529.486
03-11-2019 15.00,1528,-1.417,0.002,105.531,179.934,2891.6
03-11-2019 16.00,1529,-4.001,0.002,6.533,16.177,139.396
03-11-2019 17.00,1530,-5.273,0.002,0,0,0
03-11-2019 18.00,1531,-6.065,0.002,0,0,0
03-11-2019 19.00,1532,-6.776,0.002,0,0,0
03-11-2019 20.00,1533,-7.35,0.002,0,0,0
03-11-2019 21.00,1534,-7.809,0.002,0,0,0
03-11-2019 22.00,1535,-8.169,0.002,0,0,0
03-11-2019 23.00,1536,-8.403,0.002,0,0,0
04-11-2019 0.00,1537,-8.526,0.002,0,0,0
04-11-2019 1.00,1538,-8.588,0.002,0,0,0
04-11-2019 2.00,1539,-8.641,0.002,0,0,0
04-11-2019 3.00,1540,-8.691,0.002,0,0,0
04-11-2019 4.00,1541,-8.735,0.002,0,0,0
04-11-2019 5.00,1542,-8.782,0.002,0,0,0
04-11-2019 6.00,1543,-8.651,0.002,10.279,24.027,174.695
04-11-2019 7.00,1544,-6.523,0.002,105.958,187.954,1659.369
04-11-2019 8.00,1545,-3.732,0.002,239.572,371.581,2707.607
04-11-2019 9.00,1546,-0.727,0.002,349.619,512.021,3222.965
04-11-2019 10.00,1547,1.594,0.002,416.851,599.453,3450.107
04-11-2019 11.00,1548,3.102,0.002,435.176,627.881,3559.045
04-11-2019 12.00,1549,3.699,0.002,399.836,595.395,3561.71
04-11-2019 13.00,1550,3.636,0.003,319.589,504.177,3425.21
04-11-2019 14.00,1551,2.894,0.003,205.199,360.437,3040.835
04-11-2019 15.00,1552,0.447,0.003,78.733,173.979,2217.398
04-11-2019 16.00,1553,-2.418,0.003,4.272,14.244,78.054
04-11-2019 17.00,1554,-2.51,0.003,0,0,0
04-11-2019 18.00,1555,-2.488,0.003,0,0,0
04-11-2019 19.00,1556,-2.641,0.003,0,0,0
04-11-2019 20.00,1557,-2.933,0.003,0,0,0
04-11-2019 21.00,1558,-3.217,0.003,0,0,0
04-11-2019 22.00,1559,-4.019,0.003,0,0,0
04-11-2019 23.00,1560,-4.555,0.003,0,0,0
05-11-2019 0.00,1561,-4.395,0.003,0,0,0
05-11-2019 1.00,1562,-3.83,0.003,0,0,0
05-11-2019 2.00,1563,-3.793,0.003,0,0,0
05-11-2019 3.00,1564,-3.801,0.002,0,0,0
05-11-2019 4.00,1565,-3.723,0.002,0,0,0
05-11-2019 5.00,1566,-3.526,0.002,0,0,0
05-11-2019 6.00,1567,-3.623,0.002,5.806,21.876,10.281
05-11-2019 7.00,1568,-3.79,0.002,77.242,182.109,559.968
05-11-2019 8.00,1569,-3.502,0.002,197.582,365.478,1772.014
05-11-2019 9.00,1570,-2.999,0.002,308.73,505.767,2302.738
05-11-2019 10.00,1571,-2.589,0.002,379.704,593.118,2099.927
05-11-2019 11.00,1572,-2.281,0.002,393.636,621.532,2383.626
05-11-2019 12.00,1573,-2.338,0.002,357.696,589.079,1842.382
05-11-2019 13.00,1574,-2.528,0.002,289.59,497.944,1719.699
05-11-2019 14.00,1575,-2.983,0.002,190.918,354.35,1154.32
05-11-2019 15.00,1576,-3.64,0.002,77.087,168.101,480.346
05-11-2019 16.00,1577,-4.405,0.002,4.436,12.476,75.824
05-11-2019 17.00,1578,-5.019,0.002,0,0,0
05-11-2019 18.00,1579,-5.653,0.002,0,0,0
05-11-2019 19.00,1580,-6.228,0.002,0,0,0
05-11-2019 20.00,1581,-6.74,0.002,0,0,0
05-11-2019 21.00,1582,-7.425,0.002,0,0,0
05-11-2019 22.00,1583,-8.281,0.002,0,0,0
05-11-2019 23.00,1584,-9.114,0.002,0,0,0
06-11-2019 0.00,1585,-9.835,0.002,0,0,0
06-11-2019 1.00,1586,-10.37,0.002,0,0,0
06-11-2019 2.00,1587,-10.804,0.002,0,0,0
06-11-2019 3.00,1588,-11.175,0.002,0,0,0
06-11-2019 4.00,1589,-11.476,0.002,0,0,0
06-11-2019 5.00,1590,-11.746,0.002,0,0,0
06-11-2019 6.00,1591,-11.843,0.001,8.292,19.876,125.174
06-11-2019 7.00,1592,-10.038,0.001,92.72,176.361,1673.606
06-11-2019 8.00,1593,-7.461,0.001,211.95,359.426,2585.266
06-11-2019 9.00,1594,-5.859,0.001,305.948,499.604,2714.844
06-11-2019 10.00,1595,-4.835,0.001,357.338,586.855,2563.987
06-11-2019 11.00,1596,-4.154,0.001,359.973,615.241,2758.603
06-11-2019 12.00,1597,-3.774,0.001,325.36,582.824,2928.635
06-11-2019 13.00,1598,-3.894,0.001,246.636,491.788,2103.936
06-11-2019 14.00,1599,-4.494,0.001,144.037,348.328,1113.023
06-11-2019 15.00,1600,-5.423,0.002,48.871,162.299,359.495
06-11-2019 16.00,1601,-6.447,0.002,2.286,10.866,0
06-11-2019 17.00,1602,-6.954,0.002,0,0,0
06-11-2019 18.00,1603,-7.244,0.002,0,0,0
06-11-2019 19.00,1604,-7.679,0.002,0,0,0
06-11-2019 20.00,1605,-8.503,0.002,0,0,0
06-11-2019 21.00,1606,-9.6,0.002,0,0,0
06-11-2019 22.00,1607,-10.43,0.002,0,0,0
06-11-2019 23.00,1608,-10.99,0.002,0,0,0
07-11-2019 0.00,1609,-11.325,0.001,0,0,0
07-11-2019 1.00,1610,-11.49,0.001,0,0,0
07-11-2019 2.00,1611,-11.514,0.001,0,0,0
07-11-2019 3.00,1612,-11.435,0.001,0,0,0
07-11-2019 4.00,1613,-11.535,0.001,0,0,0
07-11-2019 5.00,1614,-11.965,0.001,0,0,0
07-11-2019 6.00,1615,-12.555,0.001,6.52,18.022,93.772
07-11-2019 7.00,1616,-12.012,0.001,85.946,170.702,1580.911
07-11-2019 8.00,1617,-10.978,0.001,207.287,353.455,2387.997
07-11-2019 9.00,1618,-10.335,0.001,297.936,493.496,2181.295
07-11-2019 10.00,1619,-9.973,0.001,359.357,580.655,1574.897
07-11-2019 11.00,1620,-9.687,0.001,376.996,609.031,1387.751
07-11-2019 12.00,1621,-9.389,0.001,348.748,576.636,1201.159
07-11-2019 13.00,1622,-9.214,0.001,278.682,485.7,963.487
07-11-2019 14.00,1623,-9.174,0.001,172.532,342.384,726.419
07-11-2019 15.00,1624,-9.386,0.001,62.303,156.579,632.5
07-11-2019 16.00,1625,-10.046,0.001,2.732,9.41,0
07-11-2019 17.00,1626,-10.367,0.001,0,0,0
07-11-2019 18.00,1627,-10.212,0.001,0,0,0
07-11-2019 19.00,1628,-10.039,0.001,0,0,0
07-11-2019 20.00,1629,-10.27,0.001,0,0,0
07-11-2019 21.00,1630,-10.564,0.002,0,0,0
07-11-2019 22.00,1631,-10.145,0.002,0,0,0
07-11-2019 23.00,1632,-9.431,0.002,0,0,0
08-11-2019 0.00,1633,-8.906,0.002,0,0,0
08-11-2019 1.00,1634,-8.534,0.002,0,0,0
08-11-2019 2.00,1635,-8.194,0.002,0,0,0
08-11-2019 3.00,1636,-7.887,0.002,0,0,0
08-11-2019 4.00,1637,-8.066,0.002,0,0,0
08-11-2019 5.00,1638,-8.002,0.002,0,0,0
08-11-2019 6.00,1639,-7.784,0.002,3.727,16.308,0
08-11-2019 7.00,1640,-7.164,0.002,70.669,165.14,187.706
08-11-2019 8.00,1641,-6.355,0.002,190.89,347.554,485.461
08-11-2019 9.00,1642,-5.587,0.002,301.807,487.444,1078.298
08-11-2019 10.00,1643,-5.011,0.002,375.314,574.532,1292.392
08-11-2019 11.00,1644,-4.688,0.002,401.503,602.884,1614.23
08-11-2019 12.00,1645,-4.431,0.002,387.238,570.524,1934.114
08-11-2019 13.00,1646,-4.283,0.002,320.894,479.676,2446.365
08-11-2019 14.00,1647,-4.571,0.002,210.965,336.515,3143.513
08-11-2019 15.00,1648,-5.683,0.002,80.79,150.947,2388.935
08-11-2019 16.00,1649,-7.751,0.002,2.934,8.101,0
08-11-2019 17.00,1650,-8.959,0.002,0,0,0
08-11-2019 18.00,1651,-9.689,0.002,0,0,0
08-11-2019 19.00,1652,-10.487,0.002,0,0,0
08-11-2019 20.00,1653,-11.036,0.001,0,0,0
08-11-2019 21.00,1654,-11.508,0.001,0,0,0
08-11-2019 22.00,1655,-11.934,0.001,0,0,0
08-11-2019 23.00,1656,-12.284,0.001,0,0,0
09-11-2019 0.00,1657,-12.581,0.001,0,0,0
09-11-2019 1.00,1658,-12.835,0.001,0,0,0
09-11-2019 2.00,1659,-12.998,0.001,0,0,0
09-11-2019 3.00,1660,-13.186,0.001,0,0,0
09-11-2019 4.00,1661,-13.384,0.001,0,0,0
09-11-2019 5.00,1662,-13.545,0.001,0,0,0
09-11-2019 6.00,1663,-13.608,0.001,6.212,14.729,41.203
09-11-2019 7.00,1664,-11.129,0.001,85.137,159.683,1070.333
09-11-2019 8.00,1665,-7.847,0.002,204.112,341.731,2138.311
09-11-2019 9.00,1666,-4.67,0.002,307.933,481.489,2700.327
09-11-2019 10.00,1667,-2.414,0.002,380.894,568.482,3116.483
09-11-2019 11.00,1668,-0.95,0.002,411.035,596.813,3491.611
09-11-2019 12.00,1669,-0.165,0.002,386.934,564.473,3496.174
09-11-2019 13.00,1670,0.073,0.002,309.619,473.735,3223.361
09-11-2019 14.00,1671,-0.347,0.002,194.045,330.717,2329.898
09-11-2019 15.00,1672,-2.65,0.003,69.062,145.407,2031.013
09-11-2019 16.00,1673,-5.083,0.002,2.141,6.933,0
09-11-2019 17.00,1674,-6.069,0.002,0,0,0
09-11-2019 18.00,1675,-6.883,0.002,0,0,0
09-11-2019 19.00,1676,-7.516,0.002,0,0,0
09-11-2019 20.00,1677,-7.947,0.002,0,0,0
09-11-2019 21.00,1678,-8.212,0.002,0,0,0
09-11-2019 22.00,1679,-8.417,0.002,0,0,0
09-11-2019 23.00,1680,-8.496,0.002,0,0,0
10-11-2019 0.00,1681,-8.28,0.002,0,0,0
10-11-2019 1.00,1682,-7.847,0.002,0,0,0
10-11-2019 2.00,1683,-7.307,0.002,0,0,0
10-11-2019 3.00,1684,-6.943,0.002,0,0,0
10-11-2019 4.00,1685,-6.912,0.002,0,0,0
10-11-2019 5.00,1686,-6.872,0.002,0,0,0
10-11-2019 6.00,1687,-6.963,0.002,4.218,13.277,0
10-11-2019 7.00,1688,-5.894,0.002,55.996,154.333,274.899
10-11-2019 8.00,1689,-3.08,0.003,135.273,335.985,764.915
10-11-2019 9.00,1690,-0.949,0.003,195.308,475.594,1303.504
10-11-2019 10.00,1691,0.962,0.003,218.387,562.506,1408.617
10-11-2019 11.00,1692,1.883,0.003,204.893,590.798,906.442
10-11-2019 12.00,1693,1.537,0.003,168.583,558.517,370.529
10-11-2019 13.00,1694,0.932,0.004,123.613,467.864,153.585
10-11-2019 14.00,1695,0.377,0.004,74.606,325.004,60.846
10-11-2019 15.00,1696,-0.081,0.004,26.205,139.964,7.48
10-11-2019 16.00,1697,-0.409,0.004,0.914,5.898,0
10-11-2019 17.00,1698,-0.547,0.004,0,0,0
10-11-2019 18.00,1699,-0.665,0.004,0,0,0
10-11-2019 19.00,1700,-0.718,0.004,0,0,0
10-11-2019 20.00,1701,-0.694,0.004,0,0,0
10-11-2019 21.00,1702,-0.573,0.004,0,0,0
10-11-2019 22.00,1703,-0.066,0.004,0,0,0
10-11-2019 23.00,1704,0.41,0.004,0,0,0
11-11-2019 0.00,1705,0.651,0.004,0,0,0
11-11-2019 1.00,1706,0.433,0.004,0,0,0
11-11-2019 2.00,1707,0.469,0.004,0,0,0
11-11-2019 3.00,1708,0.43,0.004,0,0,0
11-11-2019 4.00,1709,0.346,0.003,0,0,0
11-11-2019 5.00,1710,0.304,0.003,0,0,0
11-11-2019 6.00,1711,0.258,0.003,0.692,11.945,0
11-11-2019 7.00,1712,0.2,0.003,28.948,149.097,37.773
11-11-2019 8.00,1713,0.419,0.003,110.942,330.323,342.669
11-11-2019 9.00,1714,0.917,0.003,208.906,469.79,795.916
11-11-2019 10.00,1715,1.516,0.003,290.084,556.63,1501.42
11-11-2019 11.00,1716,2.008,0.003,329.647,584.883,2391.904
11-11-2019 12.00,1717,2.42,0.003,314.831,552.648,3258.656
11-11-2019 13.00,1718,2.344,0.003,255.258,462.08,3204.28
11-11-2019 14.00,1719,1.681,0.003,162.456,319.374,2674.704
11-11-2019 15.00,1720,0.386,0.003,59.885,134.623,1728.125
11-11-2019 16.00,1721,-0.878,0.003,1.737,4.988,0
11-11-2019 17.00,1722,-1.463,0.003,0,0,0
11-11-2019 18.00,1723,-2.493,0.002,0,0,0
11-11-2019 19.00,1724,-4.164,0.002,0,0,0
11-11-2019 20.00,1725,-5.417,0.002,0,0,0
11-11-2019 21.00,1726,-6.259,0.002,0,0,0
11-11-2019 22.00,1727,-6.766,0.002,0,0,0
11-11-2019 23.00,1728,-7.407,0.002,0,0,0
12-11-2019 0.00,1729,-8.108,0.002,0,0,0
12-11-2019 1.00,1730,-8.779,0.002,0,0,0
12-11-2019 2.00,1731,-9.226,0.002,0,0,0
12-11-2019 3.00,1732,-9.286,0.002,0,0,0
12-11-2019 4.00,1733,-10.033,0.002,0,0,0
12-11-2019 5.00,1734,-10.229,0.002,0,0,0
12-11-2019 6.00,1735,-10.714,0.002,4.215,10.724,5.875
12-11-2019 7.00,1736,-9.72,0.002,74.212,143.978,810.398
12-11-2019 8.00,1737,-7.34,0.002,191.688,324.74,2344.121
12-11-2019 9.00,1738,-5.18,0.001,283.999,464.063,2558.588
12-11-2019 10.00,1739,-4.062,0.001,331.577,550.812,2156.038
12-11-2019 11.00,1740,-3.739,0.001,326.945,579.045,1524.143
12-11-2019 12.00,1741,-4.023,0.001,278.554,546.847,784.169
12-11-2019 13.00,1742,-4.514,0.002,197.77,456.379,407.086
12-11-2019 14.00,1743,-5.082,0.002,106.971,313.825,170.435
12-11-2019 15.00,1744,-5.853,0.002,30.417,129.394,31.667
12-11-2019 16.00,1745,-6.444,0.002,0.593,4.195,0
12-11-2019 17.00,1746,-6.64,0.002,0,0,0
12-11-2019 18.00,1747,-6.779,0.002,0,0,0
12-11-2019 19.00,1748,-6.895,0.002,0,0,0
12-11-2019 20.00,1749,-7.022,0.002,0,0,0
12-11-2019 21.00,1750,-7.17,0.002,0,0,0
12-11-2019 22.00,1751,-7.34,0.002,0,0,0
12-11-2019 23.00,1752,-7.666,0.002,0,0,0
13-11-2019 0.00,1753,-8.135,0.002,0,0,0
13-11-2019 1.00,1754,-8.53,0.002,0,0,0
13-11-2019 2.00,1755,-8.697,0.002,0,0,0
13-11-2019 3.00,1756,-8.864,0.002,0,0,0
13-11-2019 4.00,1757,-8.954,0.002,0,0,0
13-11-2019 5.00,1758,-8.751,0.002,0,0,0
13-11-2019 6.00,1759,-8.746,0.002,1.384,9.609,0
13-11-2019 7.00,1760,-8.433,0.002,29.311,138.986,101.199
13-11-2019 8.00,1761,-7.518,0.002,87.585,319.244,264.929
13-11-2019 9.00,1762,-7.045,0.002,140.807,458.437,353.888
13-11-2019 10.00,1763,-6.785,0.002,173.293,545.087,440.739
13-11-2019 11.00,1764,-6.679,0.002,177.816,573.301,485.486
13-11-2019 12.00,1765,-6.832,0.002,158.73,541.131,340.594
13-11-2019 13.00,1766,-7.311,0.002,120.575,450.763,215.098
13-11-2019 14.00,1767,-8.059,0.001,72.919,308.364,119.334
13-11-2019 15.00,1768,-9.032,0.001,25.175,124.275,33.671
13-11-2019 16.00,1769,-10.165,0.001,0.642,3.509,0
13-11-2019 17.00,1770,-11.131,0.001,0,0,0
13-11-2019 18.00,1771,-11.779,0.001,0,0,0
13-11-2019 19.00,1772,-12.038,0.001,0,0,0
13-11-2019 20.00,1773,-12.357,0.001,0,0,0
13-11-2019 21.00,1774,-12.744,0.001,0,0,0
13-11-2019 22.00,1775,-13.227,0.001,0,0,0
13-11-2019 23.00,1776,-13.875,0.001,0,0,0
14-11-2019 0.00,1777,-15.005,0.001,0,0,0
14-11-2019 1.00,1778,-16.02,0.001,0,0,0
14-11-2019 2.00,1779,-16.79,0.001,0,0,0
14-11-2019 3.00,1780,-17.687,0.001,0,0,0
14-11-2019 4.00,1781,-18.056,0.001,0,0,0
14-11-2019 5.00,1782,-18.023,0.001,0,0,0
14-11-2019 6.00,1783,-17.785,0.001,2.671,8.59,0
14-11-2019 7.00,1784,-16.738,0.001,63.09,134.119,279.262
14-11-2019 8.00,1785,-14.438,0.001,183.702,313.849,654.427
14-11-2019 9.00,1786,-13.462,0.001,285.221,452.892,554.524
14-11-2019 10.00,1787,-13.174,0.001,324.939,539.449,570.187
14-11-2019 11.00,1788,-13.102,0.001,329.446,567.637,677.229
14-11-2019 12.00,1789,-13.166,0.001,297.368,535.506,552.692
14-11-2019 13.00,1790,-13.233,0.001,231.844,445.244,473.555
14-11-2019 14.00,1791,-13.342,0.001,141.892,302.996,327.823
14-11-2019 15.00,1792,-13.606,0.001,48.004,119.284,128.794
14-11-2019 16.00,1793,-14.562,0.001,0.947,2.921,0
14-11-2019 17.00,1794,-15.995,0.001,0,0,0
14-11-2019 18.00,1795,-17.016,0.001,0,0,0
14-11-2019 19.00,1796,-17.634,0.001,0,0,0
14-11-2019 20.00,1797,-18.273,0.001,0,0,0
14-11-2019 21.00,1798,-18.761,0.001,0,0,0
14-11-2019 22.00,1799,-19.032,0.001,0,0,0
14-11-2019 23.00,1800,-19.28,0.001,0,0,0
15-11-2019 0.00,1801,-19.58,0.001,0,0,0
15-11-2019 1.00,1802,-19.846,0.001,0,0,0
15-11-2019 2.00,1803,-20.118,0.001,0,0,0
15-11-2019 3.00,1804,-20.24,0.001,0,0,0
15-11-2019 4.00,1805,-20.349,0.001,0,0,0
15-11-2019 5.00,1806,-20.27,0.001,0,0,0
15-11-2019 6.00,1807,-20.09,0.001,3.081,7.663,0
15-11-2019 7.00,1808,-18.853,0.001,72.698,129.383,363.223
15-11-2019 8.00,1809,-16.545,0.001,210.627,308.541,1884.827
15-11-2019 9.00,1810,-15.088,0.001,330.891,447.438,3255.126
15-11-2019 10.00,1811,-14.154,0.001,399.084,533.921,3369.592
15-11-2019 11.00,1812,-13.777,0.001,405.287,562.078,3012.458
15-11-2019 12.00,1813,-13.386,0.001,365.22,529.985,2424.429
15-11-2019 13.00,1814,-13.082,0.001,288.031,439.818,2048.731
15-11-2019 14.00,1815,-12.998,0.001,175.947,297.724,1188.195
15-11-2019 15.00,1816,-13.256,0.001,56.369,114.419,892.381
15-11-2019 16.00,1817,-13.995,0.001,0.825,2.42,0
15-11-2019 17.00,1818,-14.576,0.001,0,0,0
15-11-2019 18.00,1819,-14.782,0.001,0,0,0
15-11-2019 19.00,1820,-14.733,0.001,0,0,0
15-11-2019 20.00,1821,-14.547,0.001,0,0,0
15-11-2019 21.00,1822,-14.584,0.001,0,0,0
15-11-2019 22.00,1823,-15.076,0.001,0,0,0
15-11-2019 23.00,1824,-16.006,0.001,0,0,0
16-11-2019 0.00,1825,-16.99,0.001,0,0,0
16-11-2019 1.00,1826,-17.958,0.001,0,0,0
16-11-2019 2.00,1827,-18.725,0.001,0,0,0
16-11-2019 3.00,1828,-19.182,0.001,0,0,0
16-11-2019 4.00,1829,-19.579,0.001,0,0,0
16-11-2019 5.00,1830,-19.732,0.001,0,0,0
16-11-2019 6.00,1831,-19.895,0.001,2.447,6.821,0
16-11-2019 7.00,1832,-19.103,0.001,64.51,124.78,1051.847
16-11-2019 8.00,1833,-16.797,0.001,187.095,303.332,2955.196
16-11-2019 9.00,1834,-15.13,0.001,291.902,442.085,3559.907
16-11-2019 10.00,1835,-14.028,0.001,353.488,528.483,3785.562
16-11-2019 11.00,1836,-13.279,0.001,363.896,556.611,3829.972
16-11-2019 12.00,1837,-12.818,0.001,334.461,524.552,3678.257
16-11-2019 13.00,1838,-12.65,0.001,260.568,434.492,3065.365
16-11-2019 14.00,1839,-12.858,0.001,159.128,292.549,2094.837
16-11-2019 15.00,1840,-13.478,0.001,51.012,109.693,1258.867
16-11-2019 16.00,1841,-14.82,0.001,0.681,1.996,0
16-11-2019 17.00,1842,-15.737,0.001,0,0,0
16-11-2019 18.00,1843,-16.226,0.001,0,0,0
16-11-2019 19.00,1844,-16.61,0.001,0,0,0
16-11-2019 20.00,1845,-17.141,0.001,0,0,0
16-11-2019 21.00,1846,-17.541,0.001,0,0,0
16-11-2019 22.00,1847,-17.629,0.001,0,0,0
16-11-2019 23.00,1848,-17.7,0.001,0,0,0
17-11-2019 0.00,1849,-17.933,0.001,0,0,0
17-11-2019 1.00,1850,-18.066,0.001,0,0,0
17-11-2019 2.00,1851,-18.009,0.001,0,0,0
17-11-2019 3.00,1852,-17.859,0.001,0,0,0
17-11-2019 4.00,1853,-17.802,0.001,0,0,0
17-11-2019 5.00,1854,-17.592,0.001,0,0,0
17-11-2019 6.00,1855,-17.262,0.001,2.256,6.058,0
17-11-2019 7.00,1856,-16.23,0.001,61.593,120.313,1273.947
17-11-2019 8.00,1857,-13.465,0.001,176.662,298.218,2346.819
17-11-2019 9.00,1858,-9.967,0.001,260.606,436.841,2217
17-11-2019 10.00,1859,-8.026,0.001,302.671,523.142,2131.856
17-11-2019 11.00,1860,-6.672,0.001,300.89,551.249,1986.593
17-11-2019 12.00,1861,-6.203,0.001,254.531,519.231,1239.173
17-11-2019 13.00,1862,-6.522,0.001,174.233,429.266,477.95
17-11-2019 14.00,1863,-7.155,0.001,86.455,287.472,155.756
17-11-2019 15.00,1864,-7.944,0.001,19.108,105.11,26.342
17-11-2019 16.00,1865,-8.494,0.001,0.068,1.638,0
17-11-2019 17.00,1866,-8.745,0.001,0,0,0
17-11-2019 18.00,1867,-8.927,0.001,0,0,0
17-11-2019 19.00,1868,-9.01,0.002,0,0,0
17-11-2019 20.00,1869,-8.999,0.002,0,0,0
17-11-2019 21.00,1870,-8.924,0.002,0,0,0
17-11-2019 22.00,1871,-8.907,0.002,0,0,0
17-11-2019 23.00,1872,-8.943,0.002,0,0,0
18-11-2019 0.00,1873,-9.027,0.002,0,0,0
18-11-2019 1.00,1874,-9.127,0.002,0,0,0
18-11-2019 2.00,1875,-9.227,0.002,0,0,0
18-11-2019 3.00,1876,-9.373,0.002,0,0,0
18-11-2019 4.00,1877,-9.57,0.002,0,0,0
18-11-2019 5.00,1878,-9.773,0.002,0,0,0
18-11-2019 6.00,1879,-9.78,0.002,0.339,5.368,0
18-11-2019 7.00,1880,-9.582,0.002,16.951,115.991,5.718
18-11-2019 8.00,1881,-9.281,0.001,58.376,293.211,89.38
18-11-2019 9.00,1882,-9.302,0.001,95.813,431.689,313.903
18-11-2019 10.00,1883,-9.712,0.001,121.797,517.905,596.006
18-11-2019 11.00,1884,-10.311,0.001,133.399,545.989,672.351
18-11-2019 12.00,1885,-10.739,0.001,131.32,513.998,549.911
18-11-2019 13.00,1886,-11.048,0.001,105.702,424.137,381.748
18-11-2019 14.00,1887,-11.377,0.001,63.122,282.503,180.836
18-11-2019 15.00,1888,-11.781,0.001,16.969,100.677,19.285
18-11-2019 16.00,1889,-12.277,0.001,0.19,1.34,0
18-11-2019 17.00,1890,-12.74,0.001,0,0,0
18-11-2019 18.00,1891,-13.115,0.001,0,0,0
18-11-2019 19.00,1892,-13.442,0.001,0,0,0
18-11-2019 20.00,1893,-13.568,0.001,0,0,0
18-11-2019 21.00,1894,-13.271,0.001,0,0,0
18-11-2019 22.00,1895,-12.927,0.001,0,0,0
18-11-2019 23.00,1896,-12.711,0.001,0,0,0
19-11-2019 0.00,1897,-12.855,0.001,0,0,0
19-11-2019 1.00,1898,-13.022,0.001,0,0,0
19-11-2019 2.00,1899,-13.337,0.001,0,0,0
19-11-2019 3.00,1900,-13.671,0.001,0,0,0
19-11-2019 4.00,1901,-13.903,0.001,0,0,0
19-11-2019 5.00,1902,-14.076,0.001,0,0,0
19-11-2019 6.00,1903,-14.239,0.001,0.941,4.745,0
19-11-2019 7.00,1904,-14.266,0.001,28.988,111.808,31.869
19-11-2019 8.00,1905,-14.125,0.001,98.798,288.307,158.388
19-11-2019 9.00,1906,-13.926,0.001,172.242,426.642,383.411
19-11-2019 10.00,1907,-13.719,0.001,215.708,512.783,588.02
19-11-2019 11.00,1908,-13.514,0.001,222.081,540.844,717.392
19-11-2019 12.00,1909,-13.416,0.001,189.682,508.896,584.212
19-11-2019 13.00,1910,-13.441,0.001,139.062,419.115,405.072
19-11-2019 14.00,1911,-13.564,0.001,80.239,277.636,205.264
19-11-2019 15.00,1912,-13.665,0.001,22.083,96.393,28.061
19-11-2019 16.00,1913,-13.779,0.001,0.177,1.09,0
19-11-2019 17.00,1914,-13.861,0.001,0,0,0
19-11-2019 18.00,1915,-13.971,0.001,0,0,0
19-11-2019 19.00,1916,-14.096,0.001,0,0,0
19-11-2019 20.00,1917,-14.538,0.001,0,0,0
19-11-2019 21.00,1918,-14.953,0.001,0,0,0
19-11-2019 22.00,1919,-15.202,0.001,0,0,0
19-11-2019 23.00,1920,-15.357,0.001,0,0,0
20-11-2019 0.00,1921,-15.427,0.001,0,0,0
20-11-2019 1.00,1922,-15.473,0.001,0,0,0
20-11-2019 2.00,1923,-15.506,0.001,0,0,0
20-11-2019 3.00,1924,-15.555,0.001,0,0,0
20-11-2019 4.00,1925,-15.65,0.001,0,0,0
20-11-2019 5.00,1926,-15.626,0.001,0,0,0
20-11-2019 6.00,1927,-15.568,0.001,1.227,4.185,0
20-11-2019 7.00,1928,-15.328,0.001,48.5,107.766,235.006
20-11-2019 8.00,1929,-14.004,0.001,161.168,283.512,906.769
20-11-2019 9.00,1930,-12.842,0.001,276.087,421.715,1336.352
20-11-2019 10.00,1931,-12.185,0.001,343.519,507.755,1169.227
20-11-2019 11.00,1932,-12.001,0.001,358.402,535.795,1031.406
20-11-2019 12.00,1933,-11.978,0.001,319.052,503.889,835.667
20-11-2019 13.00,1934,-12.07,0.001,240.527,414.213,596.074
20-11-2019 14.00,1935,-12.319,0.001,140.195,272.882,327.422
20-11-2019 15.00,1936,-12.774,0.001,39.727,92.27,81.322
20-11-2019 16.00,1937,-13.672,0.001,0.272,0.883,0
20-11-2019 17.00,1938,-15.252,0.001,0,0,0
20-11-2019 18.00,1939,-17.032,0.001,0,0,0
20-11-2019 19.00,1940,-18.296,0.001,0,0,0
20-11-2019 20.00,1941,-19.063,0.001,0,0,0
20-11-2019 21.00,1942,-19.608,0.001,0,0,0
20-11-2019 22.00,1943,-19.923,0.001,0,0,0
20-11-2019 23.00,1944,-20.026,0.001,0,0,0
21-11-2019 0.00,1945,-20.156,0.001,0,0,0
21-11-2019 1.00,1946,-20.286,0.001,0,0,0
21-11-2019 2.00,1947,-20.369,0.001,0,0,0
21-11-2019 3.00,1948,-20.358,0.001,0,0,0
21-11-2019 4.00,1949,-20.247,0.001,0,0,0
21-11-2019 5.00,1950,-20.025,0.001,0,0,0
21-11-2019 6.00,1951,-19.637,0.001,1.063,3.682,0
21-11-2019 7.00,1952,-18.749,0.001,48.476,103.871,695.871
21-11-2019 8.00,1953,-16.091,0.001,167.218,278.835,2435.364
21-11-2019 9.00,1954,-11.756,0.001,282.281,416.893,3131.844
21-11-2019 10.00,1955,-8.833,0.001,356.669,502.858,3420.312
21-11-2019 11.00,1956,-7.126,0.001,378.902,530.865,3512.207
21-11-2019 12.00,1957,-6.267,0.002,347.561,499.001,3494.565
21-11-2019 13.00,1958,-6.055,0.002,265.785,409.427,3267.278
21-11-2019 14.00,1959,-6.647,0.002,148.603,268.237,2612.549
21-11-2019 15.00,1960,-9.686,0.002,34.199,88.307,1285.122
21-11-2019 16.00,1961,-12.865,0.001,0.143,0.711,0
21-11-2019 17.00,1962,-13.675,0.001,0,0,0
21-11-2019 18.00,1963,-13.62,0.002,0,0,0
21-11-2019 19.00,1964,-12.556,0.002,0,0,0
21-11-2019 20.00,1965,-10.681,0.002,0,0,0
21-11-2019 21.00,1966,-8.948,0.002,0,0,0
21-11-2019 22.00,1967,-7.35,0.002,0,0,0
21-11-2019 23.00,1968,-5.988,0.002,0,0,0
22-11-2019 0.00,1969,-5.116,0.002,0,0,0
22-11-2019 1.00,1970,-4.386,0.002,0,0,0
22-11-2019 2.00,1971,-3.5,0.002,0,0,0
22-11-2019 3.00,1972,-3.141,0.002,0,0,0
22-11-2019 4.00,1973,-2.746,0.002,0,0,0
22-11-2019 5.00,1974,-2.496,0.002,0,0,0
22-11-2019 6.00,1975,-2.287,0.002,0.501,3.231,0
22-11-2019 7.00,1976,-1.703,0.002,21.193,100.12,31.486
22-11-2019 8.00,1977,-0.981,0.002,73.858,274.263,158.649
22-11-2019 9.00,1978,-0.236,0.003,128.029,412.19,290.582
22-11-2019 10.00,1979,0.192,0.003,166.17,498.075,337.507
22-11-2019 11.00,1980,0.429,0.003,177.582,526.061,243.264
22-11-2019 12.00,1981,0.571,0.003,165.666,494.234,121.63
22-11-2019 13.00,1982,0.74,0.003,128.301,404.747,61.858
22-11-2019 14.00,1983,0.906,0.003,71.272,263.704,12.02
22-11-2019 15.00,1984,1.08,0.003,17.114,84.505,0
22-11-2019 16.00,1985,1.259,0.003,0.067,0.569,0
22-11-2019 17.00,1986,1.408,0.003,0,0,0
22-11-2019 18.00,1987,1.489,0.003,0,0,0
22-11-2019 19.00,1988,1.547,0.003,0,0,0
22-11-2019 20.00,1989,1.587,0.004,0,0,0
22-11-2019 21.00,1990,1.617,0.004,0,0,0
22-11-2019 22.00,1991,1.725,0.004,0,0,0
22-11-2019 23.00,1992,1.798,0.003,0,0,0
23-11-2019 0.00,1993,1.841,0.003,0,0,0
23-11-2019 1.00,1994,1.83,0.003,0,0,0
23-11-2019 2.00,1995,1.735,0.003,0,0,0
23-11-2019 3.00,1996,1.453,0.003,0,0,0
23-11-2019 4.00,1997,0.885,0.003,0,0,0
23-11-2019 5.00,1998,-0.045,0.003,0,0,0
23-11-2019 6.00,1999,-1.201,0.002,0.301,2.829,0
23-11-2019 7.00,2000,-2.272,0.002,27.344,96.513,111.982
23-11-2019 8.00,2001,-2.587,0.002,119.2,269.806,1336.368
23-11-2019 9.00,2002,-2.384,0.002,213.35,407.603,2186.681
23-11-2019 10.00,2003,-1.968,0.002,277.351,493.409,2819.666
23-11-2019 11.00,2004,-1.93,0.002,293.818,521.362,2665.397
23-11-2019 12.00,2005,-2.524,0.002,262.543,489.581,1800.567
23-11-2019 13.00,2006,-3.456,0.002,194.688,400.189,979.693
23-11-2019 14.00,2007,-4.554,0.002,112.563,259.292,925.206
23-11-2019 15.00,2008,-6.198,0.002,29.706,80.863,985.909
23-11-2019 16.00,2009,-8.326,0.002,0.124,0.452,0
23-11-2019 17.00,2010,-9.537,0.002,0,0,0
23-11-2019 18.00,2011,-9.68,0.002,0,0,0
23-11-2019 19.00,2012,-9.592,0.002,0,0,0
23-11-2019 20.00,2013,-9.719,0.001,0,0,0
23-11-2019 21.00,2014,-10.423,0.001,0,0,0
23-11-2019 22.00,2015,-11.184,0.001,0,0,0
23-11-2019 23.00,2016,-11.313,0.001,0,0,0
24-11-2019 0.00,2017,-11.458,0.001,0,0,0
24-11-2019 1.00,2018,-11.805,0.001,0,0,0
24-11-2019 2.00,2019,-12.266,0.001,0,0,0
24-11-2019 3.00,2020,-12.776,0.001,0,0,0
24-11-2019 4.00,2021,-13.198,0.001,0,0,0
24-11-2019 5.00,2022,-13.507,0.001,0,0,0
24-11-2019 6.00,2023,-13.773,0.001,0.27,2.471,0
24-11-2019 7.00,2024,-14.126,0.001,25.776,93.057,247.713
24-11-2019 8.00,2025,-13.2,0.001,113.1,265.471,1334.588
24-11-2019 9.00,2026,-12.262,0.001,203.235,403.142,1972.669
24-11-2019 10.00,2027,-11.666,0.001,262.172,488.871,2594.408
24-11-2019 11.00,2028,-11.281,0.001,284.273,516.802,2636.429
24-11-2019 12.00,2029,-10.937,0.001,272.667,485.043,3561.705
24-11-2019 13.00,2030,-11.012,0.001,222.375,395.748,3555.578
24-11-2019 14.00,2031,-11.66,0.001,135.844,254.998,3041.437
24-11-2019 15.00,2032,-13.676,0.001,35.181,77.385,1530.841
24-11-2019 16.00,2033,-15.722,0.001,0.103,0.356,0
24-11-2019 17.00,2034,-16.503,0.001,0,0,0
24-11-2019 18.00,2035,-17.101,0.001,0,0,0
24-11-2019 19.00,2036,-17.599,0.001,0,0,0
24-11-2019 20.00,2037,-18.039,0.001,0,0,0
24-11-2019 21.00,2038,-18.45,0.001,0,0,0
24-11-2019 22.00,2039,-18.789,0.001,0,0,0
24-11-2019 23.00,2040,-19.072,0.001,0,0,0
25-11-2019 0.00,2041,-19.312,0.001,0,0,0
25-11-2019 1.00,2042,-19.454,0.001,0,0,0
25-11-2019 2.00,2043,-19.659,0.001,0,0,0
25-11-2019 3.00,2044,-19.803,0.001,0,0,0
25-11-2019 4.00,2045,-19.798,0.001,0,0,0
25-11-2019 5.00,2046,-19.685,0.001,0,0,0
25-11-2019 6.00,2047,-19.716,0.001,0.77,2.153,0
25-11-2019 7.00,2048,-19.377,0.001,47.759,89.74,638.607
25-11-2019 8.00,2049,-17.235,0.001,170.541,261.266,2512.188
25-11-2019 9.00,2050,-15.261,0.001,284.637,398.804,3378.177
25-11-2019 10.00,2051,-13.801,0.001,359.978,484.456,3642.376
25-11-2019 11.00,2052,-12.749,0.001,383.331,512.366,3733.803
25-11-2019 12.00,2053,-12.081,0.001,352.743,480.653,3734.223
25-11-2019 13.00,2054,-11.865,0.001,273.219,391.438,3557.267
25-11-2019 14.00,2055,-12.145,0.001,157.102,250.826,3032.548
25-11-2019 15.00,2056,-13.815,0.001,36.832,74.067,1469.81
25-11-2019 16.00,2057,-16.154,0.001,0.078,0.278,0
25-11-2019 17.00,2058,-16.925,0.001,0,0,0
25-11-2019 18.00,2059,-17.289,0.001,0,0,0
25-11-2019 19.00,2060,-17.397,0.001,0,0,0
25-11-2019 20.00,2061,-17.625,0.001,0,0,0
25-11-2019 21.00,2062,-17.854,0.001,0,0,0
25-11-2019 22.00,2063,-17.972,0.001,0,0,0
25-11-2019 23.00,2064,-18.022,0.001,0,0,0
26-11-2019 0.00,2065,-17.868,0.001,0,0,0
26-11-2019 1.00,2066,-17.118,0.001,0,0,0
26-11-2019 2.00,2067,-16.389,0.001,0,0,0
26-11-2019 3.00,2068,-16.01,0.001,0,0,0
26-11-2019 4.00,2069,-16.083,0.001,0,0,0
26-11-2019 5.00,2070,-16.658,0.001,0,0,0
26-11-2019 6.00,2071,-17.48,0.001,0.562,1.871,0
26-11-2019 7.00,2072,-17.123,0.001,35.027,86.569,791.605
26-11-2019 8.00,2073,-14.425,0.001,112.193,257.179,1334.955
26-11-2019 9.00,2074,-11.82,0.001,180.3,394.592,1364.85
26-11-2019 10.00,2075,-9.918,0.001,221.747,480.167,1365.264
26-11-2019 11.00,2076,-8.898,0.001,231.04,508.064,1149.458
26-11-2019 12.00,2077,-8.409,0.001,208.92,476.374,824.968
26-11-2019 13.00,2078,-8.318,0.001,154.71,387.255,611.509
26-11-2019 14.00,2079,-8.639,0.001,85.664,246.779,350.757
26-11-2019 15.00,2080,-9.648,0.001,20.91,70.907,106.238
26-11-2019 16.00,2081,-11.101,0.001,0.055,0.216,0
26-11-2019 17.00,2082,-11.741,0.001,0,0,0
26-11-2019 18.00,2083,-12.001,0.001,0,0,0
26-11-2019 19.00,2084,-12.365,0.001,0,0,0
26-11-2019 20.00,2085,-12.56,0.001,0,0,0
26-11-2019 21.00,2086,-12.723,0.001,0,0,0
26-11-2019 22.00,2087,-12.634,0.001,0,0,0
26-11-2019 23.00,2088,-12.586,0.001,0,0,0
27-11-2019 0.00,2089,-12.77,0.001,0,0,0
27-11-2019 1.00,2090,-12.976,0.001,0,0,0
27-11-2019 2.00,2091,-13.91,0.001,0,0,0
27-11-2019 3.00,2092,-15.172,0.001,0,0,0
27-11-2019 4.00,2093,-16.113,0.001,0,0,0
27-11-2019 5.00,2094,-16.661,0.001,0,0,0
27-11-2019 6.00,2095,-17.29,0.001,0.337,1.622,0
27-11-2019 7.00,2096,-18.23,0.001,37.4,83.542,732.138
27-11-2019 8.00,2097,-17.237,0.001,154.749,253.217,2769.227
27-11-2019 9.00,2098,-15.814,0.001,272.387,390.513,3463.349
27-11-2019 10.00,2099,-14.826,0.001,351.43,476.013,3735.99
27-11-2019 11.00,2100,-14.271,0.001,378.029,503.89,3838.435
27-11-2019 12.00,2101,-14.083,0.001,348.098,472.236,3859.674
27-11-2019 13.00,2102,-14.232,0.001,268.325,383.207,3706.165
27-11-2019 14.00,2103,-14.77,0.001,152.534,242.859,3209.61
27-11-2019 15.00,2104,-16.14,0.001,33.38,67.905,1479.417
27-11-2019 16.00,2105,-18.346,0.001,0.046,0.165,0
27-11-2019 17.00,2106,-19.161,0.001,0,0,0
27-11-2019 18.00,2107,-19.558,0.001,0,0,0
27-11-2019 19.00,2108,-19.916,0.001,0,0,0
27-11-2019 20.00,2109,-20.163,0.001,0,0,0
27-11-2019 21.00,2110,-20.318,0.001,0,0,0
27-11-2019 22.00,2111,-20.401,0.001,0,0,0
27-11-2019 23.00,2112,-20.64,0.001,0,0,0
28-11-2019 0.00,2113,-20.673,0.001,0,0,0
28-11-2019 1.00,2114,-20.513,0.001,0,0,0
28-11-2019 2.00,2115,-20.515,0.001,0,0,0
28-11-2019 3.00,2116,-20.473,0.001,0,0,0
28-11-2019 4.00,2117,-20.365,0.001,0,0,0
28-11-2019 5.00,2118,-20.076,0.001,0,0,0
28-11-2019 6.00,2119,-20.033,0.001,0.472,1.404,0
28-11-2019 7.00,2120,-19.689,0.001,39.621,80.656,262.137
28-11-2019 8.00,2121,-17.699,0.001,146.601,249.388,1125.561
28-11-2019 9.00,2122,-15.644,0.001,254.745,386.561,2004.785
28-11-2019 10.00,2123,-13.85,0.001,331.018,471.992,2689.841
28-11-2019 11.00,2124,-12.781,0.001,356.952,499.857,2919.086
28-11-2019 12.00,2125,-12.409,0.001,330.761,468.231,2695.178
28-11-2019 13.00,2126,-12.522,0.001,255.104,379.286,2239.254
28-11-2019 14.00,2127,-13.066,0.001,142.656,239.07,1316.052
28-11-2019 15.00,2128,-14.061,0.001,30.306,65.058,184.42
28-11-2019 16.00,2129,-15.251,0.001,0.033,0.125,0
28-11-2019 17.00,2130,-15.458,0.001,0,0,0
28-11-2019 18.00,2131,-15.541,0.001,0,0,0
28-11-2019 19.00,2132,-16.049,0.001,0,0,0
28-11-2019 20.00,2133,-16.832,0.001,0,0,0
28-11-2019 21.00,2134,-17.335,0.001,0,0,0
28-11-2019 22.00,2135,-18.063,0.001,0,0,0
28-11-2019 23.00,2136,-19.061,0.001,0,0,0
29-11-2019 0.00,2137,-19.608,0.001,0,0,0
29-11-2019 1.00,2138,-19.986,0.001,0,0,0
29-11-2019 2.00,2139,-20.194,0.001,0,0,0
29-11-2019 3.00,2140,-20.002,0.001,0,0,0
29-11-2019 4.00,2141,-19.731,0.001,0,0,0
29-11-2019 5.00,2142,-19.91,0.001,0,0,0
29-11-2019 6.00,2143,-20.157,0.001,0.358,1.211,0
29-11-2019 7.00,2144,-19.823,0.001,38.276,77.913,383.141
29-11-2019 8.00,2145,-17.379,0.001,152.144,245.686,1986.684
29-11-2019 9.00,2146,-15.089,0.001,266.82,382.751,3047.202
29-11-2019 10.00,2147,-13.305,0.001,341.54,468.118,3488.133
29-11-2019 11.00,2148,-11.984,0.001,365.41,495.95,3608.813
29-11-2019 12.00,2149,-11.166,0.001,336.644,464.365,3587.18
29-11-2019 13.00,2150,-11.044,0.001,258.807,375.5,3376.729
29-11-2019 14.00,2151,-11.573,0.001,144.686,235.412,2772.908
29-11-2019 15.00,2152,-13.842,0.001,29.723,62.361,1057.533
29-11-2019 16.00,2153,-16.345,0.001,0.023,0.094,0
29-11-2019 17.00,2154,-17.054,0.001,0,0,0
29-11-2019 18.00,2155,-17.55,0.001,0,0,0
29-11-2019 19.00,2156,-17.908,0.001,0,0,0
29-11-2019 20.00,2157,-18.196,0.001,0,0,0
29-11-2019 21.00,2158,-18.421,0.001,0,0,0
29-11-2019 22.00,2159,-18.541,0.001,0,0,0
29-11-2019 23.00,2160,-18.663,0.001,0,0,0
30-11-2019 0.00,2161,-18.631,0.001,0,0,0
30-11-2019 1.00,2162,-18.545,0.001,0,0,0
30-11-2019 2.00,2163,-18.503,0.001,0,0,0
30-11-2019 3.00,2164,-18.455,0.001,0,0,0
30-11-2019 4.00,2165,-18.559,0.001,0,0,0
30-11-2019 5.00,2166,-18.57,0.001,0,0,0
30-11-2019 6.00,2167,-18.236,0.001,0.286,1.043,0
30-11-2019 7.00,2168,-17.216,0.001,24.382,75.31,154.862
30-11-2019 8.00,2169,-14.482,0.001,82.355,242.126,316.663
30-11-2019 9.00,2170,-12.929,0.001,129.911,379.077,421.536
30-11-2019 10.00,2171,-11.937,0.001,152.802,464.372,525.946
30-11-2019 11.00,2172,-11.183,0.001,148.02,492.189,536.278
30-11-2019 12.00,2173,-10.743,0.001,121.061,460.64,383.075
30-11-2019 13.00,2174,-10.637,0.001,81.522,371.858,232.439
30-11-2019 14.00,2175,-10.889,0.001,39.022,231.887,97.222
30-11-2019 15.00,2176,-11.36,0.001,6.459,59.815,2.788
30-11-2019 16.00,2177,-11.71,0.001,0.005,0.069,0
30-11-2019 17.00,2178,-11.819,0.001,0,0,0
30-11-2019 18.00,2179,-11.76,0.001,0,0,0
30-11-2019 19.00,2180,-11.658,0.001,0,0,0
30-11-2019 20.00,2181,-11.555,0.001,0,0,0
30-11-2019 21.00,2182,-11.344,0.001,0,0,0
30-11-2019 22.00,2183,-10.946,0.001,0,0,0
30-11-2019 23.00,2184,-10.19,0.001,0,0,0
