??,??,??,??,??????,????????,????
01-03-2019 0.00,1,-8.083,0.002,0,0,0
01-03-2019 1.00,2,-8.324,0.002,0,0,0
01-03-2019 2.00,3,-8.261,0.002,0,0,0
01-03-2019 3.00,4,-8.036,0.002,0,0,0
01-03-2019 4.00,5,-8.291,0.002,0,0,0
01-03-2019 5.00,6,-8.859,0.002,0.408,1.828,0
01-03-2019 6.00,7,-8.852,0.002,39.952,106.569,762.495
01-03-2019 7.00,8,-6.058,0.002,166.619,322.632,1947.657
01-03-2019 8.00,9,-3.166,0.002,318.431,512.087,3178.949
01-03-2019 9.00,10,-0.677,0.002,450.461,656.924,3645.347
01-03-2019 10.00,11,0.617,0.002,535.434,747.324,3771.749
01-03-2019 11.00,12,1.204,0.002,547.181,777.102,3806.537
01-03-2019 12.00,13,1.498,0.002,514.879,744.303,3831.06
01-03-2019 13.00,14,1.501,0.002,442.871,651.12,3649.843
01-03-2019 14.00,15,1.134,0.002,329.011,503.958,3225.598
01-03-2019 15.00,16,0.182,0.002,183.507,312.85,2361.691
01-03-2019 16.00,17,-3.08,0.002,43.72,95.739,720.882
01-03-2019 17.00,18,-6.011,0.002,0.112,0.464,0
01-03-2019 18.00,19,-7.035,0.002,0,0,0
01-03-2019 19.00,20,-7.879,0.002,0,0,0
01-03-2019 20.00,21,-8.616,0.002,0,0,0
01-03-2019 21.00,22,-9.25,0.002,0,0,0
01-03-2019 22.00,23,-9.54,0.002,0,0,0
01-03-2019 23.00,24,-9.674,0.002,0,0,0
02-03-2019 0.00,25,-9.752,0.002,0,0,0
02-03-2019 1.00,26,-10.048,0.002,0,0,0
02-03-2019 2.00,27,-10.397,0.002,0,0,0
02-03-2019 3.00,28,-10.589,0.002,0,0,0
02-03-2019 4.00,29,-10.796,0.002,0,0,0
02-03-2019 5.00,30,-11.148,0.002,0.626,2.301,0
02-03-2019 6.00,31,-9.868,0.002,48.84,112.536,1813.39
02-03-2019 7.00,32,-5.409,0.002,180.449,329.608,2724.564
02-03-2019 8.00,33,-2.236,0.002,320.161,519.136,3056.053
02-03-2019 9.00,34,0.914,0.002,432.343,664.04,3189.002
02-03-2019 10.00,35,2.894,0.002,497.883,754.46,2959.622
02-03-2019 11.00,36,4.055,0.002,508.139,784.26,2728.797
02-03-2019 12.00,37,4.601,0.002,459.765,751.454,2044.222
02-03-2019 13.00,38,4.554,0.002,368.846,658.229,1280.288
02-03-2019 14.00,39,3.908,0.003,251.167,511.002,729.565
02-03-2019 15.00,40,2.185,0.003,132.093,319.819,282.732
02-03-2019 16.00,41,0.259,0.003,33.417,101.762,29.295
02-03-2019 17.00,42,-0.573,0.003,0.168,0.692,0
02-03-2019 18.00,43,-1.017,0.003,0,0,0
02-03-2019 19.00,44,-1.875,0.003,0,0,0
02-03-2019 20.00,45,-2.799,0.003,0,0,0
02-03-2019 21.00,46,-3.848,0.002,0,0,0
02-03-2019 22.00,47,-4.742,0.002,0,0,0
02-03-2019 23.00,48,-5.571,0.002,0,0,0
03-03-2019 0.00,49,-6.392,0.002,0,0,0
03-03-2019 1.00,50,-7.209,0.002,0,0,0
03-03-2019 2.00,51,-7.715,0.002,0,0,0
03-03-2019 3.00,52,-8.024,0.002,0,0,0
03-03-2019 4.00,53,-8.318,0.002,0,0,0
03-03-2019 5.00,54,-8.837,0.002,0.544,2.855,0
03-03-2019 6.00,55,-7.981,0.002,45.271,118.637,1500.084
03-03-2019 7.00,56,-4.979,0.002,177.716,336.589,2505.75
03-03-2019 8.00,57,-2.11,0.002,333.503,526.194,3558.405
03-03-2019 9.00,58,1.461,0.002,461.808,671.15,3854.448
03-03-2019 10.00,59,3.544,0.002,540.294,761.614,3957.306
03-03-2019 11.00,60,4.542,0.002,557.697,791.422,3951.489
03-03-2019 12.00,61,4.987,0.002,523.8,758.572,3884.882
03-03-2019 13.00,62,4.964,0.002,447.626,665.337,3660.496
03-03-2019 14.00,63,4.566,0.003,328.977,518.056,3212.579
03-03-2019 15.00,64,3.086,0.003,182.027,326.803,2314.281
03-03-2019 16.00,65,1.102,0.003,45.659,107.93,687.083
03-03-2019 17.00,66,0.594,0.002,0.231,0.998,0
03-03-2019 18.00,67,0.443,0.002,0,0,0
03-03-2019 19.00,68,0.073,0.002,0,0,0
03-03-2019 20.00,69,-0.491,0.002,0,0,0
03-03-2019 21.00,70,-1.038,0.002,0,0,0
03-03-2019 22.00,71,-1.529,0.002,0,0,0
03-03-2019 23.00,72,-2.016,0.002,0,0,0
04-03-2019 0.00,73,-2.487,0.002,0,0,0
04-03-2019 1.00,74,-2.858,0.002,0,0,0
04-03-2019 2.00,75,-3.156,0.002,0,0,0
04-03-2019 3.00,76,-3.441,0.002,0,0,0
04-03-2019 4.00,77,-3.682,0.002,0,0,0
04-03-2019 5.00,78,-3.819,0.002,0.874,3.5,0
04-03-2019 6.00,79,-3.53,0.002,48.84,124.867,1479.099
04-03-2019 7.00,80,-1.862,0.002,177.809,343.584,2381.034
04-03-2019 8.00,81,1.065,0.002,327.743,533.242,3365.86
04-03-2019 9.00,82,4.214,0.002,448.896,678.246,3794.923
04-03-2019 10.00,83,5.718,0.002,521.776,768.741,3927.02
04-03-2019 11.00,84,6.598,0.002,540.382,798.558,3914.225
04-03-2019 12.00,85,7.002,0.002,504.751,765.7,3836.62
04-03-2019 13.00,86,6.945,0.002,419.799,672.435,3621.529
04-03-2019 14.00,87,6.426,0.003,295.664,525.107,3097.467
04-03-2019 15.00,88,5.062,0.003,161.222,333.794,2154.531
04-03-2019 16.00,89,3.291,0.003,40.981,114.225,592.933
04-03-2019 17.00,90,2.33,0.002,0.277,1.392,0
04-03-2019 18.00,91,1.853,0.002,0,0,0
04-03-2019 19.00,92,1.544,0.002,0,0,0
04-03-2019 20.00,93,1.486,0.002,0,0,0
04-03-2019 21.00,94,1.529,0.002,0,0,0
04-03-2019 22.00,95,1.434,0.002,0,0,0
04-03-2019 23.00,96,1.084,0.002,0,0,0
05-03-2019 0.00,97,0.688,0.002,0,0,0
05-03-2019 1.00,98,0.345,0.002,0,0,0
05-03-2019 2.00,99,-0.083,0.002,0,0,0
05-03-2019 3.00,100,-0.529,0.002,0,0,0
05-03-2019 4.00,101,-1.133,0.002,0,0,0
05-03-2019 5.00,102,-1.953,0.002,0.935,4.242,0
05-03-2019 6.00,103,-2.703,0.002,36.43,131.215,238.623
05-03-2019 7.00,104,-1.87,0.002,129.205,350.586,620.584
05-03-2019 8.00,105,-0.21,0.002,237.792,540.295,977.503
05-03-2019 9.00,106,1.945,0.002,326.692,685.341,1314.547
05-03-2019 10.00,107,3.816,0.002,383.793,775.859,1406.578
05-03-2019 11.00,108,4.331,0.002,402.254,805.688,1550.341
05-03-2019 12.00,109,4.029,0.002,384.028,772.818,903.774
05-03-2019 13.00,110,3.355,0.002,330.505,679.517,594.264
05-03-2019 14.00,111,2.523,0.003,247.479,532.15,359.772
05-03-2019 15.00,112,1.454,0.003,142.239,340.79,185.858
05-03-2019 16.00,113,0.164,0.002,41.264,120.631,29.289
05-03-2019 17.00,114,-0.954,0.002,0.426,1.891,0
05-03-2019 18.00,115,-1.333,0.002,0,0,0
05-03-2019 19.00,116,-1.622,0.002,0,0,0
05-03-2019 20.00,117,-2.32,0.002,0,0,0
05-03-2019 21.00,118,-3.114,0.002,0,0,0
05-03-2019 22.00,119,-4.028,0.002,0,0,0
05-03-2019 23.00,120,-5.211,0.002,0,0,0
06-03-2019 0.00,121,-6.602,0.002,0,0,0
06-03-2019 1.00,122,-7.984,0.002,0,0,0
06-03-2019 2.00,123,-9.174,0.002,0,0,0
06-03-2019 3.00,124,-10.263,0.002,0,0,0
06-03-2019 4.00,125,-11.143,0.002,0,0,0
06-03-2019 5.00,126,-11.659,0.002,1.299,5.09,0
06-03-2019 6.00,127,-10.991,0.002,63.313,137.67,1494.065
06-03-2019 7.00,128,-8.784,0.002,224.012,357.587,3268.052
06-03-2019 8.00,129,-6.079,0.002,389.043,547.334,4210.606
06-03-2019 9.00,130,-3.468,0.002,521.566,692.426,4363.088
06-03-2019 10.00,131,-1.509,0.002,604.684,782.955,4379.374
06-03-2019 11.00,132,-0.159,0.002,633.608,812.787,4238.658
06-03-2019 12.00,133,0.612,0.002,604.89,779.918,4191.274
06-03-2019 13.00,134,0.894,0.002,521.669,686.604,3953.338
06-03-2019 14.00,135,0.665,0.002,391.859,539.19,3522.097
06-03-2019 15.00,136,-0.13,0.002,229.766,347.793,2680.447
06-03-2019 16.00,137,-2.607,0.002,67.427,127.134,999.61
06-03-2019 17.00,138,-5.805,0.002,0.773,2.508,0
06-03-2019 18.00,139,-6.751,0.002,0,0,0
06-03-2019 19.00,140,-7.504,0.002,0,0,0
06-03-2019 20.00,141,-8.136,0.002,0,0,0
06-03-2019 21.00,142,-8.768,0.002,0,0,0
06-03-2019 22.00,143,-9.342,0.002,0,0,0
06-03-2019 23.00,144,-9.826,0.002,0,0,0
07-03-2019 0.00,145,-10.168,0.002,0,0,0
07-03-2019 1.00,146,-10.263,0.002,0,0,0
07-03-2019 2.00,147,-10.375,0.002,0,0,0
07-03-2019 3.00,148,-10.475,0.002,0,0,0
07-03-2019 4.00,149,-10.678,0.002,0,0,0
07-03-2019 5.00,150,-10.749,0.002,1.827,6.052,21.398
07-03-2019 6.00,151,-9.353,0.002,71.688,144.227,2508.238
07-03-2019 7.00,152,-5.701,0.002,231.649,364.591,3628.185
07-03-2019 8.00,153,-2.296,0.002,396.675,554.374,4074.976
07-03-2019 9.00,154,0.585,0.002,524.511,699.473,4243.314
07-03-2019 10.00,155,2.037,0.002,604.479,790.027,4286.429
07-03-2019 11.00,156,3.071,0.002,635.408,819.853,4157.389
07-03-2019 12.00,157,3.768,0.002,606.39,786.991,4123.221
07-03-2019 13.00,158,4.013,0.002,524.625,693.654,3899.45
07-03-2019 14.00,159,3.757,0.002,394.313,546.227,3481.646
07-03-2019 15.00,160,2.776,0.002,232.055,354.795,2612.509
07-03-2019 16.00,161,-0.684,0.003,69.966,133.724,906.312
07-03-2019 17.00,162,-3.155,0.002,1.037,3.252,0
07-03-2019 18.00,163,-3.991,0.002,0,0,0
07-03-2019 19.00,164,-4.893,0.002,0,0,0
07-03-2019 20.00,165,-5.673,0.002,0,0,0
07-03-2019 21.00,166,-6.454,0.002,0,0,0
07-03-2019 22.00,167,-7.171,0.002,0,0,0
07-03-2019 23.00,168,-7.694,0.002,0,0,0
08-03-2019 0.00,169,-8.072,0.002,0,0,0
08-03-2019 1.00,170,-8.19,0.002,0,0,0
08-03-2019 2.00,171,-8.474,0.002,0,0,0
08-03-2019 3.00,172,-8.893,0.002,0,0,0
08-03-2019 4.00,173,-9.431,0.002,0,0,0
08-03-2019 5.00,174,-9.85,0.002,2.452,7.136,11.025
08-03-2019 6.00,175,-7.986,0.002,74.845,150.873,2377.201
08-03-2019 7.00,176,-3.409,0.002,214.294,371.596,3465.339
08-03-2019 8.00,177,-0.146,0.002,345.356,561.406,3766.668
08-03-2019 9.00,178,3.091,0.002,445.102,706.526,3973.212
08-03-2019 10.00,179,4.812,0.002,502.876,797.083,3788.213
08-03-2019 11.00,180,5.717,0.002,513.773,826.925,3276.2
08-03-2019 12.00,181,6.081,0.002,475.789,794.045,2636.488
08-03-2019 13.00,182,5.968,0.002,395.01,700.703,1971.016
08-03-2019 14.00,183,5.168,0.003,284.308,553.248,1075.733
08-03-2019 15.00,184,3.448,0.003,157.983,361.792,513.202
08-03-2019 16.00,185,1.197,0.003,45.822,140.385,207.17
08-03-2019 17.00,186,-0.831,0.003,0.849,4.133,0
08-03-2019 18.00,187,-0.776,0.003,0,0,0
08-03-2019 19.00,188,-0.507,0.003,0,0,0
08-03-2019 20.00,189,-0.593,0.003,0,0,0
08-03-2019 21.00,190,-1.064,0.003,0,0,0
08-03-2019 22.00,191,-1.361,0.003,0,0,0
08-03-2019 23.00,192,-1.809,0.003,0,0,0
09-03-2019 0.00,193,-2.22,0.003,0,0,0
09-03-2019 1.00,194,-2.477,0.002,0,0,0
09-03-2019 2.00,195,-3.073,0.002,0,0,0
09-03-2019 3.00,196,-3.531,0.002,0,0,0
09-03-2019 4.00,197,-4.038,0.002,0,0,0
09-03-2019 5.00,198,-4.263,0.002,1.422,8.353,0
09-03-2019 6.00,199,-4.386,0.002,61.571,157.593,532.374
09-03-2019 7.00,200,-3.684,0.002,210.206,378.592,2431.643
09-03-2019 8.00,201,-2.571,0.002,369.281,568.416,3586.197
09-03-2019 9.00,202,-1.527,0.002,506.378,713.563,3849.216
09-03-2019 10.00,203,-0.492,0.002,594.108,804.114,4007.064
09-03-2019 11.00,204,0.425,0.002,628.431,833.965,4011.312
09-03-2019 12.00,205,1.06,0.002,611.064,801.067,4062.867
09-03-2019 13.00,206,1.369,0.002,535.772,707.718,4049.905
09-03-2019 14.00,207,1.117,0.002,409.748,560.259,3676.181
09-03-2019 15.00,208,0.249,0.002,250.229,368.783,2952.456
09-03-2019 16.00,209,-1.487,0.002,83.791,147.113,1379.042
09-03-2019 17.00,210,-4.359,0.002,1.901,5.159,0
09-03-2019 18.00,211,-5.884,0.002,0,0,0
09-03-2019 19.00,212,-6.977,0.002,0,0,0
09-03-2019 20.00,213,-7.956,0.002,0,0,0
09-03-2019 21.00,214,-8.792,0.002,0,0,0
09-03-2019 22.00,215,-9.428,0.002,0,0,0
09-03-2019 23.00,216,-9.772,0.002,0,0,0
10-03-2019 0.00,217,-10.071,0.002,0,0,0
10-03-2019 1.00,218,-10.282,0.002,0,0,0
10-03-2019 2.00,219,-10.438,0.002,0,0,0
10-03-2019 3.00,220,-10.708,0.002,0,0,0
10-03-2019 4.00,221,-11.206,0.002,0,0,0
10-03-2019 5.00,222,-11.727,0.002,3.839,9.713,43.04
10-03-2019 6.00,223,-9.81,0.002,95.532,164.384,2914.191
10-03-2019 7.00,224,-5.816,0.002,267.443,385.584,3873.675
10-03-2019 8.00,225,-2.348,0.002,431.834,575.412,4155.178
10-03-2019 9.00,226,0.187,0.002,560.963,720.545,4303.499
10-03-2019 10.00,227,1.959,0.002,640.643,811.118,4317.934
10-03-2019 11.00,228,3.168,0.002,661.53,840.963,4155.816
10-03-2019 12.00,229,3.885,0.002,622.287,808.073,4094.787
10-03-2019 13.00,230,4.094,0.002,526.789,714.715,3876.93
10-03-2019 14.00,231,3.804,0.002,385.33,567.253,3471.193
10-03-2019 15.00,232,2.809,0.002,219.14,375.778,2628.388
10-03-2019 16.00,233,-0.178,0.002,65.841,153.898,797.339
10-03-2019 17.00,234,-1.629,0.002,1.554,6.341,0
10-03-2019 18.00,235,-1.811,0.002,0,0,0
10-03-2019 19.00,236,-1.888,0.002,0,0,0
10-03-2019 20.00,237,-1.91,0.002,0,0,0
10-03-2019 21.00,238,-2.027,0.002,0,0,0
10-03-2019 22.00,239,-2.106,0.002,0,0,0
10-03-2019 23.00,240,-2.21,0.002,0,0,0
11-03-2019 0.00,241,-2.314,0.002,0,0,0
11-03-2019 1.00,242,-2.485,0.002,0,0,0
11-03-2019 2.00,243,-2.709,0.002,0,0,0
11-03-2019 3.00,244,-3.016,0.002,0,0,0
11-03-2019 4.00,245,-3.353,0.002,0,0,0
11-03-2019 5.00,246,-3.88,0.002,1.563,11.229,0
11-03-2019 6.00,247,-4.029,0.002,35.806,171.222,76.041
11-03-2019 7.00,248,-3.08,0.002,111.714,392.563,255.591
11-03-2019 8.00,249,-1.734,0.002,195.26,582.394,441.52
11-03-2019 9.00,250,-0.49,0.002,265.244,727.527,638.099
11-03-2019 10.00,251,0.074,0.002,310.892,818.097,780.513
11-03-2019 11.00,252,0.273,0.002,326.039,847.929,1053.958
11-03-2019 12.00,253,0.344,0.002,321.507,815.034,710.849
11-03-2019 13.00,254,0.312,0.002,281.168,721.668,532.706
11-03-2019 14.00,255,0.199,0.002,214.02,574.228,379.102
11-03-2019 15.00,256,-0.078,0.003,131.903,382.752,242.858
11-03-2019 16.00,257,-1.151,0.003,46.438,160.723,70.497
11-03-2019 17.00,258,-2.404,0.002,1.515,7.685,0
11-03-2019 18.00,259,-2.939,0.002,0,0,0
11-03-2019 19.00,260,-3.476,0.002,0,0,0
11-03-2019 20.00,261,-3.814,0.002,0,0,0
11-03-2019 21.00,262,-3.926,0.002,0,0,0
11-03-2019 22.00,263,-3.807,0.002,0,0,0
11-03-2019 23.00,264,-3.822,0.002,0,0,0
12-03-2019 0.00,265,-3.871,0.002,0,0,0
12-03-2019 1.00,266,-3.977,0.002,0,0,0
12-03-2019 2.00,267,-4.294,0.002,0,0,0
12-03-2019 3.00,268,-4.718,0.002,0,0,0
12-03-2019 4.00,269,-5.083,0.002,0,0,0
12-03-2019 5.00,270,-5.139,0.002,2.73,12.907,0
12-03-2019 6.00,271,-5.547,0.002,53.733,178.103,8.865
12-03-2019 7.00,272,-5.13,0.002,153.448,399.531,58.451
12-03-2019 8.00,273,-4.599,0.002,241.159,589.348,144.548
12-03-2019 9.00,274,-4.066,0.002,301.384,734.48,260.647
12-03-2019 10.00,275,-3.72,0.002,333.51,825.028,403.475
12-03-2019 11.00,276,-3.644,0.002,328.833,854.867,720.411
12-03-2019 12.00,277,-3.858,0.002,300.309,821.976,512.742
12-03-2019 13.00,278,-4.192,0.002,242.403,728.617,410.366
12-03-2019 14.00,279,-4.613,0.002,172.294,581.18,279.676
12-03-2019 15.00,280,-5.085,0.002,98.972,389.721,163.028
12-03-2019 16.00,281,-5.677,0.002,33.474,167.581,35.272
12-03-2019 17.00,282,-6.371,0.002,1.242,9.199,0
12-03-2019 18.00,283,-6.996,0.002,0,0,0
12-03-2019 19.00,284,-7.424,0.002,0,0,0
12-03-2019 20.00,285,-7.801,0.002,0,0,0
12-03-2019 21.00,286,-8.271,0.002,0,0,0
12-03-2019 22.00,287,-8.69,0.002,0,0,0
12-03-2019 23.00,288,-9.014,0.002,0,0,0
13-03-2019 0.00,289,-9.269,0.002,0,0,0
13-03-2019 1.00,290,-9.706,0.002,0,0,0
13-03-2019 2.00,291,-9.958,0.002,0,0,0
13-03-2019 3.00,292,-9.984,0.002,0,0,0
13-03-2019 4.00,293,-9.949,0.002,0,0,0
13-03-2019 5.00,294,-10.073,0.002,2.867,14.758,1.48
13-03-2019 6.00,295,-9.029,0.002,55.762,185.011,682.183
13-03-2019 7.00,296,-6.954,0.002,163.754,406.487,2540.692
13-03-2019 8.00,297,-4.792,0.002,271.204,596.28,3848.306
13-03-2019 9.00,298,-2.505,0.002,367.351,741.387,4178.599
13-03-2019 10.00,299,-0.849,0.002,427.13,831.933,4207.396
13-03-2019 11.00,300,0.234,0.002,442.039,861.761,4039.019
13-03-2019 12.00,301,0.785,0.002,424.554,828.875,3810.625
13-03-2019 13.00,302,0.927,0.002,367.016,735.532,3283.08
13-03-2019 14.00,303,0.512,0.002,276.149,588.112,2079.948
13-03-2019 15.00,304,-0.428,0.002,165.619,396.672,760.806
13-03-2019 16.00,305,-1.884,0.002,60.598,174.471,156.906
13-03-2019 17.00,306,-3.511,0.002,2.941,10.889,0
13-03-2019 18.00,307,-4.108,0.002,0,0,0
13-03-2019 19.00,308,-4.77,0.002,0,0,0
13-03-2019 20.00,309,-5.353,0.002,0,0,0
13-03-2019 21.00,310,-5.733,0.002,0,0,0
13-03-2019 22.00,311,-6.177,0.002,0,0,0
13-03-2019 23.00,312,-6.613,0.002,0,0,0
14-03-2019 0.00,313,-7.03,0.002,0,0,0
14-03-2019 1.00,314,-7.44,0.002,0,0,0
14-03-2019 2.00,315,-7.738,0.002,0,0,0
14-03-2019 3.00,316,-8.042,0.002,0,0,0
14-03-2019 4.00,317,-8.219,0.002,0,0,0
14-03-2019 5.00,318,-8.394,0.002,3.385,16.788,1.684
14-03-2019 6.00,319,-7.34,0.002,65.453,191.944,438.022
14-03-2019 7.00,320,-4.976,0.002,194.023,413.426,1312.983
14-03-2019 8.00,321,-2.334,0.002,329.883,603.194,2214.381
14-03-2019 9.00,322,-1.247,0.002,419.397,748.264,2055.767
14-03-2019 10.00,323,-0.679,0.002,465.607,838.794,2037.13
14-03-2019 11.00,324,-0.296,0.002,476.208,868.623,2354.506
14-03-2019 12.00,325,-0.183,0.002,437.2,835.741,2010.918
14-03-2019 13.00,326,-0.336,0.002,355.565,742.401,1711.325
14-03-2019 14.00,327,-0.746,0.002,257.455,595.002,1290.405
14-03-2019 15.00,328,-1.525,0.002,154.323,403.603,577.019
14-03-2019 16.00,329,-2.834,0.002,58.966,181.379,201.529
14-03-2019 17.00,330,-4.824,0.002,3.186,12.759,0
14-03-2019 18.00,331,-5.445,0.002,0,0,0
14-03-2019 19.00,332,-5.872,0.002,0,0,0
14-03-2019 20.00,333,-6.215,0.002,0,0,0
14-03-2019 21.00,334,-6.514,0.002,0,0,0
14-03-2019 22.00,335,-6.71,0.002,0,0,0
14-03-2019 23.00,336,-6.798,0.002,0,0,0
15-03-2019 0.00,337,-6.894,0.002,0,0,0
15-03-2019 1.00,338,-7.097,0.002,0,0,0
15-03-2019 2.00,339,-7.43,0.002,0,0,0
15-03-2019 3.00,340,-7.83,0.002,0,0,0
15-03-2019 4.00,341,-8.282,0.002,0,0,0
15-03-2019 5.00,342,-8.813,0.002,5.063,19.005,26.645
15-03-2019 6.00,343,-7.575,0.002,84.247,198.882,1048.886
15-03-2019 7.00,344,-4.65,0.002,235.515,420.349,2393.828
15-03-2019 8.00,345,-1.922,0.002,386.633,610.075,3208.562
15-03-2019 9.00,346,-0.88,0.002,466.201,755.117,2454.699
15-03-2019 10.00,347,-0.366,0.002,486.242,845.623,2391.501
15-03-2019 11.00,348,-0.151,0.002,481.033,875.438,2413.707
15-03-2019 12.00,349,-0.265,0.002,452.791,842.562,1738.409
15-03-2019 13.00,350,-0.409,0.002,392.015,749.252,1607.509
15-03-2019 14.00,351,-0.946,0.002,298.081,601.879,964.728
15-03-2019 15.00,352,-1.721,0.002,191.814,410.525,511.23
15-03-2019 16.00,353,-2.908,0.002,78.517,188.296,182.509
15-03-2019 17.00,354,-5.373,0.002,4.891,14.812,0
15-03-2019 18.00,355,-6.724,0.002,0,0,0
15-03-2019 19.00,356,-7.579,0.002,0,0,0
15-03-2019 20.00,357,-8.096,0.002,0,0,0
15-03-2019 21.00,358,-8.58,0.002,0,0,0
15-03-2019 22.00,359,-9.064,0.002,0,0,0
15-03-2019 23.00,360,-9.557,0.002,0,0,0
16-03-2019 0.00,361,-10.001,0.002,0,0,0
16-03-2019 1.00,362,-10.349,0.002,0,0,0
16-03-2019 2.00,363,-10.658,0.002,0,0,0
16-03-2019 3.00,364,-10.87,0.002,0,0,0
16-03-2019 4.00,365,-11.063,0.002,0,0,0
16-03-2019 5.00,366,-11.19,0.002,7.815,21.412,172.851
16-03-2019 6.00,367,-9.227,0.002,103.909,205.828,2644.748
16-03-2019 7.00,368,-5.623,0.002,261.15,427.252,3692.678
16-03-2019 8.00,369,-2.15,0.002,415.434,616.919,4257.799
16-03-2019 9.00,370,-0.318,0.002,528.524,761.912,4413.002
16-03-2019 10.00,371,0.964,0.002,602.563,852.394,4430.354
16-03-2019 11.00,372,1.811,0.002,628.311,882.223,4285.743
16-03-2019 12.00,373,2.231,0.002,598.271,849.344,4264.855
16-03-2019 13.00,374,2.267,0.002,506.653,756.058,4047.834
16-03-2019 14.00,375,1.831,0.002,373.781,608.73,3407.09
16-03-2019 15.00,376,0.87,0.002,226.175,417.418,2050.477
16-03-2019 16.00,377,-1.353,0.002,86.178,195.224,734.484
16-03-2019 17.00,378,-4.402,0.002,5.179,17.053,2.757
16-03-2019 18.00,379,-5.245,0.002,0,0,0
16-03-2019 19.00,380,-5.805,0.002,0,0,0
16-03-2019 20.00,381,-6.63,0.002,0,0,0
16-03-2019 21.00,382,-7.592,0.002,0,0,0
16-03-2019 22.00,383,-8.28,0.002,0,0,0
16-03-2019 23.00,384,-8.576,0.002,0,0,0
17-03-2019 0.00,385,-8.419,0.002,0,0,0
17-03-2019 1.00,386,-8.589,0.002,0,0,0
17-03-2019 2.00,387,-8.836,0.002,0,0,0
17-03-2019 3.00,388,-9.083,0.002,0,0,0
17-03-2019 4.00,389,-9.594,0.002,0,0,0
17-03-2019 5.00,390,-10.01,0.002,8.669,24.014,172.297
17-03-2019 6.00,391,-7.423,0.002,113.536,212.765,2401.731
17-03-2019 7.00,392,-4.328,0.002,280.723,434.126,3519.717
17-03-2019 8.00,393,-0.748,0.002,440.438,623.74,3993.322
17-03-2019 9.00,394,1.674,0.002,565.009,768.691,4204.283
17-03-2019 10.00,395,2.973,0.002,637.459,859.145,4053.897
17-03-2019 11.00,396,3.824,0.002,657.449,888.937,3710.23
17-03-2019 12.00,397,4.535,0.002,629.751,856.082,3851.197
17-03-2019 13.00,398,4.854,0.002,547.68,762.813,3648.947
17-03-2019 14.00,399,4.825,0.003,420.724,615.527,3557.799
17-03-2019 15.00,400,4.194,0.003,265.106,424.295,2854.426
17-03-2019 16.00,401,2.52,0.003,107.719,202.156,1492.339
17-03-2019 17.00,402,0.364,0.003,7.355,19.485,24.2
17-03-2019 18.00,403,-0.375,0.003,0,0,0
17-03-2019 19.00,404,-0.97,0.003,0,0,0
17-03-2019 20.00,405,-1.304,0.003,0,0,0
17-03-2019 21.00,406,-1.573,0.003,0,0,0
17-03-2019 22.00,407,-2.124,0.003,0,0,0
17-03-2019 23.00,408,-1.976,0.003,0,0,0
18-03-2019 0.00,409,-1.521,0.003,0,0,0
18-03-2019 1.00,410,-1.355,0.003,0,0,0
18-03-2019 2.00,411,-1.855,0.003,0,0,0
18-03-2019 3.00,412,-2.844,0.003,0,0,0
18-03-2019 4.00,413,-3.576,0.003,0,0,0
18-03-2019 5.00,414,-3.875,0.003,8.247,26.814,72.699
18-03-2019 6.00,415,-2.602,0.003,106.736,219.698,1177.608
18-03-2019 7.00,416,-0.323,0.003,272.387,440.974,3012.288
18-03-2019 8.00,417,2.46,0.003,435.238,630.517,3761.302
18-03-2019 9.00,418,5.056,0.003,571.324,775.417,4035.134
18-03-2019 10.00,419,7.191,0.003,660.225,865.832,4121.175
18-03-2019 11.00,420,8.631,0.003,691.824,895.62,3994.714
18-03-2019 12.00,421,9.245,0.003,662.963,862.769,3952.362
18-03-2019 13.00,422,9.303,0.003,576.968,769.543,3749.822
18-03-2019 14.00,423,8.834,0.003,438.053,622.312,3224.367
18-03-2019 15.00,424,7.462,0.003,274.366,431.139,2484.18
18-03-2019 16.00,425,3.211,0.003,108.462,209.074,1205.517
18-03-2019 17.00,426,-0.562,0.003,7.779,22.11,22.989
18-03-2019 18.00,427,-1.15,0.003,0,0,0
18-03-2019 19.00,428,-1.853,0.003,0,0,0
18-03-2019 20.00,429,-2.867,0.003,0,0,0
18-03-2019 21.00,430,-3.519,0.003,0,0,0
18-03-2019 22.00,431,-3.827,0.003,0,0,0
18-03-2019 23.00,432,-3.938,0.002,0,0,0
19-03-2019 0.00,433,-3.846,0.002,0,0,0
19-03-2019 1.00,434,-3.661,0.002,0,0,0
19-03-2019 2.00,435,-3.445,0.003,0,0,0
19-03-2019 3.00,436,-3.038,0.003,0,0,0
19-03-2019 4.00,437,-2.775,0.003,0,0,0
19-03-2019 5.00,438,-2.683,0.003,9.291,29.814,50.636
19-03-2019 6.00,439,-1.656,0.003,85.039,226.615,871.213
19-03-2019 7.00,440,0.461,0.003,204.482,447.799,2902.022
19-03-2019 8.00,441,2.727,0.003,328.513,637.268,3391.809
19-03-2019 9.00,442,4.54,0.003,435.664,782.106,3397.18
19-03-2019 10.00,443,5.622,0.003,506.279,872.474,2463.052
19-03-2019 11.00,444,6.496,0.003,524.006,902.247,2197.381
19-03-2019 12.00,445,8.148,0.003,492.716,869.41,3010.802
19-03-2019 13.00,446,9.324,0.003,407.767,776.214,3234.303
19-03-2019 14.00,447,9.568,0.003,282.01,629.053,2444.522
19-03-2019 15.00,448,8.06,0.004,150.534,437.959,890.026
19-03-2019 16.00,449,5.213,0.004,48.844,215.986,154.597
19-03-2019 17.00,450,3.601,0.004,3.484,24.931,0
19-03-2019 18.00,451,3.187,0.004,0,0,0
19-03-2019 19.00,452,2.538,0.004,0,0,0
19-03-2019 20.00,453,1.825,0.003,0,0,0
19-03-2019 21.00,454,1.494,0.003,0,0,0
19-03-2019 22.00,455,1.076,0.003,0,0,0
19-03-2019 23.00,456,0.933,0.003,0,0,0
20-03-2019 0.00,457,0.315,0.003,0,0,0
20-03-2019 1.00,458,-0.253,0.003,0,0,0
20-03-2019 2.00,459,-0.761,0.003,0,0,0
20-03-2019 3.00,460,-0.887,0.003,0,0,0
20-03-2019 4.00,461,-1.714,0.003,0,0,0
20-03-2019 5.00,462,-2.739,0.003,6.416,33.014,20.212
20-03-2019 6.00,463,-2.904,0.002,73.531,233.515,640.22
20-03-2019 7.00,464,-2.027,0.002,189.803,454.596,1792.901
20-03-2019 8.00,465,-0.962,0.002,304.069,643.968,1313.597
20-03-2019 9.00,466,-0.201,0.002,391.664,788.734,1194.057
20-03-2019 10.00,467,0.222,0.002,435.452,879.062,1090.02
20-03-2019 11.00,468,0.619,0.002,456.012,908.825,1393.794
20-03-2019 12.00,469,1.02,0.002,440.711,875.988,1239.944
20-03-2019 13.00,470,1.173,0.002,368.979,782.849,1017.854
20-03-2019 14.00,471,0.704,0.002,266.937,635.742,546.043
20-03-2019 15.00,472,-0.041,0.002,157.802,444.747,257.568
20-03-2019 16.00,473,-0.982,0.002,62.965,222.882,61.343
20-03-2019 17.00,474,-1.871,0.002,6.319,27.951,0
20-03-2019 18.00,475,-2.097,0.002,0,0,0
20-03-2019 19.00,476,-2.276,0.002,0,0,0
20-03-2019 20.00,477,-2.502,0.002,0,0,0
20-03-2019 21.00,478,-2.795,0.002,0,0,0
20-03-2019 22.00,479,-3.073,0.002,0,0,0
20-03-2019 23.00,480,-3.477,0.002,0,0,0
21-03-2019 0.00,481,-3.9,0.002,0,0,0
21-03-2019 1.00,482,-4.212,0.002,0,0,0
21-03-2019 2.00,483,-4.409,0.002,0,0,0
21-03-2019 3.00,484,-4.58,0.002,0,0,0
21-03-2019 4.00,485,-4.738,0.002,0,0,0
21-03-2019 5.00,486,-4.898,0.002,2.868,36.411,0
21-03-2019 6.00,487,-4.909,0.002,37.219,240.391,40.629
21-03-2019 7.00,488,-4.789,0.002,98.553,461.355,127.735
21-03-2019 8.00,489,-4.671,0.002,167.916,650.631,231.958
21-03-2019 9.00,490,-4.569,0.002,231.587,795.322,356.104
21-03-2019 10.00,491,-4.497,0.002,279.094,885.6,495.936
21-03-2019 11.00,492,-4.482,0.002,305.377,915.344,665.555
21-03-2019 12.00,493,-4.484,0.002,309.856,882.527,518.776
21-03-2019 13.00,494,-4.609,0.002,281.238,789.42,391.925
21-03-2019 14.00,495,-4.847,0.002,222.318,642.409,266.933
21-03-2019 15.00,496,-5.169,0.002,148.069,451.502,151.065
21-03-2019 16.00,497,-5.601,0.002,69.862,229.756,50.87
21-03-2019 17.00,498,-6.136,0.002,9.213,31.168,0
21-03-2019 18.00,499,-6.564,0.002,0,0,0
21-03-2019 19.00,500,-7.035,0.002,0,0,0
21-03-2019 20.00,501,-7.635,0.002,0,0,0
21-03-2019 21.00,502,-8.449,0.002,0,0,0
21-03-2019 22.00,503,-9.356,0.002,0,0,0
21-03-2019 23.00,504,-10.353,0.002,0,0,0
22-03-2019 0.00,505,-11.253,0.002,0,0,0
22-03-2019 1.00,506,-12.064,0.002,0,0,0
22-03-2019 2.00,507,-12.798,0.001,0,0,0
22-03-2019 3.00,508,-13.311,0.001,0,0,0
22-03-2019 4.00,509,-13.69,0.001,0,0,0
22-03-2019 5.00,510,-13.774,0.001,15.81,40.005,372.048
22-03-2019 6.00,511,-11.547,0.001,139.244,247.244,2290.461
22-03-2019 7.00,512,-8.349,0.001,309.228,468.091,3657.081
22-03-2019 8.00,513,-6.294,0.001,453.122,657.255,4425.751
22-03-2019 9.00,514,-4.741,0.001,558.428,801.852,4500
22-03-2019 10.00,515,-3.463,0.001,623.449,892.085,4500
22-03-2019 11.00,516,-2.638,0.001,617.648,921.798,4349.729
22-03-2019 12.00,517,-2.451,0.001,548.579,889.014,3618.809
22-03-2019 13.00,518,-2.721,0.001,439.021,795.969,2407.938
22-03-2019 14.00,519,-3.148,0.001,310.528,649.018,1641.836
22-03-2019 15.00,520,-3.702,0.001,189.373,458.232,1009.985
22-03-2019 16.00,521,-4.584,0.002,80.949,236.609,421.64
22-03-2019 17.00,522,-6.79,0.002,9.04,34.582,17.696
22-03-2019 18.00,523,-7.853,0.002,0,0,0
22-03-2019 19.00,524,-8.099,0.002,0,0,0
22-03-2019 20.00,525,-8.414,0.002,0,0,0
22-03-2019 21.00,526,-8.632,0.002,0,0,0
22-03-2019 22.00,527,-8.376,0.002,0,0,0
22-03-2019 23.00,528,-8.319,0.002,0,0,0
23-03-2019 0.00,529,-8.509,0.002,0,0,0
23-03-2019 1.00,530,-9.067,0.001,0,0,0
23-03-2019 2.00,531,-10.153,0.001,0,0,0
23-03-2019 3.00,532,-10.755,0.001,0,0,0
23-03-2019 4.00,533,-11.131,0.001,0,0,0
23-03-2019 5.00,534,-11.623,0.001,13.944,43.793,185.384
23-03-2019 6.00,535,-10.489,0.001,121.084,254.072,2014.259
23-03-2019 7.00,536,-8.604,0.001,283.232,474.784,4005.763
23-03-2019 8.00,537,-7.478,0.001,425.688,663.828,4409.957
23-03-2019 9.00,538,-6.717,0.001,525.902,808.345,4421.989
23-03-2019 10.00,539,-6.233,0.001,574.414,898.518,3707.684
23-03-2019 11.00,540,-5.888,0.001,578.892,928.214,3378.633
23-03-2019 12.00,541,-5.435,0.001,554.211,895.437,3242.026
23-03-2019 13.00,542,-5.204,0.001,487.12,802.447,2805.763
23-03-2019 14.00,543,-5.252,0.001,381.536,655.601,2130.943
23-03-2019 15.00,544,-5.595,0.001,247.912,464.919,1200.511
23-03-2019 16.00,545,-6.249,0.002,112.097,243.432,454.713
23-03-2019 17.00,546,-8.582,0.002,12.509,38.192,24.469
23-03-2019 18.00,547,-9.733,0.002,0,0,0
23-03-2019 19.00,548,-10.204,0.001,0,0,0
23-03-2019 20.00,549,-11.127,0.001,0,0,0
23-03-2019 21.00,550,-11.488,0.002,0,0,0
23-03-2019 22.00,551,-10.722,0.002,0,0,0
23-03-2019 23.00,552,-10.015,0.002,0,0,0
24-03-2019 0.00,553,-10.07,0.002,0,0,0
24-03-2019 1.00,554,-10.624,0.002,0,0,0
24-03-2019 2.00,555,-9.918,0.002,0,0,0
24-03-2019 3.00,556,-9.039,0.002,0,0,0
24-03-2019 4.00,557,-8.422,0.002,0,0.002,0
24-03-2019 5.00,558,-8.254,0.002,13.522,47.774,29.115
24-03-2019 6.00,559,-7.085,0.002,94.255,260.874,823.495
24-03-2019 7.00,560,-4.527,0.002,214.219,481.436,2499.616
24-03-2019 8.00,561,-1.915,0.002,340.297,670.349,3041.865
24-03-2019 9.00,562,-0.003,0.002,445.062,814.775,2448.491
24-03-2019 10.00,563,0.399,0.002,508.462,904.884,1426.867
24-03-2019 11.00,564,0.536,0.002,521.305,934.559,1471.684
24-03-2019 12.00,565,1.177,0.002,494.739,901.792,1633.07
24-03-2019 13.00,566,1.973,0.002,431.363,808.869,2186.778
24-03-2019 14.00,567,2.35,0.002,335.988,662.119,2313.776
24-03-2019 15.00,568,2.047,0.003,213.929,471.573,1366.337
24-03-2019 16.00,569,0.463,0.003,93.343,250.237,664.432
24-03-2019 17.00,570,-2.689,0.003,12.306,41.996,33.827
24-03-2019 18.00,571,-3.805,0.003,0,0,0
24-03-2019 19.00,572,-4.555,0.002,0,0,0
24-03-2019 20.00,573,-5.334,0.002,0,0,0
24-03-2019 21.00,574,-5.854,0.002,0,0,0
24-03-2019 22.00,575,-6.106,0.002,0,0,0
24-03-2019 23.00,576,-6.208,0.002,0,0,0
25-03-2019 0.00,577,-6.079,0.002,0,0,0
25-03-2019 1.00,578,-5.904,0.002,0,0,0
25-03-2019 2.00,579,-5.644,0.002,0,0,0
25-03-2019 3.00,580,-5.334,0.002,0,0,0
25-03-2019 4.00,581,-5.161,0.002,0.001,0.006,0
25-03-2019 5.00,582,-5.454,0.002,15.236,51.944,139.667
25-03-2019 6.00,583,-4.584,0.002,108.459,267.649,747.582
25-03-2019 7.00,584,-1.749,0.002,239.04,488.049,1401.565
25-03-2019 8.00,585,0.722,0.002,368.113,676.84,2084.11
25-03-2019 9.00,586,2.47,0.002,473.195,821.145,1915.936
25-03-2019 10.00,587,3.331,0.002,527.575,911.198,2391.03
25-03-2019 11.00,588,4.351,0.002,527.079,940.831,3682.447
25-03-2019 12.00,589,4.214,0.002,475.508,908.119,2803.222
25-03-2019 13.00,590,3.419,0.002,390.212,815.245,1594.056
25-03-2019 14.00,591,2.605,0.002,290.107,668.591,1065.975
25-03-2019 15.00,592,1.547,0.002,186.952,478.182,659.461
25-03-2019 16.00,593,0.181,0.002,87.415,257.007,309.594
25-03-2019 17.00,594,-1.417,0.002,12.557,45.989,24.725
25-03-2019 18.00,595,-2.553,0.002,0,0.001,0
25-03-2019 19.00,596,-3.337,0.002,0,0,0
25-03-2019 20.00,597,-4.15,0.002,0,0,0
25-03-2019 21.00,598,-4.888,0.002,0,0,0
25-03-2019 22.00,599,-5.168,0.002,0,0,0
25-03-2019 23.00,600,-5.032,0.002,0,0,0
26-03-2019 0.00,601,-5.05,0.002,0,0,0
26-03-2019 1.00,602,-5.518,0.002,0,0,0
26-03-2019 2.00,603,-6.425,0.002,0,0,0
26-03-2019 3.00,604,-7.189,0.002,0,0,0
26-03-2019 4.00,605,-7.648,0.002,0.001,0.017,0
26-03-2019 5.00,606,-7.756,0.002,14.459,56.294,147.974
26-03-2019 6.00,607,-6.814,0.002,117.866,274.394,949.08
26-03-2019 7.00,608,-4.992,0.002,273.486,494.63,1944.232
26-03-2019 8.00,609,-3.406,0.002,404.581,683.264,2589.673
26-03-2019 9.00,610,-2.44,0.002,490.481,827.476,2623.659
26-03-2019 10.00,611,-1.871,0.002,530.526,917.437,2597.997
26-03-2019 11.00,612,-1.681,0.002,536.702,947.064,2454.408
26-03-2019 12.00,613,-1.472,0.002,515.83,914.356,2387.919
26-03-2019 13.00,614,-1.507,0.002,454.046,821.556,2100.77
26-03-2019 14.00,615,-1.772,0.002,360.187,675.018,1679.755
26-03-2019 15.00,616,-2.338,0.002,242.245,484.757,1124.984
26-03-2019 16.00,617,-3.265,0.002,114.726,263.748,384.109
26-03-2019 17.00,618,-4.926,0.002,17.283,50.169,31.042
26-03-2019 18.00,619,-6.181,0.002,0.001,0.004,0
26-03-2019 19.00,620,-6.902,0.002,0,0,0
26-03-2019 20.00,621,-7.644,0.002,0,0,0
26-03-2019 21.00,622,-8.405,0.002,0,0,0
26-03-2019 22.00,623,-9.078,0.002,0,0,0
26-03-2019 23.00,624,-9.47,0.002,0,0,0
27-03-2019 0.00,625,-9.63,0.002,0,0,0
27-03-2019 1.00,626,-9.728,0.002,0,0,0
27-03-2019 2.00,627,-9.888,0.002,0,0,0
27-03-2019 3.00,628,-10.645,0.002,0,0,0
27-03-2019 4.00,629,-11.337,0.002,0.006,0.037,0
27-03-2019 5.00,630,-11.336,0.002,24.804,60.822,533.694
27-03-2019 6.00,631,-9.075,0.002,160.742,281.102,2861.671
27-03-2019 7.00,632,-6.346,0.002,338.693,501.163,3924.626
27-03-2019 8.00,633,-4.398,0.001,498.991,689.642,4407.092
27-03-2019 9.00,634,-2.818,0.001,620.458,833.736,4500
27-03-2019 10.00,635,-1.674,0.001,692.671,923.628,4500
27-03-2019 11.00,636,-1.013,0.001,694.638,953.222,4259.173
27-03-2019 12.00,637,-0.842,0.001,648.253,920.538,3731.865
27-03-2019 13.00,638,-0.946,0.001,557.358,827.817,3185.631
27-03-2019 14.00,639,-1.33,0.001,426.634,681.38,2245.811
27-03-2019 15.00,640,-1.822,0.001,279.6,491.284,1807.812
27-03-2019 16.00,641,-2.662,0.001,129.199,270.455,697.794
27-03-2019 17.00,642,-4.43,0.002,19.683,54.532,113.048
27-03-2019 18.00,643,-6.073,0.002,0.002,0.013,0
27-03-2019 19.00,644,-7.447,0.002,0,0,0
27-03-2019 20.00,645,-8.657,0.002,0,0,0
27-03-2019 21.00,646,-9.011,0.002,0,0,0
27-03-2019 22.00,647,-9.508,0.002,0,0,0
27-03-2019 23.00,648,-9.634,0.002,0,0,0
28-03-2019 0.00,649,-10.231,0.002,0,0,0
28-03-2019 1.00,650,-10.891,0.002,0,0,0
28-03-2019 2.00,651,-11.577,0.002,0,0,0
28-03-2019 3.00,652,-12.404,0.002,0,0,0
28-03-2019 4.00,653,-13.073,0.002,0.016,0.07,0
28-03-2019 5.00,654,-12.894,0.002,27.581,65.521,1048.869
28-03-2019 6.00,655,-9.482,0.002,161.912,287.783,2937.088
28-03-2019 7.00,656,-6.104,0.001,342.421,507.648,3864.671
28-03-2019 8.00,657,-4.19,0.001,499.669,695.972,4003.392
28-03-2019 9.00,658,-3.127,0.001,597.361,839.923,3696.996
28-03-2019 10.00,659,-2.413,0.001,624.274,929.743,3240.355
28-03-2019 11.00,660,-1.855,0.001,605.079,959.31,3287.153
28-03-2019 12.00,661,-1.614,0.001,551.208,926.646,2799.075
28-03-2019 13.00,662,-1.497,0.001,467.07,834.004,2605.507
28-03-2019 14.00,663,-1.738,0.001,360.074,687.708,1869.943
28-03-2019 15.00,664,-2.151,0.001,240.99,497.764,1533.06
28-03-2019 16.00,665,-3.033,0.002,119.559,277.129,888.835
28-03-2019 17.00,666,-5.721,0.002,20.375,59.069,154.978
28-03-2019 18.00,667,-7.245,0.002,0.005,0.03,0
28-03-2019 19.00,668,-6.944,0.002,0,0,0
28-03-2019 20.00,669,-6.366,0.002,0,0,0
28-03-2019 21.00,670,-5.915,0.002,0,0,0
28-03-2019 22.00,671,-5.993,0.002,0,0,0
28-03-2019 23.00,672,-6.492,0.002,0,0,0
29-03-2019 0.00,673,-7.075,0.002,0,0,0
29-03-2019 1.00,674,-7.719,0.002,0,0,0
29-03-2019 2.00,675,-8.368,0.002,0,0,0
29-03-2019 3.00,676,-8.953,0.002,0,0,0
29-03-2019 4.00,677,-9.443,0.002,0.026,0.121,0
29-03-2019 5.00,678,-9.708,0.002,26.503,70.384,572.141
29-03-2019 6.00,679,-7.695,0.002,146.057,294.42,1859.807
29-03-2019 7.00,680,-4.077,0.002,298.934,514.088,3114.72
29-03-2019 8.00,681,-0.861,0.001,436.319,702.243,3230.768
29-03-2019 9.00,682,0.134,0.001,509.055,846.076,2373.229
29-03-2019 10.00,683,0.581,0.002,525.292,935.8,2060.362
29-03-2019 11.00,684,0.943,0.002,513.001,965.336,2154.996
29-03-2019 12.00,685,1.294,0.002,466.436,932.704,1891.156
29-03-2019 13.00,686,1.3,0.002,388.109,840.14,1373.123
29-03-2019 14.00,687,1.15,0.002,293.029,693.978,988.707
29-03-2019 15.00,688,0.722,0.002,190.408,504.198,577.811
29-03-2019 16.00,689,-0.349,0.002,92.629,283.764,201.557
29-03-2019 17.00,690,-2.442,0.002,15.574,63.774,13.106
29-03-2019 18.00,691,-3.565,0.002,0.01,0.061,0
29-03-2019 19.00,692,-3.993,0.002,0,0,0
29-03-2019 20.00,693,-4.367,0.002,0,0,0
29-03-2019 21.00,694,-4.748,0.002,0,0,0
29-03-2019 22.00,695,-5.026,0.002,0,0,0
29-03-2019 23.00,696,-5.321,0.002,0,0,0
30-03-2019 0.00,697,-5.705,0.002,0,0,0
30-03-2019 1.00,698,-6.093,0.002,0,0,0
30-03-2019 2.00,699,-6.421,0.002,0,0,0
30-03-2019 3.00,700,-6.7,0.002,0,0,0
30-03-2019 4.00,701,-6.96,0.002,0.026,0.193,0
30-03-2019 5.00,702,-7.036,0.002,23.659,75.402,76.573
30-03-2019 6.00,703,-6.015,0.002,130.436,301.027,476.323
30-03-2019 7.00,704,-4.478,0.002,275.357,520.475,1208.742
30-03-2019 8.00,705,-2.699,0.002,411.667,708.455,2207.589
30-03-2019 9.00,706,-1.066,0.002,485.158,852.132,2817.3
30-03-2019 10.00,707,-0.161,0.002,519.724,941.785,2473.524
30-03-2019 11.00,708,0.211,0.002,508.551,971.296,2236.4
30-03-2019 12.00,709,0.607,0.002,475.405,938.687,2066.399
30-03-2019 13.00,710,0.793,0.002,410.704,846.198,1822.267
30-03-2019 14.00,711,0.662,0.002,320.373,700.182,1343.582
30-03-2019 15.00,712,0.298,0.002,214.781,510.581,982.507
30-03-2019 16.00,713,-0.592,0.002,106.407,290.366,529.849
30-03-2019 17.00,714,-3.019,0.002,20.45,68.637,98.308
30-03-2019 18.00,715,-4.521,0.002,0.016,0.113,0
30-03-2019 19.00,716,-5.294,0.002,0,0,0
30-03-2019 20.00,717,-5.994,0.002,0,0,0
30-03-2019 21.00,718,-6.622,0.002,0,0,0
30-03-2019 22.00,719,-7.38,0.002,0,0,0
30-03-2019 23.00,720,-8.152,0.002,0,0,0
31-03-2019 0.00,721,-8.835,0.002,0,0,0
31-03-2019 1.00,722,-9.43,0.002,0,0,0
31-03-2019 2.00,723,-9.946,0.002,0,0,0
31-03-2019 3.00,724,-10.522,0.002,0,0,0
31-03-2019 4.00,725,-11.101,0.002,0.059,0.29,0
31-03-2019 5.00,726,-10.906,0.002,23.608,80.572,515.947
31-03-2019 6.00,727,-7.934,0.002,127.465,307.583,1853.992
31-03-2019 7.00,728,-4.372,0.002,265.819,526.832,3261.623
31-03-2019 8.00,729,-2.258,0.002,379.992,714.608,3514.577
31-03-2019 9.00,730,-1.35,0.002,437.389,858.144,3054.771
31-03-2019 10.00,731,-0.911,0.002,466.873,947.695,2603.203
31-03-2019 11.00,732,-0.492,0.002,467.758,977.189,2898.219
31-03-2019 12.00,733,-0.363,0.002,435.343,944.589,2506.673
31-03-2019 13.00,734,-0.378,0.002,375.142,852.21,2196.518
31-03-2019 14.00,735,-0.699,0.002,292.206,706.337,1687.236
31-03-2019 15.00,736,-1.225,0.002,196.342,516.922,1182.127
31-03-2019 16.00,737,-2.055,0.002,103.047,296.918,590.855
31-03-2019 17.00,738,-4.533,0.002,20.672,73.65,153.46
31-03-2019 18.00,739,-6.472,0.002,0.028,0.19,0
31-03-2019 19.00,740,-7.458,0.002,0,0,0
31-03-2019 20.00,741,-8.163,0.002,0,0,0
31-03-2019 21.00,742,-8.674,0.002,0,0,0
31-03-2019 22.00,743,-9.046,0.002,0,0,0
31-03-2019 23.00,744,-9.399,0.002,0,0,0
01-04-2019 0.00,745,-9.503,0.002,0,0,0
01-04-2019 1.00,746,-9.792,0.002,0,0,0
01-04-2019 2.00,747,-9.986,0.002,0,0,0
01-04-2019 3.00,748,-10.363,0.002,0,0,0
01-04-2019 4.00,749,-10.882,0.002,0.076,0.416,0
01-04-2019 5.00,750,-10.509,0.002,29.056,85.884,785.854
01-04-2019 6.00,751,-7.104,0.002,148.589,314.106,1822.859
01-04-2019 7.00,752,-3.987,0.002,307.175,533.12,2570.458
01-04-2019 8.00,753,-2.052,0.002,442.335,720.7,2106.812
01-04-2019 9.00,754,-1.523,0.002,491.511,864.094,1545.771
01-04-2019 10.00,755,-1.06,0.002,476.813,953.545,1672.918
01-04-2019 11.00,756,-0.472,0.002,460.557,982.991,1965.903
01-04-2019 12.00,757,0.061,0.002,430.759,950.442,1760.376
01-04-2019 13.00,758,0.387,0.002,374.891,858.152,1641.482
01-04-2019 14.00,759,0.04,0.002,293.053,712.416,929.109
01-04-2019 15.00,760,-0.394,0.002,203.649,523.215,599.835
01-04-2019 16.00,761,-1.081,0.002,109.658,303.436,307.795
01-04-2019 17.00,762,-3.088,0.002,24.568,78.8,51.924
01-04-2019 18.00,763,-4.506,0.002,0.058,0.302,0
01-04-2019 19.00,764,-5.378,0.002,0,0,0
01-04-2019 20.00,765,-6.351,0.002,0,0,0
01-04-2019 21.00,766,-7.086,0.002,0,0,0
01-04-2019 22.00,767,-7.41,0.002,0,0,0
01-04-2019 23.00,768,-7.642,0.002,0,0,0
02-04-2019 0.00,769,-8.051,0.002,0,0,0
02-04-2019 1.00,770,-8.408,0.002,0,0,0
02-04-2019 2.00,771,-8.715,0.002,0,0,0
02-04-2019 3.00,772,-8.86,0.002,0,0,0
02-04-2019 4.00,773,-8.791,0.002,0.121,0.577,0
02-04-2019 5.00,774,-8.168,0.002,34.541,91.328,335.154
02-04-2019 6.00,775,-5.793,0.002,174.814,320.58,1263.969
02-04-2019 7.00,776,-2.945,0.002,358.376,539.349,2511.837
02-04-2019 8.00,777,-0.758,0.002,512.539,726.734,2988.838
02-04-2019 9.00,778,0.357,0.002,600.554,869.955,2715.193
02-04-2019 10.00,779,1.246,0.002,651.385,959.32,2846.56
02-04-2019 11.00,780,2.28,0.002,684.113,988.724,3511.982
02-04-2019 12.00,781,3.021,0.002,667.218,956.212,3706.318
02-04-2019 13.00,782,3.376,0.002,600.742,864.009,3729.303
02-04-2019 14.00,783,3.308,0.002,490.312,718.451,3562.501
02-04-2019 15.00,784,2.795,0.002,346.355,529.439,3200.32
02-04-2019 16.00,785,1.543,0.002,182.14,309.908,2217.253
02-04-2019 17.00,786,-2.171,0.002,38.912,84.08,755.516
02-04-2019 18.00,787,-3.84,0.002,0.105,0.455,0
02-04-2019 19.00,788,-4.161,0.002,0,0,0
02-04-2019 20.00,789,-4.807,0.002,0,0,0
02-04-2019 21.00,790,-5.424,0.002,0,0,0
02-04-2019 22.00,791,-6.005,0.002,0,0,0
02-04-2019 23.00,792,-6.579,0.002,0,0,0
03-04-2019 0.00,793,-7.304,0.002,0,0,0
03-04-2019 1.00,794,-7.645,0.002,0,0,0
03-04-2019 2.00,795,-7.892,0.002,0,0,0
03-04-2019 3.00,796,-8.13,0.002,0,0,0
03-04-2019 4.00,797,-7.942,0.002,0.185,0.779,0
03-04-2019 5.00,798,-7.138,0.002,38.605,96.898,729.787
03-04-2019 6.00,799,-4.979,0.002,167.952,327.008,1509.359
03-04-2019 7.00,800,-1.92,0.002,324.5,545.538,2737.896
03-04-2019 8.00,801,1.27,0.002,469.922,732.687,3305.055
03-04-2019 9.00,802,3.905,0.002,585.72,875.767,3807.155
03-04-2019 10.00,803,5.645,0.002,654.882,965.02,4076.618
03-04-2019 11.00,804,6.643,0.002,674.057,994.397,3982.768
03-04-2019 12.00,805,7.349,0.002,638.626,961.91,3692.097
03-04-2019 13.00,806,7.644,0.002,553.096,869.823,3102.61
03-04-2019 14.00,807,7.626,0.003,429.192,724.404,2431.174
03-04-2019 15.00,808,7.07,0.003,288.383,535.62,1868.239
03-04-2019 16.00,809,4.381,0.003,146.47,316.331,994.642
03-04-2019 17.00,810,1.322,0.003,33.7,89.473,138.674
03-04-2019 18.00,811,1.021,0.003,0.155,0.658,0
03-04-2019 19.00,812,0.678,0.003,0,0,0
03-04-2019 20.00,813,-0.548,0.003,0,0,0
03-04-2019 21.00,814,-1.788,0.003,0,0,0
03-04-2019 22.00,815,-2.287,0.003,0,0,0
03-04-2019 23.00,816,-2.627,0.003,0,0,0
04-04-2019 0.00,817,-3.048,0.003,0,0,0
04-04-2019 1.00,818,-2.879,0.003,0,0,0
04-04-2019 2.00,819,-2.913,0.003,0,0,0
04-04-2019 3.00,820,-2.734,0.003,0,0,0
04-04-2019 4.00,821,-2.523,0.003,0.193,1.03,0
04-04-2019 5.00,822,-2.241,0.003,27.458,102.578,51.328
04-04-2019 6.00,823,-1.236,0.003,105.919,333.394,241.27
04-04-2019 7.00,824,0.337,0.003,201.724,551.665,778.976
04-04-2019 8.00,825,1.968,0.003,294.625,738.596,984.796
04-04-2019 9.00,826,3.152,0.003,371.448,881.506,1183.637
04-04-2019 10.00,827,3.537,0.003,406.939,970.649,1124.068
04-04-2019 11.00,828,3.504,0.003,387.974,999.99,995.031
04-04-2019 12.00,829,3.187,0.003,339.766,967.541,655.769
04-04-2019 13.00,830,2.561,0.003,273.691,875.553,388.543
04-04-2019 14.00,831,1.888,0.003,200.393,730.308,256.973
04-04-2019 15.00,832,1.11,0.003,129.176,541.741,148.36
04-04-2019 16.00,833,0.557,0.004,65.433,322.716,50.657
04-04-2019 17.00,834,0.176,0.004,15.076,94.969,0
04-04-2019 18.00,835,-0.016,0.003,0.116,0.921,0
04-04-2019 19.00,836,-0.136,0.003,0,0,0
04-04-2019 20.00,837,-0.301,0.003,0,0,0
04-04-2019 21.00,838,-0.51,0.003,0,0,0
04-04-2019 22.00,839,-0.679,0.003,0,0,0
04-04-2019 23.00,840,-0.874,0.003,0,0,0
05-04-2019 0.00,841,-1.133,0.003,0,0,0
05-04-2019 1.00,842,-1.488,0.003,0,0,0
05-04-2019 2.00,843,-1.806,0.003,0,0,0
05-04-2019 3.00,844,-2.044,0.003,0,0,0
05-04-2019 4.00,845,-2.267,0.003,0.128,1.337,0
05-04-2019 5.00,846,-2.347,0.003,19.421,108.366,20.639
05-04-2019 6.00,847,-1.585,0.003,91.755,339.737,244.366
05-04-2019 7.00,848,0.042,0.003,199.075,557.73,834.542
05-04-2019 8.00,849,1.997,0.003,315.922,744.44,2003.57
05-04-2019 9.00,850,3.802,0.003,401.33,887.166,3350.985
05-04-2019 10.00,851,4.82,0.003,457.281,976.201,3696.599
05-04-2019 11.00,852,4.92,0.003,474.554,1005.488,3043.767
05-04-2019 12.00,853,4.838,0.003,456.067,973.096,2439.781
05-04-2019 13.00,854,4.683,0.003,410.396,881.211,2075.606
05-04-2019 14.00,855,4.322,0.003,337.409,736.139,1583.926
05-04-2019 15.00,856,3.794,0.003,243.729,547.806,1199.428
05-04-2019 16.00,857,2.716,0.003,132.856,329.043,825.758
05-04-2019 17.00,858,0.405,0.003,32.293,100.553,248.124
05-04-2019 18.00,859,-0.79,0.003,0.246,1.253,0
05-04-2019 19.00,860,-0.998,0.003,0,0,0
05-04-2019 20.00,861,-1.239,0.003,0,0,0
05-04-2019 21.00,862,-1.831,0.003,0,0,0
05-04-2019 22.00,863,-2.518,0.003,0,0,0
05-04-2019 23.00,864,-2.799,0.003,0,0,0
06-04-2019 0.00,865,-3.052,0.003,0,0,0
06-04-2019 1.00,866,-3.311,0.003,0,0,0
06-04-2019 2.00,867,-3.445,0.003,0,0,0
06-04-2019 3.00,868,-3.668,0.003,0,0,0
06-04-2019 4.00,869,-4.125,0.003,0.324,1.707,0
06-04-2019 5.00,870,-3.79,0.003,43.885,114.24,586.438
06-04-2019 6.00,871,-1.44,0.003,177.272,346.02,1779.854
06-04-2019 7.00,872,1.159,0.003,325.996,563.748,2199.566
06-04-2019 8.00,873,2.974,0.003,443.762,750.228,2185.968
06-04-2019 9.00,874,3.814,0.003,503.531,892.764,2311.942
06-04-2019 10.00,875,4.002,0.003,484.572,981.68,2158.285
06-04-2019 11.00,876,3.961,0.003,438.786,1010.914,2031.282
06-04-2019 12.00,877,4.011,0.003,389.939,978.576,1964.847
06-04-2019 13.00,878,3.765,0.003,337.128,886.796,1599.03
06-04-2019 14.00,879,3.334,0.003,259.062,741.913,1231.633
06-04-2019 15.00,880,2.767,0.003,174.721,553.81,863.848
06-04-2019 16.00,881,1.992,0.003,94.848,335.331,511.054
06-04-2019 17.00,882,0.276,0.003,25.144,106.216,155.25
06-04-2019 18.00,883,-0.916,0.003,0.256,1.662,0
06-04-2019 19.00,884,-0.958,0.003,0,0,0
06-04-2019 20.00,885,-1.273,0.003,0,0,0
06-04-2019 21.00,886,-1.749,0.003,0,0,0
06-04-2019 22.00,887,-2.084,0.003,0,0,0
06-04-2019 23.00,888,-2.109,0.003,0,0,0
07-04-2019 0.00,889,-2.244,0.003,0,0,0
07-04-2019 1.00,890,-2.312,0.003,0,0,0
07-04-2019 2.00,891,-2.319,0.003,0,0,0
07-04-2019 3.00,892,-2.319,0.003,0,0,0
07-04-2019 4.00,893,-2.403,0.003,0.337,2.147,0
07-04-2019 5.00,894,-2.042,0.003,36.448,120.196,164.033
07-04-2019 6.00,895,-0.637,0.003,154.121,352.25,827.318
07-04-2019 7.00,896,1.529,0.003,307.297,569.695,1849.451
07-04-2019 8.00,897,3.259,0.003,421.917,755.931,2526.786
07-04-2019 9.00,898,4.123,0.003,459.417,898.267,2598.286
07-04-2019 10.00,899,4.733,0.003,444.843,987.09,2739.185
07-04-2019 11.00,900,4.849,0.003,414.464,1016.307,2544.654
07-04-2019 12.00,901,4.504,0.003,376.476,983.975,1927.557
07-04-2019 13.00,902,3.807,0.003,321.785,892.316,1284.041
07-04-2019 14.00,903,2.985,0.003,247.764,747.618,833.455
07-04-2019 15.00,904,2.082,0.003,168.079,559.758,442.506
07-04-2019 16.00,905,1.118,0.003,90.181,341.556,216.499
07-04-2019 17.00,906,-0.617,0.003,23.686,111.945,36.991
07-04-2019 18.00,907,-1.673,0.003,0.268,2.155,0
07-04-2019 19.00,908,-1.872,0.003,0,0,0
07-04-2019 20.00,909,-2.044,0.003,0,0,0
07-04-2019 21.00,910,-2.214,0.003,0,0,0
07-04-2019 22.00,911,-2.36,0.003,0,0,0
07-04-2019 23.00,912,-2.493,0.003,0,0,0
08-04-2019 0.00,913,-2.669,0.003,0,0,0
08-04-2019 1.00,914,-2.864,0.003,0,0,0
08-04-2019 2.00,915,-3.048,0.003,0,0,0
08-04-2019 3.00,916,-3.495,0.003,0,0,0
08-04-2019 4.00,917,-4.027,0.003,0.53,2.666,0
08-04-2019 5.00,918,-2.991,0.003,47.737,126.217,974.736
08-04-2019 6.00,919,-0.453,0.003,192.272,358.43,2272.92
08-04-2019 7.00,920,2.689,0.003,360.979,575.583,3181.234
08-04-2019 8.00,921,4.172,0.003,462.04,761.561,3254.705
08-04-2019 9.00,922,4.815,0.003,497.202,903.724,2984.572
08-04-2019 10.00,923,4.989,0.003,491.713,992.394,2570.645
08-04-2019 11.00,924,5.033,0.003,478.727,1021.582,2431.05
08-04-2019 12.00,925,5.11,0.003,456.848,989.289,2121.017
08-04-2019 13.00,926,5.017,0.003,404.14,897.75,1779.402
08-04-2019 14.00,927,4.755,0.003,328.998,753.253,1461.957
08-04-2019 15.00,928,4.251,0.003,234.789,565.648,1039.02
08-04-2019 16.00,929,3.188,0.003,134.994,347.729,767.813
08-04-2019 17.00,930,-0.196,0.003,38.638,117.728,255
08-04-2019 18.00,931,-2.081,0.003,0.66,2.738,0
08-04-2019 19.00,932,-2.458,0.003,0,0,0
08-04-2019 20.00,933,-2.793,0.003,0,0,0
08-04-2019 21.00,934,-3.033,0.003,0,0,0
08-04-2019 22.00,935,-3.024,0.003,0,0,0
08-04-2019 23.00,936,-2.913,0.003,0,0,0
09-04-2019 0.00,937,-2.955,0.003,0,0,0
09-04-2019 1.00,938,-3.066,0.003,0,0,0
09-04-2019 2.00,939,-3.331,0.003,0,0,0
09-04-2019 3.00,940,-3.616,0.003,0,0,0
09-04-2019 4.00,941,-3.908,0.003,0.897,3.274,0
09-04-2019 5.00,942,-2.687,0.003,64.222,132.289,1282.969
09-04-2019 6.00,943,0.076,0.003,234.431,364.553,2834.963
09-04-2019 7.00,944,3.604,0.003,419.067,581.407,3604.788
09-04-2019 8.00,945,5.484,0.003,578.361,767.133,3909.424
09-04-2019 9.00,946,6.287,0.003,671.893,909.102,3519.65
09-04-2019 10.00,947,6.467,0.003,724.216,997.659,2983.492
09-04-2019 11.00,948,6.715,0.002,722.053,1026.787,3163.403
09-04-2019 12.00,949,6.642,0.003,676.62,994.541,2721.651
09-04-2019 13.00,950,6.474,0.003,589.622,903.128,2489.55
09-04-2019 14.00,951,6.242,0.003,479.111,758.812,2460.661
09-04-2019 15.00,952,5.653,0.003,340.176,571.472,2007.75
09-04-2019 16.00,953,4.397,0.003,193.036,353.857,1328.836
09-04-2019 17.00,954,0.804,0.003,56.873,123.561,589.281
09-04-2019 18.00,955,-0.401,0.003,1.02,3.416,0
09-04-2019 19.00,956,-0.491,0.003,0,0,0
09-04-2019 20.00,957,-0.719,0.003,0,0,0
09-04-2019 21.00,958,-0.984,0.003,0,0,0
09-04-2019 22.00,959,-1.204,0.003,0,0,0
09-04-2019 23.00,960,-1.338,0.003,0,0,0
10-04-2019 0.00,961,-1.446,0.003,0,0,0
10-04-2019 1.00,962,-1.689,0.003,0,0,0
10-04-2019 2.00,963,-1.937,0.003,0,0,0
10-04-2019 3.00,964,-2.188,0.003,0,0,0
10-04-2019 4.00,965,-2.286,0.003,1.148,3.983,0
10-04-2019 5.00,966,-1.25,0.003,60.393,138.402,1487.961
10-04-2019 6.00,967,1.838,0.003,210.611,370.624,2990.938
10-04-2019 7.00,968,5.049,0.003,385.389,587.173,3691.461
10-04-2019 8.00,969,7.251,0.002,543.706,772.636,4051.139
10-04-2019 9.00,970,8.327,0.002,657.566,914.387,4211.534
10-04-2019 10.00,971,9.061,0.002,713.576,1002.814,4136.658
10-04-2019 11.00,972,9.213,0.002,701.978,1031.912,3679.913
10-04-2019 12.00,973,9.113,0.002,644.169,999.69,3151.245
10-04-2019 13.00,974,8.997,0.002,563.857,908.419,3028.643
10-04-2019 14.00,975,8.538,0.002,453.839,764.31,2421.206
10-04-2019 15.00,976,7.679,0.003,329.915,577.22,1910.871
10-04-2019 16.00,977,5.779,0.003,193.695,359.919,1328.6
10-04-2019 17.00,978,2.462,0.003,58.274,129.429,400.151
10-04-2019 18.00,979,1.556,0.003,1.238,4.193,0
10-04-2019 19.00,980,1.452,0.003,0,0,0
10-04-2019 20.00,981,1.091,0.003,0,0,0
10-04-2019 21.00,982,0.441,0.003,0,0,0
10-04-2019 22.00,983,-0.283,0.003,0,0,0
10-04-2019 23.00,984,-0.763,0.003,0,0,0
11-04-2019 0.00,985,-1.055,0.003,0,0,0
11-04-2019 1.00,986,-1.323,0.003,0,0,0
11-04-2019 2.00,987,-1.629,0.003,0,0,0
11-04-2019 3.00,988,-1.891,0.003,0,0,0
11-04-2019 4.00,989,-2.21,0.003,1.349,4.802,0
11-04-2019 5.00,990,-1.171,0.003,67.395,144.533,1354.341
11-04-2019 6.00,991,2.564,0.003,232.26,376.638,2941.979
11-04-2019 7.00,992,5.551,0.003,418.823,592.857,3665.403
11-04-2019 8.00,993,7.263,0.003,586.476,778.052,4059.3
11-04-2019 9.00,994,8.278,0.002,714.288,919.613,4227.785
11-04-2019 10.00,995,9.129,0.002,788.022,1007.909,4262.878
11-04-2019 11.00,996,9.844,0.003,800.996,1036.958,4243.92
11-04-2019 12.00,997,10.312,0.003,759.639,1004.78,4208.007
11-04-2019 13.00,998,10.369,0.003,668.632,913.629,3937.701
11-04-2019 14.00,999,10.04,0.003,540.952,769.738,3065.246
11-04-2019 15.00,1000,9.514,0.003,388.653,582.915,2763.575
11-04-2019 16.00,1001,7.719,0.003,222.378,365.924,2058.789
11-04-2019 17.00,1002,4.596,0.004,68.062,135.326,832.23
11-04-2019 18.00,1003,3.296,0.003,1.661,5.076,0
11-04-2019 19.00,1004,2.252,0.003,0,0,0
11-04-2019 20.00,1005,0.878,0.003,0,0,0
11-04-2019 21.00,1006,-0.415,0.003,0,0,0
11-04-2019 22.00,1007,-1.444,0.003,0,0,0
11-04-2019 23.00,1008,-2.099,0.003,0,0,0
12-04-2019 0.00,1009,-2.489,0.003,0,0,0
12-04-2019 1.00,1010,-2.863,0.003,0,0,0
12-04-2019 2.00,1011,-3.062,0.003,0,0,0
12-04-2019 3.00,1012,-3.033,0.003,0,0,0
12-04-2019 4.00,1013,-3.039,0.003,1.902,5.741,0
12-04-2019 5.00,1014,-0.859,0.003,75.717,150.673,1391.827
12-04-2019 6.00,1015,3.21,0.003,238.988,382.59,2901.272
12-04-2019 7.00,1016,6.656,0.003,412.097,598.495,3630.988
12-04-2019 8.00,1017,9.616,0.003,566.931,783.403,3914.066
12-04-2019 9.00,1018,11.647,0.003,685.345,924.748,4089.947
12-04-2019 10.00,1019,12.821,0.003,757.47,1012.914,4137.246
12-04-2019 11.00,1020,13.393,0.003,779.633,1041.895,4126.094
12-04-2019 12.00,1021,13.678,0.003,749.709,1009.784,4099.305
12-04-2019 13.00,1022,13.691,0.003,668.9,918.773,3992.948
12-04-2019 14.00,1023,13.394,0.003,536.307,775.084,3725.267
12-04-2019 15.00,1024,12.715,0.003,374.323,588.54,3200.103
12-04-2019 16.00,1025,10.729,0.003,202.09,371.866,2193.786
12-04-2019 17.00,1026,5.563,0.004,54.211,141.244,675.554
12-04-2019 18.00,1027,2.521,0.003,1.188,6.068,0
12-04-2019 19.00,1028,2.512,0.003,0,0,0
12-04-2019 20.00,1029,2.992,0.003,0,0,0
12-04-2019 21.00,1030,2.605,0.003,0,0,0
12-04-2019 22.00,1031,2.422,0.003,0,0,0
12-04-2019 23.00,1032,1.562,0.003,0,0,0
13-04-2019 0.00,1033,1.433,0.003,0,0,0
13-04-2019 1.00,1034,0.982,0.003,0,0,0
13-04-2019 2.00,1035,0.667,0.003,0,0,0
13-04-2019 3.00,1036,0.621,0.003,0,0,0
13-04-2019 4.00,1037,0.867,0.003,1.785,6.809,0
13-04-2019 5.00,1038,1.337,0.003,54.487,156.807,48.623
13-04-2019 6.00,1039,1.849,0.003,179.447,388.482,139.704
13-04-2019 7.00,1040,2.417,0.003,326.596,604.057,263.491
13-04-2019 8.00,1041,4.329,0.003,457.001,788.696,839.303
13-04-2019 9.00,1042,6.958,0.003,555.23,929.818,1770.21
13-04-2019 10.00,1043,8.574,0.003,603.09,1017.841,2644.307
13-04-2019 11.00,1044,8.433,0.003,606.701,1046.787,2329.78
13-04-2019 12.00,1045,8.035,0.003,561.564,1014.725,2183.017
13-04-2019 13.00,1046,7.538,0.003,495.222,923.831,1899.656
13-04-2019 14.00,1047,6.86,0.003,410.898,780.363,1389.375
13-04-2019 15.00,1048,6.165,0.003,307.413,594.092,1017.753
13-04-2019 16.00,1049,5.277,0.003,185.731,377.758,760.99
13-04-2019 17.00,1050,2.713,0.003,62.406,147.168,397.824
13-04-2019 18.00,1051,-1.279,0.003,1.886,7.173,0
13-04-2019 19.00,1052,-2.59,0.003,0,0,0
13-04-2019 20.00,1053,-2.401,0.003,0,0,0
13-04-2019 21.00,1054,-1.046,0.003,0,0,0
13-04-2019 22.00,1055,-0.776,0.003,0,0,0
13-04-2019 23.00,1056,-2.746,0.003,0,0,0
14-04-2019 0.00,1057,-4.131,0.003,0,0,0
14-04-2019 1.00,1058,-4.207,0.003,0,0,0
14-04-2019 2.00,1059,-3.763,0.003,0,0,0
14-04-2019 3.00,1060,-3.409,0.003,0,0,0
14-04-2019 4.00,1061,-2.657,0.003,2.473,8.013,0
14-04-2019 5.00,1062,-1.563,0.003,63.211,162.922,156.744
14-04-2019 6.00,1063,-0.061,0.003,192.972,394.316,510.221
14-04-2019 7.00,1064,2.275,0.003,338.785,609.561,967.49
14-04-2019 8.00,1065,4.873,0.002,479.042,793.885,1953.792
14-04-2019 9.00,1066,7.354,0.002,587.041,934.792,3719.99
14-04-2019 10.00,1067,8.967,0.002,650.187,1022.672,3990.237
14-04-2019 11.00,1068,9.837,0.002,662.146,1051.566,3840.171
14-04-2019 12.00,1069,10.166,0.002,625.764,1019.551,3668.228
14-04-2019 13.00,1070,9.929,0.002,547.172,928.817,3063.73
14-04-2019 14.00,1071,9.318,0.002,432.51,785.56,1938.113
14-04-2019 15.00,1072,8.76,0.002,300.298,599.587,1686.099
14-04-2019 16.00,1073,7.446,0.003,164.055,383.581,1066.136
14-04-2019 17.00,1074,3.844,0.003,51.635,153.09,410.418
14-04-2019 18.00,1075,1.755,0.003,1.999,8.396,0
14-04-2019 19.00,1076,0.837,0.003,0,0,0
14-04-2019 20.00,1077,-0.236,0.003,0,0,0
14-04-2019 21.00,1078,-1.47,0.003,0,0,0
14-04-2019 22.00,1079,-2.201,0.003,0,0,0
14-04-2019 23.00,1080,-2.662,0.003,0,0,0
15-04-2019 0.00,1081,-3.108,0.003,0,0,0
15-04-2019 1.00,1082,-3.107,0.003,0,0,0
15-04-2019 2.00,1083,-2.538,0.003,0,0,0
15-04-2019 3.00,1084,-1.473,0.003,0,0,0
15-04-2019 4.00,1085,-1.223,0.003,2.751,9.359,0
15-04-2019 5.00,1086,0.197,0.003,75.083,169.013,297.399
15-04-2019 6.00,1087,3.098,0.003,225.711,400.082,2215.039
15-04-2019 7.00,1088,6.128,0.003,395.161,614.972,3496.299
15-04-2019 8.00,1089,8.517,0.003,554.235,799.025,3927.316
15-04-2019 9.00,1090,10.474,0.003,682.443,939.705,4100.977
15-04-2019 10.00,1091,12.089,0.003,759.065,1027.451,4122.616
15-04-2019 11.00,1092,13.37,0.003,779.342,1056.277,4075.874
15-04-2019 12.00,1093,14.308,0.003,751.193,1024.291,4041.506
15-04-2019 13.00,1094,14.874,0.003,671.582,933.722,3923.852
15-04-2019 14.00,1095,14.976,0.003,547.336,790.694,3667.575
15-04-2019 15.00,1096,14.604,0.004,393.348,605.007,3234.849
15-04-2019 16.00,1097,12.88,0.004,224.499,389.343,2438.705
15-04-2019 17.00,1098,7.582,0.005,70.301,159.009,986.155
15-04-2019 18.00,1099,3.829,0.004,2.626,9.74,0
15-04-2019 19.00,1100,2.965,0.004,0,0,0
15-04-2019 20.00,1101,2.385,0.004,0,0,0
15-04-2019 21.00,1102,1.831,0.004,0,0,0
15-04-2019 22.00,1103,1.501,0.004,0,0,0
15-04-2019 23.00,1104,0.974,0.004,0,0,0
16-04-2019 0.00,1105,0.475,0.004,0,0,0
16-04-2019 1.00,1106,0.134,0.004,0,0,0
16-04-2019 2.00,1107,-0.175,0.004,0,0,0
16-04-2019 3.00,1108,0.025,0.004,0,0,0
16-04-2019 4.00,1109,0.951,0.004,3.383,10.852,8.465
16-04-2019 5.00,1110,4.036,0.004,76.511,175.06,583.043
16-04-2019 6.00,1111,5.73,0.004,229.052,405.789,1488.666
16-04-2019 7.00,1112,7.712,0.004,396.799,620.341,2082.154
16-04-2019 8.00,1113,10.441,0.004,546.335,804.084,3561.764
16-04-2019 9.00,1114,13.251,0.004,665.986,944.53,4014.187
16-04-2019 10.00,1115,15.8,0.004,735.856,1032.113,4040.681
16-04-2019 11.00,1116,17.837,0.004,731.493,1060.916,3973.045
16-04-2019 12.00,1117,19.364,0.004,686.942,1029.004,3905.397
16-04-2019 13.00,1118,20.353,0.004,607.368,938.527,3747.49
16-04-2019 14.00,1119,20.533,0.004,500.234,795.732,3316.657
16-04-2019 15.00,1120,19.913,0.004,372.189,610.356,2694.677
16-04-2019 16.00,1121,18.204,0.004,216.44,395.039,1958.387
16-04-2019 17.00,1122,14.167,0.004,71.816,164.912,718.298
16-04-2019 18.00,1123,9.297,0.004,3.811,11.208,0
16-04-2019 19.00,1124,7.159,0.004,0,0,0
16-04-2019 20.00,1125,6.036,0.004,0,0,0
16-04-2019 21.00,1126,5.538,0.004,0,0,0
16-04-2019 22.00,1127,5.205,0.004,0,0,0
16-04-2019 23.00,1128,4.095,0.004,0,0,0
17-04-2019 0.00,1129,2.896,0.004,0,0,0
17-04-2019 1.00,1130,1.411,0.004,0,0,0
17-04-2019 2.00,1131,0.484,0.004,0,0,0
17-04-2019 3.00,1132,0.368,0.004,0,0,0
17-04-2019 4.00,1133,1.207,0.004,2.96,12.493,0
17-04-2019 5.00,1134,2.119,0.004,54.053,181.066,216.085
17-04-2019 6.00,1135,3.747,0.004,152.517,411.427,449.422
17-04-2019 7.00,1136,5.944,0.003,274.083,625.617,876
17-04-2019 8.00,1137,9.026,0.003,402.262,809.056,1659.827
17-04-2019 9.00,1138,11.985,0.004,497.415,949.276,2452.993
17-04-2019 10.00,1139,14.491,0.004,538.64,1036.725,3072.962
17-04-2019 11.00,1140,16.391,0.004,517.797,1065.475,3219.084
17-04-2019 12.00,1141,17.615,0.004,460.567,1033.586,2863.165
17-04-2019 13.00,1142,17.63,0.004,377.302,943.27,1757.017
17-04-2019 14.00,1143,16.869,0.004,279.453,800.71,992.736
17-04-2019 15.00,1144,15.841,0.005,183.522,615.643,649.394
17-04-2019 16.00,1145,13.698,0.005,93.578,400.677,165.928
17-04-2019 17.00,1146,11.779,0.005,28.019,170.789,12.976
17-04-2019 18.00,1147,10.685,0.005,2.051,12.801,0
17-04-2019 19.00,1148,9.291,0.005,0,0,0
17-04-2019 20.00,1149,8.094,0.005,0,0,0
17-04-2019 21.00,1150,7.45,0.004,0,0,0
17-04-2019 22.00,1151,7.304,0.004,0,0,0
17-04-2019 23.00,1152,7.531,0.004,0,0,0
18-04-2019 0.00,1153,7.445,0.004,0,0,0
18-04-2019 1.00,1154,6.9,0.004,0,0,0
18-04-2019 2.00,1155,5.494,0.004,0,0,0
18-04-2019 3.00,1156,3.146,0.004,0,0,0
18-04-2019 4.00,1157,0.671,0.003,2.261,14.284,0
18-04-2019 5.00,1158,-0.882,0.003,55.524,187.014,115.489
18-04-2019 6.00,1159,-1.342,0.003,172.925,416.996,506.948
18-04-2019 7.00,1160,-1.051,0.003,315.619,630.839,956.321
18-04-2019 8.00,1161,-0.772,0.003,461.547,813.975,1263.008
18-04-2019 9.00,1162,-0.476,0.002,587.473,953.942,1558.359
18-04-2019 10.00,1163,0.143,0.002,674.134,1041.24,1961.975
18-04-2019 11.00,1164,1.55,0.002,718.25,1069.947,2879.838
18-04-2019 12.00,1165,3.038,0.002,705.568,1038.119,3544.885
18-04-2019 13.00,1166,4.014,0.002,653.241,947.948,3929.058
18-04-2019 14.00,1167,4.256,0.002,550.403,805.608,4097.79
18-04-2019 15.00,1168,3.887,0.002,412.494,620.854,3858.478
18-04-2019 16.00,1169,2.99,0.002,255.217,406.239,3083.587
18-04-2019 17.00,1170,1.663,0.002,94.826,176.643,1345.562
18-04-2019 18.00,1171,0.044,0.002,5.601,14.521,0
18-04-2019 19.00,1172,-0.986,0.002,0,0,0
18-04-2019 20.00,1173,-1.681,0.002,0,0,0
18-04-2019 21.00,1174,-2.154,0.002,0,0,0
18-04-2019 22.00,1175,-2.533,0.002,0,0,0
18-04-2019 23.00,1176,-3.056,0.002,0,0,0
19-04-2019 0.00,1177,-3.873,0.002,0,0,0
19-04-2019 1.00,1178,-5.165,0.002,0,0,0
19-04-2019 2.00,1179,-5.68,0.002,0,0,0
19-04-2019 3.00,1180,-5.95,0.002,0,0,0
19-04-2019 4.00,1181,-6.01,0.002,6.086,16.225,90.916
19-04-2019 5.00,1182,-4.447,0.002,112.146,192.908,2248.545
19-04-2019 6.00,1183,-2.131,0.002,294.419,422.495,3506.873
19-04-2019 7.00,1184,-0.41,0.002,478.309,635.958,4079.996
19-04-2019 8.00,1185,1.19,0.002,638.737,818.796,4429.011
19-04-2019 9.00,1186,2.76,0.002,760.676,958.523,4500
19-04-2019 10.00,1187,4.187,0.002,835.908,1045.664,4500
19-04-2019 11.00,1188,5.308,0.002,861.287,1074.331,4500
19-04-2019 12.00,1189,6.019,0.002,830.256,1042.544,4500
19-04-2019 13.00,1190,6.377,0.002,745.724,952.526,4433.369
19-04-2019 14.00,1191,6.412,0.002,614.33,810.434,4253.31
19-04-2019 15.00,1192,6.023,0.002,447.522,625.982,3896.308
19-04-2019 16.00,1193,5.06,0.002,263.237,411.732,3212.936
19-04-2019 17.00,1194,1.808,0.003,91.596,182.458,1759.92
19-04-2019 18.00,1195,-2.764,0.002,4.531,16.368,2.572
19-04-2019 19.00,1196,-2.254,0.002,0,0,0
19-04-2019 20.00,1197,-1.232,0.002,0,0,0
19-04-2019 21.00,1198,-0.839,0.002,0,0,0
19-04-2019 22.00,1199,-0.989,0.002,0,0,0
19-04-2019 23.00,1200,-1.362,0.002,0,0,0
20-04-2019 0.00,1201,-1.918,0.002,0,0,0
20-04-2019 1.00,1202,-2.475,0.002,0,0,0
20-04-2019 2.00,1203,-3.192,0.002,0,0,0
20-04-2019 3.00,1204,-3.704,0.002,0,0,0
20-04-2019 4.00,1205,-3.686,0.002,6.344,18.313,67.352
20-04-2019 5.00,1206,-0.971,0.002,89.575,198.739,1374.637
20-04-2019 6.00,1207,1.945,0.002,231.082,427.93,2885.416
20-04-2019 7.00,1208,5.155,0.003,372.027,641.033,3607.662
20-04-2019 8.00,1209,7.306,0.003,500.535,823.537,3486.025
20-04-2019 9.00,1210,9.15,0.003,616.414,963.019,3441.077
20-04-2019 10.00,1211,11.029,0.003,694.568,1050.028,3857.438
20-04-2019 11.00,1212,12.446,0.003,728.493,1078.603,3566.369
20-04-2019 12.00,1213,13.088,0.003,713.756,1046.912,2868.145
20-04-2019 13.00,1214,12.792,0.003,639.731,957.027,2216.45
20-04-2019 14.00,1215,12.01,0.003,514.989,815.184,2092.153
20-04-2019 15.00,1216,11.651,0.003,369.832,631.031,2870.494
20-04-2019 16.00,1217,10.812,0.003,219.795,417.165,2374.036
20-04-2019 17.00,1218,8.359,0.003,83.521,188.226,1169.016
20-04-2019 18.00,1219,4.82,0.003,5.891,18.342,2.194
20-04-2019 19.00,1220,3.068,0.003,0,0,0
20-04-2019 20.00,1221,0.372,0.003,0,0,0
20-04-2019 21.00,1222,-1.294,0.003,0,0,0
20-04-2019 22.00,1223,-2.458,0.003,0,0,0
20-04-2019 23.00,1224,-3.134,0.003,0,0,0
21-04-2019 0.00,1225,-3.469,0.003,0,0,0
21-04-2019 1.00,1226,-4.12,0.003,0,0,0
21-04-2019 2.00,1227,-4.59,0.003,0,0,0
21-04-2019 3.00,1228,-4.853,0.003,0,0,0
21-04-2019 4.00,1229,-4.864,0.003,7.789,20.545,125.773
21-04-2019 5.00,1230,-1.854,0.003,111.441,204.508,2083.937
21-04-2019 6.00,1231,1.379,0.003,280.734,433.296,3343.499
21-04-2019 7.00,1232,5.382,0.002,455.647,646.028,3897.262
21-04-2019 8.00,1233,7.531,0.002,608.541,828.204,4209.332
21-04-2019 9.00,1234,8.541,0.002,723.361,967.446,4346.029
21-04-2019 10.00,1235,9.23,0.002,800.97,1054.277,4370.721
21-04-2019 11.00,1236,9.732,0.002,835.776,1082.827,4340.824
21-04-2019 12.00,1237,10.037,0.002,823.754,1051.171,4345.342
21-04-2019 13.00,1238,10.096,0.002,743.521,961.449,4273.815
21-04-2019 14.00,1239,9.745,0.002,603.437,819.842,3928.709
21-04-2019 15.00,1240,9.084,0.002,437.567,636.022,3492.15
21-04-2019 16.00,1241,7.977,0.002,260.97,422.522,2731.596
21-04-2019 17.00,1242,4.657,0.003,99.074,193.955,1367.814
21-04-2019 18.00,1243,-0.194,0.003,7.777,20.446,8.6
21-04-2019 19.00,1244,-0.539,0.003,0,0,0
21-04-2019 20.00,1245,0.269,0.003,0,0,0
21-04-2019 21.00,1246,0.855,0.002,0,0,0
21-04-2019 22.00,1247,0.557,0.002,0,0,0
21-04-2019 23.00,1248,-0.556,0.002,0,0,0
22-04-2019 0.00,1249,-1.629,0.002,0,0,0
22-04-2019 1.00,1250,-1.944,0.002,0,0,0
22-04-2019 2.00,1251,-1.765,0.002,0,0,0
22-04-2019 3.00,1252,-1.621,0.002,0,0,0
22-04-2019 4.00,1253,-1.588,0.002,7.975,22.918,18.199
22-04-2019 5.00,1254,0.397,0.003,104.811,210.208,656.853
22-04-2019 6.00,1255,3.859,0.003,263.798,438.594,1843.782
22-04-2019 7.00,1256,7.378,0.003,426.377,650.942,3278.719
22-04-2019 8.00,1257,10.322,0.002,568.142,832.8,3706.844
22-04-2019 9.00,1258,12.16,0.002,654.682,971.785,3792.58
22-04-2019 10.00,1259,13.66,0.002,682.357,1058.469,3923.48
22-04-2019 11.00,1260,14.605,0.003,682.167,1086.98,3516.285
22-04-2019 12.00,1261,15,0.003,646.372,1055.34,2897.383
22-04-2019 13.00,1262,15.212,0.003,563.792,965.783,2545.471
22-04-2019 14.00,1263,15.811,0.003,443.918,824.428,3438.836
22-04-2019 15.00,1264,15.279,0.003,307.984,640.934,2791.767
22-04-2019 16.00,1265,13.618,0.004,170.478,427.807,2383.611
22-04-2019 17.00,1266,9.138,0.004,53.925,199.625,690.74
22-04-2019 18.00,1267,6.225,0.004,3.059,22.677,0
22-04-2019 19.00,1268,6.962,0.004,0,0,0
22-04-2019 20.00,1269,8.575,0.004,0,0,0
22-04-2019 21.00,1270,7.96,0.004,0,0,0
22-04-2019 22.00,1271,6.905,0.005,0,0,0
22-04-2019 23.00,1272,6.478,0.005,0,0,0
23-04-2019 0.00,1273,7.055,0.005,0,0,0
23-04-2019 1.00,1274,7.919,0.005,0,0,0
23-04-2019 2.00,1275,7.766,0.005,0,0,0
23-04-2019 3.00,1276,6.523,0.005,0,0,0
23-04-2019 4.00,1277,6.164,0.005,4.031,25.427,18.744
23-04-2019 5.00,1278,7.859,0.005,57.259,215.841,375.026
23-04-2019 6.00,1279,9.39,0.005,160.644,443.816,956.451
23-04-2019 7.00,1280,11.592,0.005,295.713,655.783,3209.204
23-04-2019 8.00,1281,14.11,0.005,430.91,837.305,3793.971
23-04-2019 9.00,1282,15.415,0.005,548.808,976.055,3988.103
23-04-2019 10.00,1283,15.691,0.005,622.303,1062.572,4008.011
23-04-2019 11.00,1284,15.502,0.005,651.009,1091.003,3703.975
23-04-2019 12.00,1285,15.576,0.005,652.705,1059.434,3986.102
23-04-2019 13.00,1286,15.419,0.004,616.006,970.046,3954.396
23-04-2019 14.00,1287,14.891,0.004,526.007,828.943,3756.976
23-04-2019 15.00,1288,13.996,0.004,398.787,645.772,3376.634
23-04-2019 16.00,1289,12.777,0.004,243.063,433.023,2593.703
23-04-2019 17.00,1290,10.697,0.004,91.247,205.236,1060.186
23-04-2019 18.00,1291,8.102,0.004,7.009,25.033,12.604
23-04-2019 19.00,1292,6.485,0.004,0,0,0
23-04-2019 20.00,1293,5.437,0.004,0,0,0
23-04-2019 21.00,1294,4.752,0.003,0,0,0
23-04-2019 22.00,1295,3.675,0.003,0,0,0
23-04-2019 23.00,1296,3.135,0.003,0,0,0
24-04-2019 0.00,1297,2.707,0.003,0,0,0
24-04-2019 1.00,1298,2.182,0.003,0,0,0
24-04-2019 2.00,1299,1.38,0.003,0,0,0
24-04-2019 3.00,1300,0.657,0.003,0,0,0
24-04-2019 4.00,1301,-0.718,0.003,6.957,28.068,116.044
24-04-2019 5.00,1302,0.292,0.003,88.639,221.407,1275.522
24-04-2019 6.00,1303,2.001,0.003,231.988,448.958,2588.897
24-04-2019 7.00,1304,3.999,0.003,381.871,660.538,3717.1
24-04-2019 8.00,1305,5.694,0.002,502.855,841.739,4169.61
24-04-2019 9.00,1306,6.321,0.002,591.618,980.221,3334.952
24-04-2019 10.00,1307,7.687,0.002,660.99,1066.592,4372.474
24-04-2019 11.00,1308,8.612,0.002,684.996,1094.967,4336.043
24-04-2019 12.00,1309,9.135,0.002,668.5,1063.446,4232.019
24-04-2019 13.00,1310,9.212,0.002,587.492,974.217,3894.509
24-04-2019 14.00,1311,8.858,0.002,476.658,833.371,3475.163
24-04-2019 15.00,1312,8.144,0.002,359.723,650.515,3129.974
24-04-2019 16.00,1313,7.078,0.003,233.376,438.169,2366.031
24-04-2019 17.00,1314,5.504,0.003,96.319,210.79,1035.562
24-04-2019 18.00,1315,2.401,0.003,9.135,27.515,19.342
24-04-2019 19.00,1316,0.671,0.003,0,0.002,0
24-04-2019 20.00,1317,-0.058,0.003,0,0,0
24-04-2019 21.00,1318,-0.772,0.003,0,0,0
24-04-2019 22.00,1319,-1.499,0.003,0,0,0
24-04-2019 23.00,1320,-2.02,0.003,0,0,0
25-04-2019 0.00,1321,-2.674,0.003,0,0,0
25-04-2019 1.00,1322,-3.439,0.003,0,0,0
25-04-2019 2.00,1323,-3.92,0.003,0,0,0
25-04-2019 3.00,1324,-4.125,0.003,0,0,0
25-04-2019 4.00,1325,-3.903,0.003,10.251,30.836,224.968
25-04-2019 5.00,1326,-0.981,0.003,109.404,226.896,1909.702
25-04-2019 6.00,1327,2.186,0.003,280.498,454.042,3144.706
25-04-2019 7.00,1328,4.789,0.003,455.239,665.219,3733.081
25-04-2019 8.00,1329,6.627,0.003,597.464,846.074,4031.777
25-04-2019 9.00,1330,8.266,0.003,701.673,984.316,4062.544
25-04-2019 10.00,1331,9.686,0.003,770.678,1070.517,3948.87
25-04-2019 11.00,1332,10.506,0.003,784.056,1098.825,3708.373
25-04-2019 12.00,1333,10.904,0.003,744.503,1067.364,3566.084
25-04-2019 13.00,1334,10.863,0.003,662.045,978.302,3117.724
25-04-2019 14.00,1335,10.53,0.003,542.364,837.716,2757.563
25-04-2019 15.00,1336,9.898,0.003,400.319,655.2,2402.731
25-04-2019 16.00,1337,8.902,0.003,246.237,443.231,1704.295
25-04-2019 17.00,1338,6.572,0.004,105.632,216.271,815.614
25-04-2019 18.00,1339,3.104,0.004,12.374,30.119,23.363
25-04-2019 19.00,1340,2.086,0.003,0.001,0.006,0
25-04-2019 20.00,1341,1.428,0.003,0,0,0
25-04-2019 21.00,1342,0.751,0.003,0,0,0
25-04-2019 22.00,1343,0.044,0.003,0,0,0
25-04-2019 23.00,1344,-0.691,0.003,0,0,0
26-04-2019 0.00,1345,-1.359,0.003,0,0,0
26-04-2019 1.00,1346,-1.808,0.003,0,0,0
26-04-2019 2.00,1347,-2.137,0.003,0,0,0
26-04-2019 3.00,1348,-2.298,0.003,0,0,0
26-04-2019 4.00,1349,-2.226,0.003,12.549,33.725,216.565
26-04-2019 5.00,1350,0.731,0.003,129.154,232.319,1822.653
26-04-2019 6.00,1351,4.318,0.003,308.652,459.039,3038.29
26-04-2019 7.00,1352,8.075,0.003,490.726,669.826,3629.395
26-04-2019 8.00,1353,9.837,0.003,647.85,850.359,3910.921
26-04-2019 9.00,1354,11.159,0.003,754.628,988.325,4014.785
26-04-2019 10.00,1355,12.095,0.003,812.687,1074.372,3921.199
26-04-2019 11.00,1356,12.662,0.003,832.044,1102.648,3880.807
26-04-2019 12.00,1357,12.991,0.003,803.271,1071.225,3889.807
26-04-2019 13.00,1358,12.982,0.003,724.747,982.314,3743.402
26-04-2019 14.00,1359,12.589,0.003,597.951,841.983,3280.106
26-04-2019 15.00,1360,12.048,0.003,448.333,659.805,3227.782
26-04-2019 16.00,1361,11.046,0.003,281.995,448.226,2454.225
26-04-2019 17.00,1362,8.088,0.004,121.015,221.678,1452.224
26-04-2019 18.00,1363,4.841,0.004,13.564,32.839,66.818
26-04-2019 19.00,1364,3.625,0.003,0.002,0.015,0
26-04-2019 20.00,1365,3.073,0.003,0,0,0
26-04-2019 21.00,1366,2.47,0.003,0,0,0
26-04-2019 22.00,1367,1.68,0.003,0,0,0
26-04-2019 23.00,1368,0.681,0.003,0,0,0
27-04-2019 0.00,1369,-0.3,0.003,0,0,0
27-04-2019 1.00,1370,-1.034,0.003,0,0,0
27-04-2019 2.00,1371,-1.721,0.003,0,0,0
27-04-2019 3.00,1372,-2.432,0.003,0,0,0
27-04-2019 4.00,1373,-2.283,0.003,13.893,36.73,358.255
27-04-2019 5.00,1374,1.514,0.003,118.914,237.665,2141.921
27-04-2019 6.00,1375,5.319,0.003,273.901,463.96,3203.557
27-04-2019 7.00,1376,9.383,0.003,435.413,674.362,3649.808
27-04-2019 8.00,1377,12.005,0.003,582.224,854.548,3798.761
27-04-2019 9.00,1378,13.516,0.003,698.646,992.251,3843.693
27-04-2019 10.00,1379,14.657,0.003,769.257,1078.11,3812.866
27-04-2019 11.00,1380,15.363,0.003,783.386,1106.333,3681.659
27-04-2019 12.00,1381,15.711,0.003,751.039,1075.017,3487.801
27-04-2019 13.00,1382,15.665,0.003,673.185,986.255,3013.113
27-04-2019 14.00,1383,15.412,0.003,553.141,846.166,2344.707
27-04-2019 15.00,1384,14.955,0.003,404.776,664.326,2054.221
27-04-2019 16.00,1385,13.692,0.004,244.039,453.142,1470.697
27-04-2019 17.00,1386,10.412,0.005,98.709,227.013,1101.468
27-04-2019 18.00,1387,6.345,0.005,11.404,35.668,66.985
27-04-2019 19.00,1388,5.01,0.004,0.006,0.03,0
27-04-2019 20.00,1389,4.043,0.004,0,0,0
27-04-2019 21.00,1390,3.544,0.004,0,0,0
27-04-2019 22.00,1391,3.31,0.004,0,0,0
27-04-2019 23.00,1392,3.331,0.004,0,0,0
28-04-2019 0.00,1393,3.26,0.004,0,0,0
28-04-2019 1.00,1394,2.404,0.004,0,0,0
28-04-2019 2.00,1395,1.657,0.004,0,0,0
28-04-2019 3.00,1396,1.22,0.004,0,0.001,0
28-04-2019 4.00,1397,0.963,0.004,10.517,39.846,124.704
28-04-2019 5.00,1398,3.302,0.004,93.641,242.944,1320.154
28-04-2019 6.00,1399,6.088,0.004,227.994,468.811,2051.931
28-04-2019 7.00,1400,9.116,0.004,377.177,678.826,2318.257
28-04-2019 8.00,1401,11.432,0.004,512.647,858.656,2234.482
28-04-2019 9.00,1402,12.86,0.004,614.669,996.103,1945.748
28-04-2019 10.00,1403,14.425,0.004,667.763,1081.794,2506.977
28-04-2019 11.00,1404,15.979,0.004,669.912,1109.987,3029.311
28-04-2019 12.00,1405,16.541,0.004,629.88,1078.677,2736.113
28-04-2019 13.00,1406,15.685,0.004,553.271,990.103,1700.365
28-04-2019 14.00,1407,14.219,0.004,440.297,850.276,861.032
28-04-2019 15.00,1408,12.957,0.005,316.877,668.779,486.807
28-04-2019 16.00,1409,11.342,0.005,190.113,457.987,229.935
28-04-2019 17.00,1410,9.257,0.006,80.556,232.279,57.852
28-04-2019 18.00,1411,7.786,0.006,12.175,38.6,0
28-04-2019 19.00,1412,7.504,0.005,0.014,0.053,0
28-04-2019 20.00,1413,7.529,0.005,0,0,0
28-04-2019 21.00,1414,7.338,0.005,0,0,0
28-04-2019 22.00,1415,7.72,0.005,0,0,0
28-04-2019 23.00,1416,7.12,0.005,0,0,0
29-04-2019 0.00,1417,6.379,0.005,0,0,0
29-04-2019 1.00,1418,5.76,0.005,0,0,0
29-04-2019 2.00,1419,5.17,0.005,0,0,0
29-04-2019 3.00,1420,4.618,0.005,0,0.002,0
29-04-2019 4.00,1421,4.133,0.005,9.9,43.068,67.212
29-04-2019 5.00,1422,6.223,0.005,97.431,248.14,823.096
29-04-2019 6.00,1423,8.859,0.005,244.334,473.578,2254.016
29-04-2019 7.00,1424,11.772,0.005,406.752,683.188,3041.588
29-04-2019 8.00,1425,13.78,0.005,560.361,862.676,3571.498
29-04-2019 9.00,1426,15.312,0.005,683.031,999.865,3716.778
29-04-2019 10.00,1427,16.327,0.005,753.297,1085.42,3627.348
29-04-2019 11.00,1428,16.777,0.005,761.698,1113.516,3260.856
29-04-2019 12.00,1429,17.08,0.005,721.338,1082.282,3024.342
29-04-2019 13.00,1430,17.013,0.005,628.793,993.853,2614.101
29-04-2019 14.00,1431,16.709,0.005,501.685,854.302,2157.249
29-04-2019 15.00,1432,16.328,0.005,360.187,673.144,1747.138
29-04-2019 16.00,1433,15.427,0.005,219.102,462.743,1226.515
29-04-2019 17.00,1434,13.312,0.006,94.224,237.464,493.311
29-04-2019 18.00,1435,11.375,0.006,13.411,41.63,23.962
29-04-2019 19.00,1436,10.144,0.006,0.015,0.087,0
29-04-2019 20.00,1437,9.111,0.006,0,0,0
29-04-2019 21.00,1438,8.279,0.006,0,0,0
29-04-2019 22.00,1439,7.84,0.005,0,0,0
29-04-2019 23.00,1440,7.705,0.005,0,0,0
30-04-2019 0.00,1441,7.579,0.005,0,0,0
30-04-2019 1.00,1442,7.29,0.005,0,0,0
30-04-2019 2.00,1443,6.895,0.005,0,0,0
30-04-2019 3.00,1444,6.384,0.005,0.001,0.005,0
30-04-2019 4.00,1445,5.74,0.005,13.032,46.389,213.668
30-04-2019 5.00,1446,6.719,0.005,99.262,253.267,1371.222
30-04-2019 6.00,1447,10.187,0.005,242.854,478.273,2539.479
30-04-2019 7.00,1448,13.913,0.005,392.44,687.463,3208.742
30-04-2019 8.00,1449,16.292,0.005,513.732,866.624,3538.919
30-04-2019 9.00,1450,17.536,0.005,590.006,1003.56,3750.695
30-04-2019 10.00,1451,18.181,0.005,616.521,1088.927,3659.066
30-04-2019 11.00,1452,18.46,0.005,610.667,1116.976,3537.804
30-04-2019 12.00,1453,18.43,0.005,587.802,1085.793,3293.334
30-04-2019 13.00,1454,18.063,0.005,542.311,997.542,2864.474
30-04-2019 14.00,1455,17.335,0.005,454.186,858.248,2369.382
30-04-2019 15.00,1456,16.353,0.005,343.736,677.432,1568.696
30-04-2019 16.00,1457,15.094,0.005,211.898,467.427,808.269
30-04-2019 17.00,1458,12.422,0.005,93.425,242.572,263.841
30-04-2019 18.00,1459,9.568,0.005,14.86,44.746,3.081
30-04-2019 19.00,1460,8.927,0.005,0.033,0.134,0
30-04-2019 20.00,1461,8.63,0.005,0,0,0
30-04-2019 21.00,1462,7.944,0.005,0,0,0
30-04-2019 22.00,1463,7.208,0.005,0,0,0
30-04-2019 23.00,1464,5.831,0.005,0,0,0
01-05-2019 0.00,1465,5.415,0.005,0,0,0
01-05-2019 1.00,1466,5.449,0.005,0,0,0
01-05-2019 2.00,1467,5.266,0.005,0,0,0
01-05-2019 3.00,1468,4.244,0.004,0.002,0.011,0
01-05-2019 4.00,1469,2.831,0.004,11.342,49.801,2.177
01-05-2019 5.00,1470,2.503,0.004,96.653,258.314,194.275
01-05-2019 6.00,1471,3.205,0.004,231.36,482.879,660.158
01-05-2019 7.00,1472,4.731,0.004,379.762,691.681,1652.653
01-05-2019 8.00,1473,7.218,0.003,528.379,870.497,3591.98
01-05-2019 9.00,1474,9.412,0.003,641.136,1007.155,4216.298
01-05-2019 10.00,1475,11.021,0.003,718.179,1092.373,4274.227
01-05-2019 11.00,1476,12.03,0.003,746.85,1120.37,4280.489
01-05-2019 12.00,1477,12.519,0.003,729.449,1089.23,4300.442
01-05-2019 13.00,1478,12.57,0.003,674.435,1001.135,4266.835
01-05-2019 14.00,1479,12.255,0.003,580.937,862.107,4133.144
01-05-2019 15.00,1480,11.589,0.003,448.273,681.635,3858.514
01-05-2019 16.00,1481,10.518,0.003,296.051,472.024,3339.626
01-05-2019 17.00,1482,8.779,0.003,138.819,247.607,2266.381
01-05-2019 18.00,1483,4.286,0.003,20.683,47.942,290.452
01-05-2019 19.00,1484,1.963,0.003,0.05,0.196,0
01-05-2019 20.00,1485,0.954,0.003,0,0,0
01-05-2019 21.00,1486,0.017,0.003,0,0,0
01-05-2019 22.00,1487,-0.767,0.003,0,0,0
01-05-2019 23.00,1488,-1.451,0.003,0,0,0
02-05-2019 0.00,1489,-1.884,0.003,0,0,0
02-05-2019 1.00,1490,-2.452,0.003,0,0,0
02-05-2019 2.00,1491,-2.949,0.003,0,0,0
02-05-2019 3.00,1492,-3.372,0.003,0.002,0.021,0
02-05-2019 4.00,1493,-3.278,0.003,20.469,53.299,785.168
02-05-2019 5.00,1494,-0.932,0.003,141.153,263.272,2541.2
02-05-2019 6.00,1495,2.61,0.003,306.816,487.416,3492.104
02-05-2019 7.00,1496,5.622,0.003,478.863,695.81,3906.078
02-05-2019 8.00,1497,8.046,0.003,630.615,874.282,4094.313
02-05-2019 9.00,1498,10.393,0.003,744.43,1010.672,4180.561
02-05-2019 10.00,1499,12.421,0.003,813.346,1095.723,4174.87
02-05-2019 11.00,1500,14.175,0.003,842.583,1123.64,4140.736
02-05-2019 12.00,1501,15.574,0.004,828.636,1092.57,4112.372
02-05-2019 13.00,1502,16.443,0.004,766.581,1004.649,4022.304
02-05-2019 14.00,1503,16.783,0.004,653.806,865.897,3847.72
02-05-2019 15.00,1504,16.685,0.004,499.463,685.746,3561.094
02-05-2019 16.00,1505,15.682,0.004,322.79,476.556,3024.28
02-05-2019 17.00,1506,12.13,0.006,146.866,252.553,1973.154
02-05-2019 18.00,1507,6.863,0.005,22.278,51.211,251.251
02-05-2019 19.00,1508,5.067,0.004,0.071,0.274,0
02-05-2019 20.00,1509,4.223,0.004,0,0,0
02-05-2019 21.00,1510,3.714,0.004,0,0,0
02-05-2019 22.00,1511,3.276,0.004,0,0,0
02-05-2019 23.00,1512,2.626,0.004,0,0,0
03-05-2019 0.00,1513,1.825,0.004,0,0,0
03-05-2019 1.00,1514,0.989,0.004,0,0,0
03-05-2019 2.00,1515,0.576,0.004,0,0,0
03-05-2019 3.00,1516,0.19,0.004,0.007,0.036,0
03-05-2019 4.00,1517,0.278,0.004,22.726,56.874,662.116
03-05-2019 5.00,1518,4.233,0.004,147.551,268.161,2183.375
03-05-2019 6.00,1519,7.924,0.004,319.774,491.867,3195.108
03-05-2019 7.00,1520,12.103,0.004,494.563,699.864,3679.287
03-05-2019 8.00,1521,15.802,0.004,652.224,877.986,3904.731
03-05-2019 9.00,1522,18.062,0.004,772.563,1014.104,4016.723
03-05-2019 10.00,1523,19.646,0.004,846.689,1098.987,4037.56
03-05-2019 11.00,1524,20.808,0.004,877.033,1126.86,4033.599
03-05-2019 12.00,1525,21.565,0.004,853.018,1095.853,4026.842
03-05-2019 13.00,1526,21.834,0.004,778.612,1008.081,3963.449
03-05-2019 14.00,1527,21.684,0.004,653.433,869.575,3778.076
03-05-2019 15.00,1528,20.958,0.004,496.86,689.796,3363.176
03-05-2019 16.00,1529,19.083,0.005,318.74,481.001,2499.635
03-05-2019 17.00,1530,14.857,0.006,144.584,257.427,1391.972
03-05-2019 18.00,1531,10.341,0.005,22.255,54.545,199.181
03-05-2019 19.00,1532,8.775,0.005,0.096,0.371,0
03-05-2019 20.00,1533,8.011,0.005,0,0,0
03-05-2019 21.00,1534,7.247,0.005,0,0,0
03-05-2019 22.00,1535,6.463,0.005,0,0,0
03-05-2019 23.00,1536,6.168,0.004,0,0,0
04-05-2019 0.00,1537,6.893,0.004,0,0,0
04-05-2019 1.00,1538,6.88,0.004,0,0,0
04-05-2019 2.00,1539,4.992,0.004,0,0,0
04-05-2019 3.00,1540,3.362,0.004,0.012,0.058,0
04-05-2019 4.00,1541,3.404,0.004,21.208,60.521,379.234
04-05-2019 5.00,1542,6.029,0.004,126.412,272.965,1459.385
04-05-2019 6.00,1543,8.415,0.004,266.861,496.236,2523.543
04-05-2019 7.00,1544,11.323,0.004,405.376,703.831,3091.276
04-05-2019 8.00,1545,14.108,0.004,529.574,881.599,2973.057
04-05-2019 9.00,1546,16.51,0.004,617.221,1017.462,2992.681
04-05-2019 10.00,1547,18.708,0.004,668.35,1102.174,3123.8
04-05-2019 11.00,1548,20.537,0.004,689.403,1129.969,3074.446
04-05-2019 12.00,1549,21.103,0.004,657.471,1099.036,2166.25
04-05-2019 13.00,1550,20.722,0.004,576.258,1011.454,1294.222
04-05-2019 14.00,1551,20.594,0.004,454.791,873.208,1103.357
04-05-2019 15.00,1552,20.294,0.004,321.272,693.755,793.62
04-05-2019 16.00,1553,17.977,0.005,189.435,485.356,482.534
04-05-2019 17.00,1554,15.207,0.005,76.613,262.217,298.139
04-05-2019 18.00,1555,12.053,0.005,10.931,57.938,33.265
04-05-2019 19.00,1556,10.89,0.005,0.085,0.486,0
04-05-2019 20.00,1557,10.218,0.005,0,0,0
04-05-2019 21.00,1558,9.14,0.005,0,0,0
04-05-2019 22.00,1559,9.02,0.005,0,0,0
04-05-2019 23.00,1560,8.701,0.005,0,0,0
05-05-2019 0.00,1561,7.35,0.005,0,0,0
05-05-2019 1.00,1562,6.405,0.005,0,0,0
05-05-2019 2.00,1563,5.267,0.005,0,0,0
05-05-2019 3.00,1564,4.082,0.005,0.016,0.087,0
05-05-2019 4.00,1565,3.188,0.005,14.501,64.232,0
05-05-2019 5.00,1566,2.759,0.005,81.946,277.689,40.501
05-05-2019 6.00,1567,2.709,0.004,178.834,500.527,138.866
05-05-2019 7.00,1568,3.035,0.004,282.011,707.704,220.965
05-05-2019 8.00,1569,3.821,0.004,375.561,885.141,562.596
05-05-2019 9.00,1570,4.634,0.004,440.825,1020.736,817.778
05-05-2019 10.00,1571,5.493,0.004,461.838,1105.28,1206.733
05-05-2019 11.00,1572,5.992,0.004,450.363,1133.049,1205.026
05-05-2019 12.00,1573,6.225,0.004,429.387,1102.14,952.586
05-05-2019 13.00,1574,6.877,0.004,389.833,1014.734,1263.477
05-05-2019 14.00,1575,6.975,0.003,326.118,876.748,1113.54
05-05-2019 15.00,1576,6.18,0.003,248.838,697.645,598.564
05-05-2019 16.00,1577,5.197,0.003,163.418,489.643,294.726
05-05-2019 17.00,1578,4.171,0.004,79.903,266.921,93.467
05-05-2019 18.00,1579,3.23,0.004,17.051,61.383,0
05-05-2019 19.00,1580,2.619,0.004,0.131,0.621,0
05-05-2019 20.00,1581,2.11,0.004,0,0,0
05-05-2019 21.00,1582,1.746,0.004,0,0,0
05-05-2019 22.00,1583,1.466,0.004,0,0,0
05-05-2019 23.00,1584,1.106,0.003,0,0,0
06-05-2019 0.00,1585,0.455,0.003,0,0,0
06-05-2019 1.00,1586,-0.213,0.003,0,0,0
06-05-2019 2.00,1587,-0.605,0.003,0,0,0
06-05-2019 3.00,1588,-1.076,0.003,0.012,0.126,0
06-05-2019 4.00,1589,-1.258,0.003,22.626,67.999,257.51
06-05-2019 5.00,1590,0.42,0.003,141.54,282.331,1258.242
06-05-2019 6.00,1591,3.457,0.003,311.14,504.736,2755.925
06-05-2019 7.00,1592,6.654,0.003,480.023,711.519,3518.467
06-05-2019 8.00,1593,8.447,0.003,618.515,888.595,4052.718
06-05-2019 9.00,1594,9.635,0.003,702.335,1023.929,4174.109
06-05-2019 10.00,1595,10.76,0.003,743.641,1108.312,4212.013
06-05-2019 11.00,1596,11.752,0.003,742.779,1136.013,4235.769
06-05-2019 12.00,1597,12.405,0.003,682.475,1105.167,4115.93
06-05-2019 13.00,1598,12.617,0.003,572.857,1017.917,3745.553
06-05-2019 14.00,1599,12.398,0.003,443.962,880.211,3234.623
06-05-2019 15.00,1600,11.564,0.003,320.573,701.44,1714.061
06-05-2019 16.00,1601,10.682,0.003,207.116,493.832,849.223
06-05-2019 17.00,1602,9.512,0.004,101.657,271.55,488.049
06-05-2019 18.00,1603,6.269,0.004,19.651,64.873,89.462
06-05-2019 19.00,1604,4.483,0.004,0.148,0.777,0
06-05-2019 20.00,1605,4.062,0.004,0,0,0
06-05-2019 21.00,1606,3.079,0.004,0,0,0
06-05-2019 22.00,1607,2.652,0.004,0,0,0
06-05-2019 23.00,1608,2.52,0.004,0,0,0
07-05-2019 0.00,1609,2.325,0.004,0,0,0
07-05-2019 1.00,1610,1.989,0.004,0,0,0
07-05-2019 2.00,1611,1.755,0.004,0,0,0
07-05-2019 3.00,1612,1.546,0.004,0.026,0.175,0
07-05-2019 4.00,1613,1.709,0.004,19.012,71.815,170.116
07-05-2019 5.00,1614,4.364,0.004,106.286,286.884,757.503
07-05-2019 6.00,1615,7.335,0.004,234.308,508.861,2276.161
07-05-2019 7.00,1616,11.155,0.004,381.566,715.233,2874.566
07-05-2019 8.00,1617,13.308,0.004,500.468,891.975,3185.811
07-05-2019 9.00,1618,14.256,0.004,577.981,1027.042,2938.286
07-05-2019 10.00,1619,14.588,0.004,613.798,1111.26,2548.329
07-05-2019 11.00,1620,14.47,0.004,608.404,1138.902,2155.122
07-05-2019 12.00,1621,14.286,0.004,550.844,1108.114,1735.86
07-05-2019 13.00,1622,14.267,0.004,482.89,1021.025,1454.015
07-05-2019 14.00,1623,14.501,0.004,403.182,883.575,1311.594
07-05-2019 15.00,1624,14.624,0.004,312.169,705.156,998.626
07-05-2019 16.00,1625,14.062,0.005,211.279,497.943,709.459
07-05-2019 17.00,1626,12.085,0.006,105.975,276.086,375.862
07-05-2019 18.00,1627,9.902,0.006,20.737,68.399,44.711
07-05-2019 19.00,1628,8.038,0.005,0.152,0.955,0
07-05-2019 20.00,1629,6.606,0.005,0,0,0
07-05-2019 21.00,1630,5.631,0.005,0,0,0
07-05-2019 22.00,1631,4.94,0.005,0,0,0
07-05-2019 23.00,1632,3.736,0.005,0,0,0
08-05-2019 0.00,1633,2.276,0.005,0,0,0
08-05-2019 1.00,1634,1.564,0.005,0,0,0
08-05-2019 2.00,1635,1.688,0.005,0,0,0
08-05-2019 3.00,1636,1.833,0.005,0.05,0.237,0
08-05-2019 4.00,1637,3.21,0.005,21.514,75.67,102.103
08-05-2019 5.00,1638,4.7,0.005,104.236,291.355,390.784
08-05-2019 6.00,1639,6.591,0.005,213.651,512.899,815.279
08-05-2019 7.00,1640,9.15,0.005,320.843,718.874,1199.053
08-05-2019 8.00,1641,11.305,0.005,413.84,895.273,1478.345
08-05-2019 9.00,1642,12.809,0.005,495.719,1030.051,1670.916
08-05-2019 10.00,1643,13.863,0.005,554.192,1114.113,1866.599
08-05-2019 11.00,1644,14.844,0.005,596.511,1141.727,2104.111
08-05-2019 12.00,1645,15.959,0.005,596.203,1110.995,2395.023
08-05-2019 13.00,1646,16.413,0.005,548.97,1024.048,2214.785
08-05-2019 14.00,1647,15.121,0.005,454.059,886.866,1111.106
08-05-2019 15.00,1648,13.972,0.005,341.043,708.788,842.27
08-05-2019 16.00,1649,13.863,0.005,227.758,501.977,1671.74
08-05-2019 17.00,1650,12.751,0.005,116.629,280.534,1336.411
08-05-2019 18.00,1651,10.306,0.005,25.926,71.953,275.973
08-05-2019 19.00,1652,8.868,0.005,0.313,1.158,0
08-05-2019 20.00,1653,7.539,0.005,0,0,0
08-05-2019 21.00,1654,6.13,0.005,0,0,0
08-05-2019 22.00,1655,4.782,0.005,0,0,0
08-05-2019 23.00,1656,3.123,0.004,0,0,0
09-05-2019 0.00,1657,1.613,0.004,0,0,0
09-05-2019 1.00,1658,0.533,0.004,0,0,0
09-05-2019 2.00,1659,-0.043,0.004,0,0,0
09-05-2019 3.00,1660,-0.355,0.004,0.019,0.314,0
09-05-2019 4.00,1661,0.274,0.004,25.626,79.556,579.589
09-05-2019 5.00,1662,3.998,0.004,137.286,295.744,1929.284
09-05-2019 6.00,1663,7.185,0.004,291.977,516.849,3073.891
09-05-2019 7.00,1664,9.864,0.004,463.007,722.434,3655.69
09-05-2019 8.00,1665,11.916,0.004,618.585,898.474,4011.665
09-05-2019 9.00,1666,13.452,0.004,738.33,1033.026,4138.185
09-05-2019 10.00,1667,14.555,0.004,815.962,1116.927,4156.543
09-05-2019 11.00,1668,15.467,0.004,840.479,1144.457,4125.526
09-05-2019 12.00,1669,16.184,0.004,807.184,1113.771,4093.072
09-05-2019 13.00,1670,16.626,0.004,727.658,1027.02,4038.669
09-05-2019 14.00,1671,16.733,0.004,605.279,890.072,3897.463
09-05-2019 15.00,1672,16.476,0.004,451.242,712.348,3634.629
09-05-2019 16.00,1673,15.832,0.004,286.464,505.921,3132.99
09-05-2019 17.00,1674,13.336,0.005,133.044,284.907,2158.235
09-05-2019 18.00,1675,11.627,0.005,22.688,75.527,565.936
09-05-2019 19.00,1676,11.823,0.005,0.174,1.388,0
09-05-2019 20.00,1677,10.45,0.005,0,0,0
09-05-2019 21.00,1678,7.592,0.005,0,0,0
09-05-2019 22.00,1679,5.179,0.005,0,0,0
09-05-2019 23.00,1680,3.904,0.005,0,0,0
10-05-2019 0.00,1681,3.579,0.005,0,0,0
10-05-2019 1.00,1682,3.514,0.005,0,0,0
10-05-2019 2.00,1683,3.571,0.005,0,0,0
10-05-2019 3.00,1684,3.562,0.005,0.097,0.409,0
10-05-2019 4.00,1685,3.792,0.005,27.508,83.466,7.387
10-05-2019 5.00,1686,5.145,0.005,130.13,300.044,157.114
10-05-2019 6.00,1687,6.974,0.005,263.796,520.725,867.724
10-05-2019 7.00,1688,10.136,0.005,403.025,725.908,2046.249
10-05-2019 8.00,1689,13.24,0.005,539.42,901.617,2595.342
10-05-2019 9.00,1690,15.554,0.005,659.15,1035.886,3001.557
10-05-2019 10.00,1691,17.259,0.005,742.508,1119.625,3310.034
10-05-2019 11.00,1692,18.464,0.005,774.403,1147.096,3518.023
10-05-2019 12.00,1693,19.335,0.005,759.267,1116.498,3680.889
10-05-2019 13.00,1694,19.773,0.005,681.465,1029.878,3593.243
10-05-2019 14.00,1695,19.797,0.005,557.606,893.208,3383.205
10-05-2019 15.00,1696,19.289,0.005,416.802,715.804,2984.83
10-05-2019 16.00,1697,18.199,0.006,264.14,509.781,2309.292
10-05-2019 17.00,1698,15.976,0.007,123.426,289.185,1250.539
10-05-2019 18.00,1699,12.573,0.006,24.399,79.112,253.459
10-05-2019 19.00,1700,11.134,0.006,0.386,1.648,0
10-05-2019 20.00,1701,9.858,0.006,0,0,0
10-05-2019 21.00,1702,8.43,0.006,0,0,0
10-05-2019 22.00,1703,7.361,0.006,0,0,0
10-05-2019 23.00,1704,6.636,0.006,0,0,0
11-05-2019 0.00,1705,6.133,0.005,0,0,0
11-05-2019 1.00,1706,5.697,0.005,0,0,0
11-05-2019 2.00,1707,5.165,0.005,0,0,0
11-05-2019 3.00,1708,4.604,0.005,0.138,0.524,0
11-05-2019 4.00,1709,4.423,0.005,29.852,87.391,196.256
11-05-2019 5.00,1710,5.853,0.005,139.605,304.253,933.143
11-05-2019 6.00,1711,8.165,0.005,278.815,524.517,1768.422
11-05-2019 7.00,1712,10.756,0.005,416.28,729.309,2186.423
11-05-2019 8.00,1713,13.105,0.005,543.308,904.664,2368.628
11-05-2019 9.00,1714,15.465,0.005,635.01,1038.692,2972.304
11-05-2019 10.00,1715,17.869,0.005,691.364,1122.249,3587.694
11-05-2019 11.00,1716,19.722,0.006,703.868,1149.677,3598.055
11-05-2019 12.00,1717,21.101,0.006,681.122,1119.128,3449.035
11-05-2019 13.00,1718,21.922,0.006,613.324,1032.673,3211.416
11-05-2019 14.00,1719,22.037,0.006,506.718,896.249,2398.211
11-05-2019 15.00,1720,21.448,0.006,384.098,719.188,1795.751
11-05-2019 16.00,1721,20.009,0.006,249.751,513.561,1185.804
11-05-2019 17.00,1722,17.638,0.007,118.561,293.377,608.568
11-05-2019 18.00,1723,14.581,0.007,24.139,82.701,186.315
11-05-2019 19.00,1724,12.14,0.007,0.405,1.938,0
11-05-2019 20.00,1725,11.353,0.006,0,0,0
11-05-2019 21.00,1726,10.62,0.006,0,0,0
11-05-2019 22.00,1727,9.552,0.006,0,0,0
11-05-2019 23.00,1728,8.494,0.006,0,0,0
12-05-2019 0.00,1729,7.588,0.006,0,0,0
12-05-2019 1.00,1730,7.322,0.006,0,0,0
12-05-2019 2.00,1731,6.366,0.006,0,0,0
12-05-2019 3.00,1732,5.627,0.006,0.166,0.662,0
12-05-2019 4.00,1733,6.359,0.006,30.183,91.319,261.046
12-05-2019 5.00,1734,9.439,0.006,137.136,308.379,1112.438
12-05-2019 6.00,1735,12.312,0.006,280.155,528.222,2164.519
12-05-2019 7.00,1736,16.347,0.007,429.546,732.614,2796.906
12-05-2019 8.00,1737,20.526,0.006,568.696,907.648,3113.54
12-05-2019 9.00,1738,23.996,0.006,668.138,1041.403,3445.53
12-05-2019 10.00,1739,25.812,0.006,707.972,1124.813,3645.021
12-05-2019 11.00,1740,26.826,0.006,714.967,1152.174,3691.395
12-05-2019 12.00,1741,27.391,0.006,691.409,1121.669,3615.668
12-05-2019 13.00,1742,27.299,0.006,623.661,1035.39,3286.754
12-05-2019 14.00,1743,26.799,0.006,510.21,899.234,2958.98
12-05-2019 15.00,1744,25.372,0.007,367.629,722.497,1865.836
12-05-2019 16.00,1745,23.844,0.007,226.146,517.247,1131.03
12-05-2019 17.00,1746,20.006,0.008,103.872,297.476,479.693
12-05-2019 18.00,1747,16.373,0.008,21.696,86.284,93.922
12-05-2019 19.00,1748,14.74,0.007,0.428,2.26,0
12-05-2019 20.00,1749,13.388,0.007,0,0,0
12-05-2019 21.00,1750,12.713,0.007,0,0,0
12-05-2019 22.00,1751,12.421,0.007,0,0,0
12-05-2019 23.00,1752,12.167,0.007,0,0,0
13-05-2019 0.00,1753,11.28,0.007,0,0,0
13-05-2019 1.00,1754,10.368,0.007,0,0,0
13-05-2019 2.00,1755,10.093,0.007,0,0,0
13-05-2019 3.00,1756,10.077,0.007,0.195,0.829,0
13-05-2019 4.00,1757,10.082,0.006,30.119,95.239,168.044
13-05-2019 5.00,1758,12.151,0.007,130.726,312.406,1159.962
13-05-2019 6.00,1759,14.828,0.007,257.533,531.83,2310.164
13-05-2019 7.00,1760,18.589,0.007,379.307,735.833,2925.972
13-05-2019 8.00,1761,21.093,0.007,487.144,910.541,2753.655
13-05-2019 9.00,1762,22.18,0.007,563.841,1044.037,2875.593
13-05-2019 10.00,1763,22.511,0.007,598.656,1127.29,2858.771
13-05-2019 11.00,1764,22.255,0.007,596.3,1154.604,2626.43
13-05-2019 12.00,1765,21.484,0.007,562.971,1124.134,2035.815
13-05-2019 13.00,1766,20.358,0.007,499.912,1038.028,1340.6
13-05-2019 14.00,1767,19.087,0.007,407.483,902.12,854.741
13-05-2019 15.00,1768,17.577,0.007,297.157,725.719,599.093
13-05-2019 16.00,1769,15.689,0.007,184.315,520.846,320.25
13-05-2019 17.00,1770,13.81,0.007,86.575,301.485,135.741
13-05-2019 18.00,1771,12.01,0.007,18.471,89.856,12.654
13-05-2019 19.00,1772,10.736,0.007,0.321,2.614,0
13-05-2019 20.00,1773,9.676,0.007,0,0,0
13-05-2019 21.00,1774,8.275,0.007,0,0,0
13-05-2019 22.00,1775,7.138,0.007,0,0,0
13-05-2019 23.00,1776,6.917,0.006,0,0,0
14-05-2019 0.00,1777,6.947,0.006,0,0,0
14-05-2019 1.00,1778,6.941,0.006,0,0,0
14-05-2019 2.00,1779,6.828,0.006,0,0,0
14-05-2019 3.00,1780,6.692,0.006,0.17,1.026,0
14-05-2019 4.00,1781,6.823,0.006,25.801,99.142,91.247
14-05-2019 5.00,1782,7.874,0.006,112.621,316.346,498.43
14-05-2019 6.00,1783,9.579,0.006,245.165,535.361,893.383
14-05-2019 7.00,1784,12.234,0.006,387.158,738.974,1676.894
14-05-2019 8.00,1785,14.439,0.006,501.364,913.346,2445.422
14-05-2019 9.00,1786,15.36,0.005,580.379,1046.608,2258.924
14-05-2019 10.00,1787,15.539,0.005,626.537,1129.681,1961.752
14-05-2019 11.00,1788,15.775,0.005,639.17,1156.953,2001.549
14-05-2019 12.00,1789,16.464,0.005,616.545,1126.564,2367.927
14-05-2019 13.00,1790,17.059,0.005,560.975,1040.603,2584.624
14-05-2019 14.00,1791,17.259,0.005,471.515,904.936,2554.955
14-05-2019 15.00,1792,16.803,0.005,356.208,728.852,1973.252
14-05-2019 16.00,1793,15.661,0.006,231.58,524.359,1092.415
14-05-2019 17.00,1794,13.81,0.006,116.431,305.415,421.462
14-05-2019 18.00,1795,10.371,0.007,27.955,93.41,105.321
14-05-2019 19.00,1796,8.224,0.006,0.666,3.001,0
14-05-2019 20.00,1797,7.185,0.006,0,0,0
14-05-2019 21.00,1798,6.051,0.006,0,0,0
14-05-2019 22.00,1799,5.227,0.006,0,0,0
14-05-2019 23.00,1800,5.31,0.006,0,0,0
15-05-2019 0.00,1801,5.635,0.006,0,0,0
15-05-2019 1.00,1802,5.738,0.005,0,0,0
15-05-2019 2.00,1803,5.422,0.005,0,0,0
15-05-2019 3.00,1804,4.522,0.005,0.259,1.258,0
15-05-2019 4.00,1805,4.396,0.005,37.38,103.019,496.55
15-05-2019 5.00,1806,8.115,0.006,155.804,320.196,1662.953
15-05-2019 6.00,1807,10.559,0.006,303.228,538.796,1656.853
15-05-2019 7.00,1808,12.945,0.005,448.116,742.026,1408.127
15-05-2019 8.00,1809,15.325,0.005,584.941,916.084,1813.477
15-05-2019 9.00,1810,17.097,0.005,684.171,1049.09,2210.148
15-05-2019 10.00,1811,18.458,0.005,750.205,1132.002,2539.479
15-05-2019 11.00,1812,19.734,0.005,790.675,1159.231,2757.066
15-05-2019 12.00,1813,21.06,0.005,772.945,1128.888,3004.966
15-05-2019 13.00,1814,22.33,0.005,698.746,1043.065,3376.567
15-05-2019 14.00,1815,22.856,0.005,584.873,907.666,3286.345
15-05-2019 15.00,1816,22.615,0.006,447.443,731.894,2963.207
15-05-2019 16.00,1817,21.644,0.006,291.301,527.788,2412.088
15-05-2019 17.00,1818,18.825,0.007,140.995,309.24,1417.92
15-05-2019 18.00,1819,14.947,0.007,33.422,96.939,311.095
15-05-2019 19.00,1820,13.705,0.007,0.994,3.42,0
15-05-2019 20.00,1821,13.663,0.007,0,0,0
15-05-2019 21.00,1822,13.58,0.007,0,0,0
15-05-2019 22.00,1823,13.128,0.007,0,0,0
15-05-2019 23.00,1824,14.207,0.007,0,0,0
16-05-2019 0.00,1825,14.35,0.007,0,0,0
16-05-2019 1.00,1826,13.28,0.007,0,0,0
16-05-2019 2.00,1827,12.533,0.007,0,0,0
16-05-2019 3.00,1828,12.321,0.007,0.331,1.528,0
16-05-2019 4.00,1829,12.339,0.007,23.4,106.858,1.387
16-05-2019 5.00,1830,12.619,0.007,103.719,323.954,335.068
16-05-2019 6.00,1831,14.041,0.007,232.385,542.153,1711.995
16-05-2019 7.00,1832,16.343,0.007,390.266,745.01,2837.53
16-05-2019 8.00,1833,18.077,0.006,552.515,918.742,3571.174
16-05-2019 9.00,1834,18.987,0.006,673.626,1051.502,3832.359
16-05-2019 10.00,1835,19.426,0.005,738.528,1134.268,3940.189
16-05-2019 11.00,1836,19.497,0.005,750.837,1161.42,3892.155
16-05-2019 12.00,1837,19.412,0.005,712.026,1131.106,3943.929
16-05-2019 13.00,1838,19.364,0.005,641.339,1045.47,3917.92
16-05-2019 14.00,1839,19.278,0.005,542.102,910.32,3733.123
16-05-2019 15.00,1840,19.02,0.005,422.026,734.862,3439.088
16-05-2019 16.00,1841,18.501,0.005,278.618,531.134,2839.596
16-05-2019 17.00,1842,17.035,0.005,136.243,312.976,1779.434
16-05-2019 18.00,1843,13.584,0.006,30.75,100.434,620.586
16-05-2019 19.00,1844,12.302,0.006,0.405,3.872,0
16-05-2019 20.00,1845,12.741,0.006,0,0,0
16-05-2019 21.00,1846,12.92,0.006,0,0,0
16-05-2019 22.00,1847,12.216,0.006,0,0,0
16-05-2019 23.00,1848,10.432,0.006,0,0,0
17-05-2019 0.00,1849,9.315,0.006,0,0,0
17-05-2019 1.00,1850,8.573,0.006,0,0,0
17-05-2019 2.00,1851,8.367,0.006,0,0,0
17-05-2019 3.00,1852,7.794,0.006,0.154,1.838,0
17-05-2019 4.00,1853,7.797,0.006,29.257,110.652,264.208
17-05-2019 5.00,1854,9.61,0.007,125.375,327.624,1116.494
17-05-2019 6.00,1855,12.502,0.007,253.109,545.422,2094.774
17-05-2019 7.00,1856,15.978,0.007,379.479,747.903,2957.645
17-05-2019 8.00,1857,18.338,0.006,478.554,921.313,3575.709
17-05-2019 9.00,1858,19.428,0.006,557.159,1053.82,3512.978
17-05-2019 10.00,1859,19.689,0.006,613.45,1136.455,3025.928
17-05-2019 11.00,1860,19.58,0.006,640.684,1163.547,2597.077
17-05-2019 12.00,1861,19.664,0.006,613.94,1133.297,2556.945
17-05-2019 13.00,1862,20.33,0.006,558.281,1047.807,2683.245
17-05-2019 14.00,1863,20.784,0.006,477.074,912.88,2148.327
17-05-2019 15.00,1864,21.004,0.006,364.922,737.765,2192.168
17-05-2019 16.00,1865,20.535,0.007,241.868,534.385,2298.358
17-05-2019 17.00,1866,18.053,0.008,120.504,316.619,1423.654
17-05-2019 18.00,1867,13.781,0.008,30.486,103.892,497.866
17-05-2019 19.00,1868,12.407,0.008,0.622,4.356,0
17-05-2019 20.00,1869,12.651,0.008,0,0,0
17-05-2019 21.00,1870,12.879,0.008,0,0,0
17-05-2019 22.00,1871,13.228,0.008,0,0,0
17-05-2019 23.00,1872,13.254,0.008,0,0,0
18-05-2019 0.00,1873,13.542,0.007,0,0,0
18-05-2019 1.00,1874,13.176,0.007,0,0,0
18-05-2019 2.00,1875,11.395,0.007,0,0,0
18-05-2019 3.00,1876,10.01,0.007,0.208,2.189,0
18-05-2019 4.00,1877,10.46,0.007,28.896,114.391,236.047
18-05-2019 5.00,1878,11.229,0.007,115.255,331.198,832.94
18-05-2019 6.00,1879,12.743,0.007,229.322,548.592,2203.093
18-05-2019 7.00,1880,15.858,0.007,338.93,750.719,2234.745
18-05-2019 8.00,1881,15.978,0.006,408.982,923.811,1511.266
18-05-2019 9.00,1882,16.234,0.006,460.006,1056.095,2130.229
18-05-2019 10.00,1883,17.112,0.006,484.123,1138.544,2880.409
18-05-2019 11.00,1884,15.776,0.006,486.264,1165.587,1705.309
18-05-2019 12.00,1885,14.321,0.007,488.934,1135.399,1328.868
18-05-2019 13.00,1886,12.774,0.006,464.478,1050.044,633.927
18-05-2019 14.00,1887,11.758,0.006,403.82,915.368,534.293
18-05-2019 15.00,1888,11.297,0.006,314.505,740.562,554.865
18-05-2019 16.00,1889,11.231,0.006,213.119,537.547,536.03
18-05-2019 17.00,1890,10.918,0.007,112.062,320.166,406.709
18-05-2019 18.00,1891,9.237,0.007,31.666,107.309,206.632
18-05-2019 19.00,1892,6.953,0.007,1.099,4.87,0
18-05-2019 20.00,1893,5.795,0.007,0,0,0
18-05-2019 21.00,1894,5.455,0.006,0,0,0
18-05-2019 22.00,1895,5.352,0.006,0,0,0
18-05-2019 23.00,1896,5.499,0.006,0,0,0
19-05-2019 0.00,1897,6.095,0.006,0,0,0
19-05-2019 1.00,1898,6.674,0.006,0,0,0
19-05-2019 2.00,1899,6.633,0.006,0,0,0
19-05-2019 3.00,1900,6.694,0.006,0.24,2.584,0
19-05-2019 4.00,1901,6.581,0.006,16.793,118.071,27.57
19-05-2019 5.00,1902,7.279,0.006,63.868,334.679,86.093
19-05-2019 6.00,1903,8.019,0.006,141.567,551.685,233.301
19-05-2019 7.00,1904,10.103,0.006,248.635,753.442,798.623
19-05-2019 8.00,1905,11.146,0.006,354.812,926.231,1051.589
19-05-2019 9.00,1906,11.568,0.006,419.875,1058.265,1002.278
19-05-2019 10.00,1907,11.689,0.006,444.806,1140.592,987.995
19-05-2019 11.00,1908,11.855,0.006,444.094,1167.587,1033.78
19-05-2019 12.00,1909,11.852,0.007,417.499,1137.439,786.565
19-05-2019 13.00,1910,11.936,0.007,365.116,1052.232,602.576
19-05-2019 14.00,1911,12.003,0.007,290.1,917.793,471.765
19-05-2019 15.00,1912,12.181,0.007,205.844,743.277,368.859
19-05-2019 16.00,1913,12.058,0.008,125.071,540.618,140.23
19-05-2019 17.00,1914,11.859,0.008,60.044,323.622,25.576
19-05-2019 18.00,1915,11.968,0.008,18.649,110.675,0
19-05-2019 19.00,1916,12.413,0.008,1.202,5.414,0
19-05-2019 20.00,1917,12.966,0.008,0,0,0
19-05-2019 21.00,1918,13.085,0.008,0,0,0
19-05-2019 22.00,1919,13.084,0.008,0,0,0
19-05-2019 23.00,1920,13.408,0.008,0,0,0
20-05-2019 0.00,1921,13.396,0.008,0,0,0
20-05-2019 1.00,1922,13.16,0.008,0,0,0
20-05-2019 2.00,1923,12.898,0.008,0,0,0
20-05-2019 3.00,1924,12.562,0.007,0.122,3.021,0
20-05-2019 4.00,1925,11.522,0.007,14.824,121.677,37.753
20-05-2019 5.00,1926,10.3,0.007,60.761,338.065,268.423
20-05-2019 6.00,1927,9.502,0.007,121.862,554.686,830.343
20-05-2019 7.00,1928,10.177,0.007,203.948,756.09,1549.702
20-05-2019 8.00,1929,11.836,0.007,285.179,928.563,2514.38
20-05-2019 9.00,1930,13.515,0.007,350.796,1060.368,3088.19
20-05-2019 10.00,1931,14.348,0.007,404.789,1142.511,3038.288
20-05-2019 11.00,1932,13.998,0.006,449.108,1169.478,2572.247
20-05-2019 12.00,1933,13.148,0.006,473.548,1139.391,1909.677
20-05-2019 13.00,1934,12.533,0.006,444.434,1054.338,1623.136
20-05-2019 14.00,1935,11.927,0.006,365.733,920.111,1321.858
20-05-2019 15.00,1936,11.386,0.006,265.136,745.913,1093.884
20-05-2019 16.00,1937,10.584,0.006,157.424,543.602,648.125
20-05-2019 17.00,1938,9.384,0.007,71.791,326.982,253.506
20-05-2019 18.00,1939,7.799,0.007,17.212,113.987,28.061
20-05-2019 19.00,1940,7.046,0.007,0.437,5.986,0
20-05-2019 20.00,1941,6.697,0.007,0,0,0
20-05-2019 21.00,1942,6.277,0.006,0,0,0
20-05-2019 22.00,1943,5.764,0.006,0,0,0
20-05-2019 23.00,1944,5.319,0.006,0,0,0
21-05-2019 0.00,1945,5.051,0.006,0,0,0
21-05-2019 1.00,1946,4.89,0.006,0,0,0
21-05-2019 2.00,1947,4.767,0.006,0,0,0
21-05-2019 3.00,1948,4.677,0.006,0.615,3.5,0
21-05-2019 4.00,1949,4.719,0.006,27.059,125.211,12.049
21-05-2019 5.00,1950,5.091,0.006,95.617,341.354,125.805
21-05-2019 6.00,1951,5.714,0.006,189.057,557.602,320.48
21-05-2019 7.00,1952,6.891,0.006,292.049,758.646,911.601
21-05-2019 8.00,1953,8.56,0.006,369.441,930.831,1681.293
21-05-2019 9.00,1954,9.93,0.006,410.381,1062.403,2070.402
21-05-2019 10.00,1955,10.815,0.006,417.518,1144.417,2230.856
21-05-2019 11.00,1956,11.201,0.006,420.208,1171.297,2224.23
21-05-2019 12.00,1957,10.971,0.006,392.777,1141.284,1824.973
21-05-2019 13.00,1958,10.133,0.006,337.131,1056.372,1148.306
21-05-2019 14.00,1959,9.312,0.006,264.845,922.369,751.525
21-05-2019 15.00,1960,8.742,0.006,190.581,748.467,526.815
21-05-2019 16.00,1961,8.188,0.006,123.917,546.491,339.15
21-05-2019 17.00,1962,7.57,0.006,66.93,330.252,157.456
21-05-2019 18.00,1963,6.589,0.006,20.65,117.242,27.245
21-05-2019 19.00,1964,5.29,0.006,0.975,6.584,0
21-05-2019 20.00,1965,5.103,0.006,0,0,0
21-05-2019 21.00,1966,5.042,0.006,0,0,0
21-05-2019 22.00,1967,5.155,0.006,0,0,0
21-05-2019 23.00,1968,5.235,0.006,0,0,0
22-05-2019 0.00,1969,5.261,0.006,0,0,0
22-05-2019 1.00,1970,5.235,0.006,0,0,0
22-05-2019 2.00,1971,5.145,0.006,0,0,0
22-05-2019 3.00,1972,5.021,0.006,0.45,4.019,0
22-05-2019 4.00,1973,5.262,0.006,23.553,128.67,19.392
22-05-2019 5.00,1974,5.619,0.006,92.046,344.542,149.414
22-05-2019 6.00,1975,6.107,0.006,201.185,560.42,333.623
22-05-2019 7.00,1976,6.818,0.006,308.183,761.134,583.501
22-05-2019 8.00,1977,8.457,0.006,408.268,933.001,1600.244
22-05-2019 9.00,1978,9.781,0.006,492.257,1064.364,1772.137
22-05-2019 10.00,1979,10.952,0.006,560.578,1146.234,2377.762
22-05-2019 11.00,1980,12.162,0.006,614.082,1173.082,2847.187
22-05-2019 12.00,1981,12.995,0.006,626.412,1143.079,2927.172
22-05-2019 13.00,1982,13.365,0.006,590.576,1058.315,2839.787
22-05-2019 14.00,1983,13.189,0.006,507.787,924.553,2416.07
22-05-2019 15.00,1984,12.644,0.006,391.553,750.931,1892.699
22-05-2019 16.00,1985,11.67,0.006,265.915,549.303,1078.981
22-05-2019 17.00,1986,10.207,0.006,146.218,333.413,290.947
22-05-2019 18.00,1987,8.599,0.007,48.412,120.433,55.507
22-05-2019 19.00,1988,7.3,0.006,2.593,7.207,0
22-05-2019 20.00,1989,6.554,0.006,0,0,0
22-05-2019 21.00,1990,5.875,0.006,0,0,0
22-05-2019 22.00,1991,5.421,0.006,0,0,0
22-05-2019 23.00,1992,5.253,0.006,0,0,0
23-05-2019 0.00,1993,5.085,0.006,0,0,0
23-05-2019 1.00,1994,4.96,0.006,0,0,0
23-05-2019 2.00,1995,4.823,0.005,0,0,0
23-05-2019 3.00,1996,4.648,0.005,0.845,4.576,0
23-05-2019 4.00,1997,4.684,0.005,48.709,132.039,53.569
23-05-2019 5.00,1998,5.214,0.006,173.004,347.645,278.708
23-05-2019 6.00,1999,6.397,0.006,342.52,563.158,625.007
23-05-2019 7.00,2000,9.138,0.006,529.738,763.521,1994.029
23-05-2019 8.00,2001,12.726,0.006,692.75,935.104,3852.479
23-05-2019 9.00,2002,15.154,0.006,807.246,1066.235,3990.449
23-05-2019 10.00,2003,16.936,0.006,872.952,1147.966,4025.166
23-05-2019 11.00,2004,18.258,0.006,886.702,1174.77,4021.469
23-05-2019 12.00,2005,19.083,0.006,848.101,1144.842,3994.828
23-05-2019 13.00,2006,19.467,0.006,773.136,1060.203,3913.808
23-05-2019 14.00,2007,19.443,0.006,647.578,926.653,3749.033
23-05-2019 15.00,2008,18.999,0.007,484.702,753.314,3418.169
23-05-2019 16.00,2009,18.123,0.007,321.124,552.022,2778.785
23-05-2019 17.00,2010,15.394,0.008,170.573,336.487,657.885
23-05-2019 18.00,2011,11.939,0.008,47.739,123.554,209.938
23-05-2019 19.00,2012,9.758,0.007,1.911,7.852,0
23-05-2019 20.00,2013,8.799,0.007,0,0,0
23-05-2019 21.00,2014,8.183,0.007,0,0,0
23-05-2019 22.00,2015,7.485,0.007,0,0,0
23-05-2019 23.00,2016,8.561,0.007,0,0,0
24-05-2019 0.00,2017,8.184,0.007,0,0,0
24-05-2019 1.00,2018,8.221,0.007,0,0,0
24-05-2019 2.00,2019,8.131,0.007,0,0,0
24-05-2019 3.00,2020,7.866,0.007,0.908,5.169,0
24-05-2019 4.00,2021,8.803,0.007,34.885,135.323,103.07
24-05-2019 5.00,2022,10.421,0.007,128.332,350.644,291.479
24-05-2019 6.00,2023,12.243,0.007,266.867,565.794,671.223
24-05-2019 7.00,2024,14.091,0.007,400.5,765.834,692.992
24-05-2019 8.00,2025,16.336,0.007,523.257,937.132,1118.163
24-05-2019 9.00,2026,19.811,0.008,648.963,1068.04,2456.96
24-05-2019 10.00,2027,22.978,0.008,736.02,1149.657,3449.16
24-05-2019 11.00,2028,24.681,0.008,766.156,1176.394,3599.413
24-05-2019 12.00,2029,25.419,0.008,737.515,1146.517,3471.56
24-05-2019 13.00,2030,25.939,0.008,677.181,1062.001,3300.717
24-05-2019 14.00,2031,26.17,0.008,592.871,928.681,3113.654
24-05-2019 15.00,2032,26.035,0.009,470.648,755.622,2988.943
24-05-2019 16.00,2033,24.78,0.009,322.469,554.652,2344.205
24-05-2019 17.00,2034,22.252,0.01,167.069,339.457,1383.255
24-05-2019 18.00,2035,20.079,0.01,43.681,126.604,431.333
24-05-2019 19.00,2036,20.106,0.009,1.281,8.518,0
24-05-2019 20.00,2037,20.417,0.009,0,0,0
24-05-2019 21.00,2038,20.57,0.009,0,0,0
24-05-2019 22.00,2039,20.398,0.009,0,0,0
24-05-2019 23.00,2040,19.67,0.008,0,0,0
25-05-2019 0.00,2041,18.774,0.008,0,0,0
25-05-2019 1.00,2042,18.11,0.008,0,0,0
25-05-2019 2.00,2043,17.963,0.008,0,0,0
25-05-2019 3.00,2044,17.143,0.008,1.275,5.795,0
25-05-2019 4.00,2045,16.719,0.008,43.85,138.517,311.822
25-05-2019 5.00,2046,17.658,0.008,153.167,353.547,1065.026
25-05-2019 6.00,2047,19.563,0.008,301.239,568.363,2236.095
25-05-2019 7.00,2048,21.611,0.008,456.002,768.056,2945.572
25-05-2019 8.00,2049,23.281,0.008,587.628,939.084,3169.805
25-05-2019 9.00,2050,24.764,0.008,688.801,1069.772,3406.342
25-05-2019 10.00,2051,26.176,0.008,744.658,1151.269,3518.677
25-05-2019 11.00,2052,27.249,0.008,751.025,1177.966,3550.634
25-05-2019 12.00,2053,27.784,0.008,724.038,1148.108,3471.343
25-05-2019 13.00,2054,27.846,0.008,669.022,1063.749,3317.566
25-05-2019 14.00,2055,27.4,0.008,572.599,930.62,2961.077
25-05-2019 15.00,2056,26.431,0.009,444.765,757.843,2259.497
25-05-2019 16.00,2057,25.076,0.009,293.086,557.186,1505.756
25-05-2019 17.00,2058,23.103,0.009,143.834,342.331,731.909
25-05-2019 18.00,2059,20.272,0.009,40.133,129.578,175.695
25-05-2019 19.00,2060,17.153,0.009,2.117,9.201,0
25-05-2019 20.00,2061,15.783,0.009,0,0,0
25-05-2019 21.00,2062,14.496,0.008,0,0,0
25-05-2019 22.00,2063,12.871,0.008,0,0,0
25-05-2019 23.00,2064,12.217,0.008,0,0,0
26-05-2019 0.00,2065,11.633,0.008,0,0,0
26-05-2019 1.00,2066,11.045,0.008,0,0,0
26-05-2019 2.00,2067,10.511,0.007,0,0,0
26-05-2019 3.00,2068,10.089,0.007,1.41,6.449,0
26-05-2019 4.00,2069,9.918,0.007,43.897,141.614,23.738
26-05-2019 5.00,2070,10.215,0.007,141.159,356.353,190.072
26-05-2019 6.00,2071,10.891,0.007,253.553,570.816,435.82
26-05-2019 7.00,2072,11.623,0.007,362.632,770.216,605.353
26-05-2019 8.00,2073,12.711,0.007,452.52,940.96,1008.266
26-05-2019 9.00,2074,14.238,0.007,527.886,1071.441,1685.132
26-05-2019 10.00,2075,15.39,0.007,620.787,1152.769,2168.55
26-05-2019 11.00,2076,16.762,0.007,666.596,1179.468,3021.018
26-05-2019 12.00,2077,17.327,0.007,595.414,1149.655,2351.244
26-05-2019 13.00,2078,17.082,0.007,481.581,1065.417,1643.564
26-05-2019 14.00,2079,15.868,0.007,389.747,932.486,1057.423
26-05-2019 15.00,2080,14.39,0.007,293.766,759.987,664.777
26-05-2019 16.00,2081,13.055,0.008,181.368,559.63,374.084
26-05-2019 17.00,2082,11.67,0.008,84.019,345.107,129.823
26-05-2019 18.00,2083,10.423,0.008,26.088,132.472,12.81
26-05-2019 19.00,2084,9.59,0.008,2.209,9.898,0
26-05-2019 20.00,2085,9.099,0.008,0,0,0
26-05-2019 21.00,2086,8.537,0.008,0,0,0
26-05-2019 22.00,2087,8.004,0.008,0,0,0
26-05-2019 23.00,2088,7.5,0.007,0,0,0
27-05-2019 0.00,2089,7.044,0.007,0,0,0
27-05-2019 1.00,2090,6.572,0.007,0,0,0
27-05-2019 2.00,2091,6.15,0.007,0,0,0
27-05-2019 3.00,2092,5.688,0.007,0.797,7.129,0
27-05-2019 4.00,2093,5.336,0.007,24.056,144.615,5.776
27-05-2019 5.00,2094,5.347,0.007,79.928,359.063,88.407
27-05-2019 6.00,2095,5.493,0.007,162.42,573.181,169.059
27-05-2019 7.00,2096,5.708,0.007,263.754,772.276,298.555
27-05-2019 8.00,2097,6.165,0.007,358.735,942.762,386.664
27-05-2019 9.00,2098,6.829,0.007,419.899,1073.038,551.23
27-05-2019 10.00,2099,7.783,0.007,442.266,1154.249,801.106
27-05-2019 11.00,2100,8.791,0.007,426.981,1180.873,1159.021
27-05-2019 12.00,2101,9.687,0.007,387.211,1151.11,1304.051
27-05-2019 13.00,2102,10.175,0.007,341.916,1067.025,1203.663
27-05-2019 14.00,2103,10.078,0.007,282.796,934.295,829.851
27-05-2019 15.00,2104,9.687,0.007,215.481,762.033,513.856
27-05-2019 16.00,2105,9.156,0.007,149.057,561.983,223.262
27-05-2019 17.00,2106,8.71,0.007,85.221,347.777,72.944
27-05-2019 18.00,2107,8.414,0.007,31.497,135.282,3.029
27-05-2019 19.00,2108,8.232,0.007,2.534,10.608,0
27-05-2019 20.00,2109,8.116,0.007,0,0,0
27-05-2019 21.00,2110,7.961,0.007,0,0,0
27-05-2019 22.00,2111,7.779,0.007,0,0,0
27-05-2019 23.00,2112,7.596,0.007,0,0,0
28-05-2019 0.00,2113,7.445,0.006,0,0,0
28-05-2019 1.00,2114,7.34,0.006,0,0,0
28-05-2019 2.00,2115,7.183,0.006,0,0,0
28-05-2019 3.00,2116,7.039,0.006,0.568,7.83,0
28-05-2019 4.00,2117,6.974,0.006,31.253,147.515,28.773
28-05-2019 5.00,2118,7.108,0.006,114.123,361.67,165.465
28-05-2019 6.00,2119,7.557,0.006,223.805,575.477,388.916
28-05-2019 7.00,2120,8.424,0.006,340.383,774.261,721.782
28-05-2019 8.00,2121,9.33,0.006,428.077,944.484,1067.143
28-05-2019 9.00,2122,10.127,0.005,495.201,1074.574,1494.609
28-05-2019 10.00,2123,10.699,0.005,525.683,1155.641,1724.026
28-05-2019 11.00,2124,10.78,0.005,517.236,1182.245,1759.708
28-05-2019 12.00,2125,10.103,0.005,472.666,1152.521,1185.697
28-05-2019 13.00,2126,9.245,0.005,405.346,1068.533,904.015
28-05-2019 14.00,2127,8.41,0.005,316.859,936.005,670.213
28-05-2019 15.00,2128,7.676,0.005,225.244,764.006,430.062
28-05-2019 16.00,2129,7.086,0.006,143.371,564.244,262.742
28-05-2019 17.00,2130,6.645,0.006,74.002,350.357,78.181
28-05-2019 18.00,2131,6.376,0.006,23.238,138.011,8.561
28-05-2019 19.00,2132,6.271,0.006,2.319,11.326,0
28-05-2019 20.00,2133,6.351,0.006,0,0,0
28-05-2019 21.00,2134,6.439,0.006,0,0,0
28-05-2019 22.00,2135,6.506,0.006,0,0,0
28-05-2019 23.00,2136,6.533,0.006,0,0,0
29-05-2019 0.00,2137,6.517,0.006,0,0,0
29-05-2019 1.00,2138,6.442,0.006,0,0,0
29-05-2019 2.00,2139,6.344,0.006,0,0,0
29-05-2019 3.00,2140,6.311,0.006,0.989,8.549,0
29-05-2019 4.00,2141,6.508,0.006,38.634,150.315,47.694
29-05-2019 5.00,2142,7.049,0.006,134.172,364.18,277.867
29-05-2019 6.00,2143,7.773,0.006,261.93,577.672,516.81
29-05-2019 7.00,2144,8.778,0.006,398.004,776.147,1064.875
29-05-2019 8.00,2145,10.123,0.006,512.34,946.137,1789.692
29-05-2019 9.00,2146,11.365,0.006,602.311,1076.025,2176.488
29-05-2019 10.00,2147,12.472,0.006,665.441,1157.008,2645.553
29-05-2019 11.00,2148,13.481,0.006,692.592,1183.534,2922.646
29-05-2019 12.00,2149,14.244,0.006,692.326,1153.85,2882.806
29-05-2019 13.00,2150,14.766,0.006,650.246,1069.982,2808.383
29-05-2019 14.00,2151,15.194,0.006,557.18,937.649,2904.235
29-05-2019 15.00,2152,15.186,0.006,429.71,765.897,2545.334
29-05-2019 16.00,2153,14.764,0.006,283.735,566.418,1929.025
29-05-2019 17.00,2154,13.727,0.007,158.602,352.834,1363.446
29-05-2019 18.00,2155,10.728,0.007,49.969,140.644,566.96
29-05-2019 19.00,2156,8.992,0.007,2.692,12.05,0
29-05-2019 20.00,2157,9.008,0.007,0,0,0
29-05-2019 21.00,2158,8.935,0.007,0,0,0
29-05-2019 22.00,2159,8.811,0.007,0,0,0
29-05-2019 23.00,2160,8.367,0.007,0,0,0
30-05-2019 0.00,2161,7.685,0.007,0,0,0
30-05-2019 1.00,2162,7.365,0.007,0,0,0
30-05-2019 2.00,2163,7.507,0.007,0,0,0
30-05-2019 3.00,2164,7.152,0.007,1.936,9.281,0
30-05-2019 4.00,2165,7.129,0.007,50.221,153.012,637.559
30-05-2019 5.00,2166,9.253,0.007,159.994,366.586,1212.787
30-05-2019 6.00,2167,11.11,0.007,305.074,579.754,1523.324
30-05-2019 7.00,2168,12.908,0.007,451.766,777.975,1652.094
30-05-2019 8.00,2169,14.275,0.007,575.088,947.713,1897.056
30-05-2019 9.00,2170,15.134,0.007,634.606,1077.417,1946.157
30-05-2019 10.00,2171,15.179,0.007,639.72,1158.259,1609.273
30-05-2019 11.00,2172,15.052,0.007,615.284,1184.776,1420.187
30-05-2019 12.00,2173,14.81,0.007,533.358,1155.125,1162.21
30-05-2019 13.00,2174,14.472,0.007,446.41,1071.372,916.951
30-05-2019 14.00,2175,14.087,0.007,359.538,939.216,738.329
30-05-2019 15.00,2176,13.679,0.007,270.6,767.694,577.135
30-05-2019 16.00,2177,13.116,0.007,178.418,568.506,274.953
30-05-2019 17.00,2178,12.018,0.007,97.347,355.216,102.44
30-05-2019 18.00,2179,10.938,0.007,34.327,143.189,14.284
30-05-2019 19.00,2180,10.066,0.007,2.621,12.777,0
30-05-2019 20.00,2181,9.449,0.007,0,0.001,0
30-05-2019 21.00,2182,8.784,0.007,0,0,0
30-05-2019 22.00,2183,8.136,0.007,0,0,0
30-05-2019 23.00,2184,7.731,0.007,0,0,0
31-05-2019 0.00,2185,7.452,0.007,0,0,0
31-05-2019 1.00,2186,7.282,0.007,0,0,0
31-05-2019 2.00,2187,7.093,0.007,0,0,0
31-05-2019 3.00,2188,6.914,0.007,1.693,10.023,0
31-05-2019 4.00,2189,6.923,0.007,40.727,155.606,36.86
31-05-2019 5.00,2190,7.348,0.007,135.508,368.899,229.9
31-05-2019 6.00,2191,8.496,0.007,288.168,581.782,1126.937
31-05-2019 7.00,2192,10.764,0.007,457.463,779.705,2736.834
31-05-2019 8.00,2193,12.891,0.006,583.005,949.207,3444.162
31-05-2019 9.00,2194,14.162,0.006,641.446,1078.731,3507.108
31-05-2019 10.00,2195,14.642,0.006,630.523,1159.477,3318.064
31-05-2019 11.00,2196,14.602,0.006,590.91,1185.932,2950.684
31-05-2019 12.00,2197,14.352,0.006,564.591,1156.348,2509.998
31-05-2019 13.00,2198,13.941,0.006,511.749,1072.68,2004.964
31-05-2019 14.00,2199,13.715,0.006,416.294,940.717,1789.113
31-05-2019 15.00,2200,13.683,0.006,317.622,769.42,1727.796
31-05-2019 16.00,2201,13.293,0.007,214.756,570.489,1180.129
31-05-2019 17.00,2202,12.472,0.007,121.34,357.486,881.299
31-05-2019 18.00,2203,10.094,0.008,40.614,145.637,277.317
31-05-2019 19.00,2204,8.088,0.007,2.973,13.503,0
31-05-2019 20.00,2205,7.612,0.007,0,0.001,0
31-05-2019 21.00,2206,7.144,0.007,0,0,0
31-05-2019 22.00,2207,6.787,0.007,0,0,0
31-05-2019 23.00,2208,6.47,0.007,0,0,0
31-05-2019 23.00,2209,6.47,0.007,463.889,781.357,2463.576
