??,??,??,??,??????,????????,????
01-06-2019 0.00,1,6.224,0.007,0,0,0
01-06-2019 1.00,2,6.071,0.007,0,0,0
01-06-2019 2.00,3,6.173,0.006,0,0,0
01-06-2019 3.00,4,6.232,0.006,2.229,10.77,0
01-06-2019 4.00,5,7.108,0.007,49.79,158.093,123.096
01-06-2019 5.00,6,8.329,0.007,157.026,371.105,414.23
01-06-2019 6.00,7,10.444,0.007,308.848,583.704,1259.843
01-06-2019 7.00,8,13.464,0.007,463.889,781.357,2463.576
01-06-2019 8.00,9,15.554,0.006,587.988,950.638,3269.984
01-06-2019 9.00,10,16.779,0.006,667.27,1079.979,3523.963
01-06-2019 10.00,11,17.679,0.006,697.486,1160.613,3577.048
01-06-2019 11.00,12,18.161,0.006,690.683,1187.036,3417.618
01-06-2019 12.00,13,18.427,0.006,656.784,1157.468,3234.215
01-06-2019 13.00,14,18.546,0.006,591.716,1073.917,3046.396
01-06-2019 14.00,15,18.388,0.006,490.91,942.139,2610.458
01-06-2019 15.00,16,17.722,0.007,374.816,771.054,1546.145
01-06-2019 16.00,17,16.75,0.007,260.422,572.392,716.79
01-06-2019 17.00,18,15.777,0.008,146.29,359.662,674.14
01-06-2019 18.00,19,13.277,0.008,47.528,147.991,334.938
01-06-2019 19.00,20,11.308,0.007,3.465,14.224,0
01-06-2019 20.00,21,11.14,0.007,0,0.002,0
01-06-2019 21.00,22,10.346,0.007,0,0,0
01-06-2019 22.00,23,9.663,0.007,0,0,0
01-06-2019 23.00,24,9.58,0.007,0,0,0
02-06-2019 0.00,25,9.353,0.007,0,0,0
02-06-2019 1.00,26,9.248,0.007,0,0,0
02-06-2019 2.00,27,9.366,0.007,0,0,0
02-06-2019 3.00,28,9.291,0.007,2.024,11.517,0
02-06-2019 4.00,29,9.447,0.007,49.723,160.468,252.435
02-06-2019 5.00,30,10.556,0.007,158.877,373.213,1061.822
02-06-2019 6.00,31,12.594,0.008,308.57,585.527,2672.863
02-06-2019 7.00,32,15.258,0.008,461.931,782.934,3327.424
02-06-2019 8.00,33,17.332,0.008,597.906,951.989,3565.182
02-06-2019 9.00,34,18.7,0.008,701.659,1081.165,3606.945
02-06-2019 10.00,35,19.449,0.008,760.515,1161.68,3642.581
02-06-2019 11.00,36,19.584,0.008,772.469,1188.057,3571.898
02-06-2019 12.00,37,19.349,0.008,731.012,1158.535,3469.284
02-06-2019 13.00,38,19.029,0.008,652.787,1075.119,3319.971
02-06-2019 14.00,39,18.349,0.008,540.15,943.481,2825.412
02-06-2019 15.00,40,17.416,0.008,406.755,772.621,2367.504
02-06-2019 16.00,41,16.11,0.008,278.148,574.192,1300.726
02-06-2019 17.00,42,14.723,0.009,161.715,361.742,695.207
02-06-2019 18.00,43,12.658,0.009,58.963,150.244,401.902
02-06-2019 19.00,44,9.774,0.008,4.696,14.938,0
02-06-2019 20.00,45,8.771,0.008,0.001,0.004,0
02-06-2019 21.00,46,7.964,0.008,0,0,0
02-06-2019 22.00,47,7.367,0.008,0,0,0
02-06-2019 23.00,48,6.923,0.008,0,0,0
03-06-2019 0.00,49,6.737,0.007,0,0,0
03-06-2019 1.00,50,6.796,0.007,0,0,0
03-06-2019 2.00,51,6.936,0.007,0,0,0
03-06-2019 3.00,52,6.786,0.007,3.138,12.261,0
03-06-2019 4.00,53,7.784,0.007,64.86,162.737,382.025
03-06-2019 5.00,54,9.797,0.008,194.527,375.215,1695.966
03-06-2019 6.00,55,12.386,0.008,352.479,587.266,2657.624
03-06-2019 7.00,56,15.149,0.008,513.103,784.429,3486.801
03-06-2019 8.00,57,17.094,0.007,650.033,953.27,3777.686
03-06-2019 9.00,58,18.523,0.007,743.411,1082.293,3863.973
03-06-2019 10.00,59,19.699,0.007,790.642,1162.711,3889.153
03-06-2019 11.00,60,20.544,0.007,791.33,1189.066,3835.359
03-06-2019 12.00,61,20.906,0.007,759.099,1159.553,3643.514
03-06-2019 13.00,62,21.155,0.008,692.667,1076.221,3648.558
03-06-2019 14.00,63,21.008,0.008,588.93,944.739,3413.569
03-06-2019 15.00,64,20.412,0.008,460.385,774.097,2968.214
03-06-2019 16.00,65,19.624,0.008,315.404,575.907,2316.736
03-06-2019 17.00,66,18.593,0.009,172.074,363.705,1616.401
03-06-2019 18.00,67,15.544,0.009,58.696,152.396,548.203
03-06-2019 19.00,68,13.333,0.008,4.495,15.64,0
03-06-2019 20.00,69,12.185,0.008,0.001,0.006,0
03-06-2019 21.00,70,11.393,0.008,0,0,0
03-06-2019 22.00,71,10.795,0.008,0,0,0
03-06-2019 23.00,72,10.279,0.007,0,0,0
04-06-2019 0.00,73,9.752,0.007,0,0,0
04-06-2019 1.00,74,9.345,0.007,0,0,0
04-06-2019 2.00,75,9.104,0.007,0,0,0
04-06-2019 3.00,76,9.177,0.007,3.766,12.998,11.172
04-06-2019 4.00,77,10.3,0.008,70.985,164.893,1052.826
04-06-2019 5.00,78,13.171,0.008,205.795,377.121,2399.474
04-06-2019 6.00,79,15.857,0.008,363.181,588.908,3100.135
04-06-2019 7.00,80,18.497,0.008,515.758,785.837,3485.181
04-06-2019 8.00,81,19.891,0.008,650.034,954.47,3685.13
04-06-2019 9.00,82,20.965,0.008,753.132,1083.329,3771.962
04-06-2019 10.00,83,21.571,0.008,808.593,1163.656,3559.837
04-06-2019 11.00,84,22.328,0.008,809.143,1189.964,3789.691
04-06-2019 12.00,85,22.775,0.008,774.415,1160.522,3755.315
04-06-2019 13.00,86,22.883,0.008,710.488,1077.265,3649.648
04-06-2019 14.00,87,22.636,0.008,605.56,945.947,3438.327
04-06-2019 15.00,88,22.055,0.008,480.391,775.491,3077.853
04-06-2019 16.00,89,21.83,0.008,335.474,577.538,1840.968
04-06-2019 17.00,90,20.354,0.009,191.129,365.572,1321.836
04-06-2019 18.00,91,16.555,0.01,67.822,154.443,470.509
04-06-2019 19.00,92,13.902,0.009,5.525,16.329,0
04-06-2019 20.00,93,12.613,0.008,0.002,0.01,0
04-06-2019 21.00,94,11.762,0.008,0,0,0
04-06-2019 22.00,95,11.184,0.008,0,0,0
04-06-2019 23.00,96,10.867,0.008,0,0,0
05-06-2019 0.00,97,10.707,0.008,0,0,0
05-06-2019 1.00,98,10.606,0.008,0,0,0
05-06-2019 2.00,99,10.534,0.008,0,0,0
05-06-2019 3.00,100,10.444,0.008,4.301,13.723,10.306
05-06-2019 4.00,101,11.334,0.008,77.581,166.938,907.743
05-06-2019 5.00,102,14.21,0.008,215.734,378.92,2155.078
05-06-2019 6.00,103,16.605,0.009,376.797,590.476,3041.076
05-06-2019 7.00,104,19.585,0.008,526.432,787.157,3428.557
05-06-2019 8.00,105,21.213,0.008,647.963,955.601,3576.752
05-06-2019 9.00,106,22.367,0.008,725.99,1084.315,3661.088
05-06-2019 10.00,107,22.821,0.008,754.032,1164.542,3404.497
05-06-2019 11.00,108,22.892,0.008,729.91,1190.836,3034.845
05-06-2019 12.00,109,22.452,0.008,667.721,1161.399,2315.9
05-06-2019 13.00,110,21.833,0.008,576.467,1078.253,1423.937
05-06-2019 14.00,111,21.479,0.008,462.904,947.07,1023.402
05-06-2019 15.00,112,21.445,0.009,343.444,776.809,887.487
05-06-2019 16.00,113,20.667,0.009,226.076,579.069,577.465
05-06-2019 17.00,114,18.917,0.01,127.034,367.34,309.176
05-06-2019 18.00,115,17.205,0.01,45.219,156.391,147.692
05-06-2019 19.00,116,16.035,0.01,4.195,16.999,0
05-06-2019 20.00,117,15.128,0.009,0.002,0.013,0
05-06-2019 21.00,118,14.393,0.009,0,0,0
05-06-2019 22.00,119,13.825,0.009,0,0,0
05-06-2019 23.00,120,13.537,0.009,0,0,0
06-06-2019 0.00,121,13.034,0.009,0,0,0
06-06-2019 1.00,122,12.666,0.009,0,0,0
06-06-2019 2.00,123,12.306,0.009,0,0,0
06-06-2019 3.00,124,11.845,0.009,2.724,14.433,0
06-06-2019 4.00,125,12.194,0.009,55.587,168.875,186.615
06-06-2019 5.00,126,12.989,0.009,166.777,380.625,775.959
06-06-2019 6.00,127,13.932,0.009,302.596,591.922,1179.541
06-06-2019 7.00,128,15.092,0.009,437.842,788.418,2469.473
06-06-2019 8.00,129,16.178,0.008,556.79,956.663,2460.94
06-06-2019 9.00,130,16.732,0.008,649.889,1085.232,2580.692
06-06-2019 10.00,131,16.978,0.008,705.271,1165.371,2557.167
06-06-2019 11.00,132,17.29,0.007,722.539,1191.629,2629.645
06-06-2019 12.00,133,17.997,0.007,706.445,1162.208,2831.143
06-06-2019 13.00,134,18.648,0.007,646.777,1079.167,2914.161
06-06-2019 14.00,135,19.013,0.008,550.073,948.122,2886.477
06-06-2019 15.00,136,18.872,0.008,428.975,778.03,2349.445
06-06-2019 16.00,137,18.427,0.008,296.378,580.509,2011.627
06-06-2019 17.00,138,17.608,0.009,166.432,369,1367.411
06-06-2019 18.00,139,15.554,0.01,57.241,158.228,558.398
06-06-2019 19.00,140,13.934,0.009,5.031,17.649,0
06-06-2019 20.00,141,13.235,0.008,0.003,0.018,0
06-06-2019 21.00,142,12.86,0.008,0,0,0
06-06-2019 22.00,143,12.588,0.008,0,0,0
06-06-2019 23.00,144,12.235,0.008,0,0,0
07-06-2019 0.00,145,11.788,0.008,0,0,0
07-06-2019 1.00,146,11.238,0.008,0,0,0
07-06-2019 2.00,147,10.675,0.008,0,0,0
07-06-2019 3.00,148,10.372,0.008,4.698,15.122,4.514
07-06-2019 4.00,149,11.035,0.008,69.21,170.698,250.086
07-06-2019 5.00,150,11.814,0.009,179.354,382.22,386.657
07-06-2019 6.00,151,13.254,0.009,303.677,593.316,683.217
07-06-2019 7.00,152,15.545,0.009,437.021,789.572,1395.388
07-06-2019 8.00,153,18.343,0.009,569.215,957.649,2743.871
07-06-2019 9.00,154,20.61,0.009,676.376,1086.081,3661.142
07-06-2019 10.00,155,22.025,0.009,746.734,1166.143,3828.055
07-06-2019 11.00,156,22.894,0.009,768.766,1192.351,3806.097
07-06-2019 12.00,157,23.049,0.009,738.72,1162.986,3481.993
07-06-2019 13.00,158,22.681,0.009,662.626,1080.014,2968.764
07-06-2019 14.00,159,22.107,0.009,563.278,949.095,2455.784
07-06-2019 15.00,160,21.55,0.009,441.796,779.188,2185.031
07-06-2019 16.00,161,20.472,0.009,302.943,581.859,1167.665
07-06-2019 17.00,162,19.23,0.01,165.364,370.56,852.397
07-06-2019 18.00,163,16.551,0.01,58.085,159.96,298.692
07-06-2019 19.00,164,14.224,0.01,5.784,18.275,0
07-06-2019 20.00,165,13.385,0.009,0.005,0.023,0
07-06-2019 21.00,166,12.955,0.009,0,0,0
07-06-2019 22.00,167,12.581,0.009,0,0,0
07-06-2019 23.00,168,11.981,0.009,0,0,0
08-06-2019 0.00,169,11.164,0.009,0,0,0
08-06-2019 1.00,170,10.379,0.009,0,0,0
08-06-2019 2.00,171,9.916,0.008,0,0,0
08-06-2019 3.00,172,9.528,0.008,5.198,15.788,25.722
08-06-2019 4.00,173,11.005,0.009,76.102,172.407,1108.698
08-06-2019 5.00,174,14.107,0.009,205.498,383.715,2282.172
08-06-2019 6.00,175,16.773,0.009,361.039,594.589,2907.304
08-06-2019 7.00,176,19.041,0.009,519.261,790.649,3296.253
08-06-2019 8.00,177,20.623,0.009,658.188,958.568,3507.815
08-06-2019 9.00,178,21.858,0.009,764.596,1086.877,3604.692
08-06-2019 10.00,179,22.795,0.009,826.319,1166.853,3630.172
08-06-2019 11.00,180,23.33,0.009,842.749,1193.055,3557.142
08-06-2019 12.00,181,23.443,0.009,808.448,1163.681,3367.145
08-06-2019 13.00,182,23.273,0.009,712.757,1080.794,3075.002
08-06-2019 14.00,183,22.854,0.009,572.764,950.001,2663.719
08-06-2019 15.00,184,22.322,0.009,420.41,780.264,2293.459
08-06-2019 16.00,185,21.459,0.009,275.925,583.116,1883.214
08-06-2019 17.00,186,19.82,0.01,144.931,372.019,1025.561
08-06-2019 18.00,187,16.992,0.011,48.887,161.58,323.474
08-06-2019 19.00,188,14.932,0.01,5.007,18.875,0
08-06-2019 20.00,189,13.991,0.009,0.006,0.029,0
08-06-2019 21.00,190,13.202,0.009,0,0,0
08-06-2019 22.00,191,12.668,0.009,0,0,0
08-06-2019 23.00,192,12.439,0.009,0,0,0
09-06-2019 0.00,193,12.221,0.009,0,0,0
09-06-2019 1.00,194,11.954,0.009,0,0,0
09-06-2019 2.00,195,11.316,0.009,0,0,0
09-06-2019 3.00,196,10.891,0.009,3.713,16.427,9.346
09-06-2019 4.00,197,11.9,0.009,53.415,173.998,462.768
09-06-2019 5.00,198,13.307,0.01,151.528,385.109,851.644
09-06-2019 6.00,199,14.71,0.01,272.19,595.777,1357.26
09-06-2019 7.00,200,17.031,0.01,398.691,791.667,2108.993
09-06-2019 8.00,201,19.482,0.01,496.667,959.413,2630.132
09-06-2019 9.00,202,20.993,0.009,563.332,1087.598,2958.145
09-06-2019 10.00,203,21.46,0.009,589.249,1167.483,2980.17
09-06-2019 11.00,204,21.289,0.009,557.734,1193.654,2595.074
09-06-2019 12.00,205,20.444,0.01,502.022,1164.323,1670.771
09-06-2019 13.00,206,19.341,0.01,439.265,1081.513,1041.248
09-06-2019 14.00,207,18.623,0.01,357.769,950.837,749.487
09-06-2019 15.00,208,18.054,0.01,273.212,781.246,496.632
09-06-2019 16.00,209,17.489,0.01,180.561,584.271,312.721
09-06-2019 17.00,210,16.782,0.011,101.84,373.371,147.125
09-06-2019 18.00,211,15.949,0.011,38.328,163.092,30.969
09-06-2019 19.00,212,15.082,0.011,4.315,19.444,0
09-06-2019 20.00,213,14.698,0.01,0.007,0.035,0
09-06-2019 21.00,214,14.414,0.01,0,0,0
09-06-2019 22.00,215,14.131,0.01,0,0,0
09-06-2019 23.00,216,13.875,0.01,0,0,0
10-06-2019 0.00,217,13.806,0.01,0,0,0
10-06-2019 1.00,218,13.587,0.01,0,0,0
10-06-2019 2.00,219,13.094,0.009,0,0,0
10-06-2019 3.00,220,12.711,0.009,4.881,17.036,0
10-06-2019 4.00,221,12.946,0.009,66.357,175.479,278.19
10-06-2019 5.00,222,14.021,0.01,188.052,386.402,953.482
10-06-2019 6.00,223,16.133,0.01,342.672,596.881,2262.981
10-06-2019 7.00,224,18.7,0.01,499.464,792.585,2899.652
10-06-2019 8.00,225,20.658,0.009,633.384,960.189,3295.7
10-06-2019 9.00,226,21.893,0.009,729.831,1088.262,3447.883
10-06-2019 10.00,227,22.724,0.009,775.349,1168.072,3448.523
10-06-2019 11.00,228,22.971,0.009,762.502,1194.226,3111.746
10-06-2019 12.00,229,22.847,0.009,696.675,1164.907,2650.631
10-06-2019 13.00,230,22.391,0.009,607.873,1082.172,2065.764
10-06-2019 14.00,231,21.824,0.009,497.463,951.606,1566.529
10-06-2019 15.00,232,21.12,0.01,374.669,782.153,1056.212
10-06-2019 16.00,233,20.397,0.01,252.345,585.356,792.308
10-06-2019 17.00,234,19.395,0.011,140.982,374.619,398.097
10-06-2019 18.00,235,17.572,0.011,48.745,164.494,104.244
10-06-2019 19.00,236,16.681,0.01,4.231,19.983,0
10-06-2019 20.00,237,16.5,0.01,0.008,0.042,0
10-06-2019 21.00,238,16.139,0.01,0,0,0
10-06-2019 22.00,239,15.287,0.01,0,0,0
10-06-2019 23.00,240,14.161,0.01,0,0,0
11-06-2019 0.00,241,13.26,0.01,0,0,0
11-06-2019 1.00,242,12.554,0.01,0,0,0
11-06-2019 2.00,243,12.088,0.01,0,0,0
11-06-2019 3.00,244,11.829,0.009,3.961,17.61,3.141
11-06-2019 4.00,245,13.308,0.01,60.597,176.845,344.128
11-06-2019 5.00,246,15.25,0.01,171.122,387.588,933.748
11-06-2019 6.00,247,17.408,0.01,313.674,597.885,1625.957
11-06-2019 7.00,248,19.339,0.01,457.75,793.439,2138.99
11-06-2019 8.00,249,20.145,0.01,566.598,960.891,2055.711
11-06-2019 9.00,250,20.302,0.01,610.9,1088.861,1860.637
11-06-2019 10.00,251,20.046,0.01,598.145,1168.605,1589.246
11-06-2019 11.00,252,19.55,0.01,547.96,1194.734,1282.529
11-06-2019 12.00,253,19.131,0.01,495.351,1165.453,1081.857
11-06-2019 13.00,254,18.815,0.01,441.556,1082.73,872.671
11-06-2019 14.00,255,18.4,0.01,363.599,952.306,605.252
11-06-2019 15.00,256,18.5,0.01,277.296,782.988,467.142
11-06-2019 16.00,257,18.649,0.011,195.962,586.333,406.931
11-06-2019 17.00,258,17.675,0.011,120.463,375.763,261.107
11-06-2019 18.00,259,16.158,0.011,48.628,165.78,125.858
11-06-2019 19.00,260,14.769,0.011,6.051,20.486,0
11-06-2019 20.00,261,14.252,0.011,0.011,0.049,0
11-06-2019 21.00,262,13.914,0.01,0,0,0
11-06-2019 22.00,263,13.529,0.01,0,0,0
11-06-2019 23.00,264,13.164,0.01,0,0,0
12-06-2019 0.00,265,12.704,0.01,0,0,0
12-06-2019 1.00,266,12.349,0.01,0,0,0
12-06-2019 2.00,267,12.095,0.01,0,0,0
12-06-2019 3.00,268,11.891,0.01,3.528,18.148,0
12-06-2019 4.00,269,12.648,0.01,55.422,178.095,241.409
12-06-2019 5.00,270,14.077,0.01,164.025,388.673,874.167
12-06-2019 6.00,271,15.44,0.011,298.44,598.809,1509.213
12-06-2019 7.00,272,17.869,0.011,438.429,794.21,2843.654
12-06-2019 8.00,273,20.402,0.01,578.278,961.518,3424.324
12-06-2019 9.00,274,21.586,0.01,682,1089.38,3328.637
12-06-2019 10.00,275,22.199,0.01,727.079,1169.075,3076.078
12-06-2019 11.00,276,22.648,0.01,726.556,1195.183,3005.681
12-06-2019 12.00,277,23.148,0.01,687.402,1165.906,3088.758
12-06-2019 13.00,278,22.915,0.01,610.065,1083.273,2526.346
12-06-2019 14.00,279,22.546,0.01,506.638,952.928,2115.522
12-06-2019 15.00,280,22.323,0.01,395.239,783.732,1792.724
12-06-2019 16.00,281,21.977,0.011,272.383,587.206,1486.598
12-06-2019 17.00,282,20.735,0.011,149.308,376.805,876.117
12-06-2019 18.00,283,18.038,0.012,51.768,166.955,228.194
12-06-2019 19.00,284,16.045,0.011,4.938,20.952,0
12-06-2019 20.00,285,15.809,0.011,0.009,0.056,0
12-06-2019 21.00,286,15.584,0.011,0,0,0
12-06-2019 22.00,287,15.112,0.011,0,0,0
12-06-2019 23.00,288,14.725,0.011,0,0,0
13-06-2019 0.00,289,14.3,0.011,0,0,0
13-06-2019 1.00,290,13.978,0.011,0,0,0
13-06-2019 2.00,291,14.266,0.011,0,0,0
13-06-2019 3.00,292,14.6,0.011,3.77,18.646,0
13-06-2019 4.00,293,15.049,0.011,45.86,179.228,122.854
13-06-2019 5.00,294,15.61,0.011,119.453,389.659,227.247
13-06-2019 6.00,295,16.049,0.011,219.274,599.631,397.756
13-06-2019 7.00,296,16.717,0.011,331.911,794.889,738.161
13-06-2019 8.00,297,17.736,0.011,445.43,962.093,1172.595
13-06-2019 9.00,298,19.007,0.011,516.12,1089.844,1468.973
13-06-2019 10.00,299,20.06,0.011,539.958,1169.481,1704.748
13-06-2019 11.00,300,21.218,0.011,553.253,1195.571,2025.961
13-06-2019 12.00,301,21.563,0.011,515.254,1166.336,1534.455
13-06-2019 13.00,302,21.253,0.011,425.278,1083.745,1034.042
13-06-2019 14.00,303,21.431,0.011,314.126,953.46,1162.233
13-06-2019 15.00,304,20.767,0.011,218.881,784.378,584.494
13-06-2019 16.00,305,19.564,0.011,141.405,588.012,203.717
13-06-2019 17.00,306,18.316,0.011,80.388,377.736,97.497
13-06-2019 18.00,307,17.212,0.011,33.896,168.02,19.808
13-06-2019 19.00,308,16.247,0.011,4.137,21.38,0
13-06-2019 20.00,309,15.592,0.011,0.008,0.062,0
13-06-2019 21.00,310,15.153,0.01,0,0,0
13-06-2019 22.00,311,14.207,0.01,0,0,0
13-06-2019 23.00,312,13.698,0.01,0,0,0
14-06-2019 0.00,313,13.046,0.01,0,0,0
14-06-2019 1.00,314,12.406,0.009,0,0,0
14-06-2019 2.00,315,11.886,0.009,0,0,0
14-06-2019 3.00,316,11.538,0.009,2.914,19.1,4.101
14-06-2019 4.00,317,12.354,0.009,46.847,180.249,389.633
14-06-2019 5.00,318,13.38,0.009,139.685,390.525,1016.262
14-06-2019 6.00,319,15.006,0.009,267.705,600.373,2004.105
14-06-2019 7.00,320,17.812,0.009,405.024,795.486,3071.972
14-06-2019 8.00,321,20.071,0.009,503.092,962.581,3340.95
14-06-2019 9.00,322,21.084,0.009,556.33,1090.26,3422.727
14-06-2019 10.00,323,21.532,0.009,552.161,1169.86,3264.533
14-06-2019 11.00,324,21.285,0.008,516.075,1195.898,2798.099
14-06-2019 12.00,325,20.695,0.008,471.842,1166.669,2397.236
14-06-2019 13.00,326,19.083,0.008,417.871,1084.153,1124.2
14-06-2019 14.00,327,18.149,0.008,353.201,953.948,555.308
14-06-2019 15.00,328,17.09,0.008,275.015,784.979,313.163
14-06-2019 16.00,329,15.712,0.008,194.684,588.718,172.797
14-06-2019 17.00,330,14.407,0.008,115.287,378.571,75.239
14-06-2019 18.00,331,13.163,0.009,48.126,168.965,14.423
14-06-2019 19.00,332,12.002,0.008,6.825,21.767,0
14-06-2019 20.00,333,10.924,0.008,0.015,0.069,0
14-06-2019 21.00,334,10.057,0.008,0,0,0
14-06-2019 22.00,335,9.415,0.008,0,0,0
14-06-2019 23.00,336,8.973,0.008,0,0,0
15-06-2019 0.00,337,8.634,0.007,0,0,0
15-06-2019 1.00,338,8.284,0.007,0,0,0
15-06-2019 2.00,339,7.932,0.007,0,0,0
15-06-2019 3.00,340,7.575,0.007,4.042,19.511,0
15-06-2019 4.00,341,7.39,0.007,52.952,181.153,115.218
15-06-2019 5.00,342,7.573,0.007,158.743,391.298,557.764
15-06-2019 6.00,343,8.588,0.006,307.721,601.02,1521.074
15-06-2019 7.00,344,10.245,0.006,458.296,796.011,2490.221
15-06-2019 8.00,345,11.951,0.006,600.847,963.002,3274.822
15-06-2019 9.00,346,13.539,0.006,713.447,1090.613,3579.12
15-06-2019 10.00,347,14.881,0.006,789.025,1170.141,3743.237
15-06-2019 11.00,348,15.882,0.006,815.714,1196.194,3807.901
15-06-2019 12.00,349,16.581,0.006,796.479,1166.961,3828.235
15-06-2019 13.00,350,16.97,0.006,734.407,1084.489,3764.638
15-06-2019 14.00,351,17.03,0.006,633.658,954.371,3642.574
15-06-2019 15.00,352,16.721,0.006,504.891,785.477,3432.172
15-06-2019 16.00,353,15.984,0.006,360.766,589.321,3080.77
15-06-2019 17.00,354,14.758,0.007,215.043,379.298,2483.432
15-06-2019 18.00,355,11.847,0.007,83.012,169.797,1232.291
15-06-2019 19.00,356,8.811,0.007,8.163,22.111,3.317
15-06-2019 20.00,357,7.996,0.007,0.012,0.075,0
15-06-2019 21.00,358,7.339,0.007,0,0,0
15-06-2019 22.00,359,6.74,0.006,0,0,0
15-06-2019 23.00,360,6.094,0.006,0,0,0
16-06-2019 0.00,361,5.419,0.006,0,0,0
16-06-2019 1.00,362,4.508,0.006,0,0,0
16-06-2019 2.00,363,3.84,0.006,0,0,0
16-06-2019 3.00,364,3.474,0.006,5.794,19.874,78.913
16-06-2019 4.00,365,5.655,0.006,79.617,181.941,1606.18
16-06-2019 5.00,366,8.104,0.006,217.066,391.967,2794.182
16-06-2019 6.00,367,10.727,0.006,373.923,601.567,3408.265
16-06-2019 7.00,368,12.886,0.006,533.986,796.462,3749.31
16-06-2019 8.00,369,14.772,0.006,679.183,963.367,3911.215
16-06-2019 9.00,370,16.314,0.006,790.608,1090.897,4010.602
16-06-2019 10.00,371,17.485,0.006,868.817,1170.361,4036.684
16-06-2019 11.00,372,18.307,0.006,898.76,1196.39,4026.249
16-06-2019 12.00,373,18.86,0.006,876.712,1167.189,3997.118
16-06-2019 13.00,374,19.134,0.006,805.443,1084.759,3918.324
16-06-2019 14.00,375,19.08,0.006,691.54,954.699,3758.757
16-06-2019 15.00,376,18.642,0.006,549.003,785.903,3489.222
16-06-2019 16.00,377,17.895,0.006,381.594,589.851,3056.413
16-06-2019 17.00,378,17.815,0.007,216.808,379.926,2318.256
16-06-2019 18.00,379,15.736,0.008,76.528,170.517,1079.756
16-06-2019 19.00,380,15.097,0.007,5.625,22.411,1.577
16-06-2019 20.00,381,14.737,0.007,0.01,0.081,0
16-06-2019 21.00,382,13.9,0.007,0,0,0
16-06-2019 22.00,383,12.424,0.007,0,0,0
16-06-2019 23.00,384,10.533,0.007,0,0,0
17-06-2019 0.00,385,8.817,0.006,0,0,0
17-06-2019 1.00,386,7.706,0.006,0,0,0
17-06-2019 2.00,387,7.113,0.006,0,0,0
17-06-2019 3.00,388,7.086,0.006,5.137,20.189,12.209
17-06-2019 4.00,389,8.106,0.007,66.459,182.612,253.903
17-06-2019 5.00,390,9.696,0.007,174.216,392.534,356.511
17-06-2019 6.00,391,10.782,0.007,293.944,602.027,495.051
17-06-2019 7.00,392,11.759,0.007,409.003,796.822,644.224
17-06-2019 8.00,393,12.238,0.007,510.203,963.643,966.323
17-06-2019 9.00,394,13.761,0.007,586.669,1091.118,1478.748
17-06-2019 10.00,395,15.415,0.007,634.984,1170.579,2332.648
17-06-2019 11.00,396,16.444,0.007,666.718,1196.591,2706.054
17-06-2019 12.00,397,17.37,0.007,668.329,1167.391,2893.685
17-06-2019 13.00,398,18.06,0.007,613.17,1084.987,2683.007
17-06-2019 14.00,399,18.131,0.008,529.725,954.974,1988.7
17-06-2019 15.00,400,17.639,0.008,419.075,786.248,1148.115
17-06-2019 16.00,401,16.921,0.008,298.714,590.276,623.93
17-06-2019 17.00,402,15.431,0.008,171.257,380.445,248.048
17-06-2019 18.00,403,13.522,0.009,66.217,171.117,48.28
17-06-2019 19.00,404,12.275,0.008,8.031,22.665,0
17-06-2019 20.00,405,11.741,0.008,0.02,0.086,0
17-06-2019 21.00,406,11.232,0.008,0,0,0
17-06-2019 22.00,407,10.832,0.008,0,0,0
17-06-2019 23.00,408,10.26,0.008,0,0,0
18-06-2019 0.00,409,9.423,0.008,0,0,0
18-06-2019 1.00,410,8.65,0.008,0,0,0
18-06-2019 2.00,411,8.685,0.008,0,0,0
18-06-2019 3.00,412,8.79,0.008,4.783,20.452,0
18-06-2019 4.00,413,8.914,0.008,70.819,183.164,110.226
18-06-2019 5.00,414,9.432,0.008,200.237,393.001,330.288
18-06-2019 6.00,415,10.266,0.008,368.634,602.403,712.885
18-06-2019 7.00,416,11.44,0.008,529.303,797.112,1190.642
18-06-2019 8.00,417,13.098,0.008,664.655,963.857,1946.246
18-06-2019 9.00,418,15.456,0.008,761.379,1091.278,2881.328
18-06-2019 10.00,419,17.969,0.008,825.444,1170.683,3772.41
18-06-2019 11.00,420,19.666,0.008,844.665,1196.688,3903.33
18-06-2019 12.00,421,20.587,0.008,803.808,1167.497,3844.831
18-06-2019 13.00,422,20.852,0.008,722.602,1085.117,3618.447
18-06-2019 14.00,423,20.689,0.008,609.81,955.173,3341.426
18-06-2019 15.00,424,20.052,0.008,477.078,786.518,2579.467
18-06-2019 16.00,425,19.265,0.008,329.453,590.615,1998.317
18-06-2019 17.00,426,17.996,0.009,182.704,380.858,1080.78
18-06-2019 18.00,427,15.245,0.01,65.836,171.604,790.817
18-06-2019 19.00,428,12.662,0.009,5.627,22.873,0
18-06-2019 20.00,429,12.069,0.009,0.012,0.09,0
18-06-2019 21.00,430,11.856,0.008,0,0,0
18-06-2019 22.00,431,11.628,0.008,0,0,0
18-06-2019 23.00,432,11.498,0.008,0,0,0
19-06-2019 0.00,433,11.145,0.008,0,0,0
19-06-2019 1.00,434,10.908,0.008,0,0,0
19-06-2019 2.00,435,9.987,0.008,0,0,0
19-06-2019 3.00,436,9.332,0.008,5.648,20.665,32.041
19-06-2019 4.00,437,10.98,0.008,69.398,183.602,733.812
19-06-2019 5.00,438,12.889,0.008,185.287,393.358,863.414
19-06-2019 6.00,439,14.094,0.008,322.963,602.681,657.033
19-06-2019 7.00,440,14.738,0.008,456.96,797.322,651.593
19-06-2019 8.00,441,15.782,0.008,581.706,964.009,1080.295
19-06-2019 9.00,442,16.732,0.008,686.698,1091.371,1385.413
19-06-2019 10.00,443,17.552,0.008,754.843,1170.747,1656.218
19-06-2019 11.00,444,18.188,0.008,762.868,1196.737,1818.248
19-06-2019 12.00,445,19.665,0.008,720.067,1167.559,2358.841
19-06-2019 13.00,446,21.32,0.008,640.51,1085.222,3058.301
19-06-2019 14.00,447,21.576,0.009,530.3,955.318,2569.474
19-06-2019 15.00,448,21.067,0.009,412.194,786.692,1723.569
19-06-2019 16.00,449,20.28,0.009,292.914,590.862,1133.783
19-06-2019 17.00,450,18.795,0.009,175.381,381.165,676.823
19-06-2019 18.00,451,16.308,0.01,69.326,171.973,271.014
19-06-2019 19.00,452,13.735,0.009,7.959,23.033,0
19-06-2019 20.00,453,12.397,0.009,0.02,0.093,0
19-06-2019 21.00,454,11.168,0.009,0,0,0
19-06-2019 22.00,455,9.923,0.008,0,0,0
19-06-2019 23.00,456,8.816,0.008,0,0,0
20-06-2019 0.00,457,8.108,0.008,0,0,0
20-06-2019 1.00,458,7.804,0.008,0,0,0
20-06-2019 2.00,459,7.652,0.008,0,0,0
20-06-2019 3.00,460,7.499,0.008,4.234,20.823,0
20-06-2019 4.00,461,7.419,0.008,59.967,183.924,118.98
20-06-2019 5.00,462,7.679,0.008,169.721,393.611,516.125
20-06-2019 6.00,463,8.277,0.008,307.443,602.872,916.077
20-06-2019 7.00,464,9.294,0.008,442.954,797.449,1735.352
20-06-2019 8.00,465,10.763,0.008,562.942,964.073,2440.839
20-06-2019 9.00,466,12.712,0.008,640.804,1091.405,3149.681
20-06-2019 10.00,467,14.188,0.008,671.984,1170.761,3153.327
20-06-2019 11.00,468,15.357,0.008,663.103,1196.745,3231.001
20-06-2019 12.00,469,16.023,0.008,629.735,1167.568,3085.739
20-06-2019 13.00,470,16.241,0.008,574.855,1085.245,2675.433
20-06-2019 14.00,471,16.031,0.008,494.563,955.373,1878.108
20-06-2019 15.00,472,15.415,0.008,393.791,786.798,1023.803
20-06-2019 16.00,473,14.578,0.008,285.749,591.021,479.711
20-06-2019 17.00,474,13.6,0.008,173.349,381.377,155.62
20-06-2019 18.00,475,12.851,0.009,70.937,172.228,41.872
20-06-2019 19.00,476,12.291,0.009,8.215,23.144,0
20-06-2019 20.00,477,11.932,0.009,0.02,0.096,0
20-06-2019 21.00,478,11.485,0.008,0,0,0
20-06-2019 22.00,479,10.983,0.008,0,0,0
20-06-2019 23.00,480,10.269,0.008,0,0,0
21-06-2019 0.00,481,10.049,0.008,0,0,0
21-06-2019 1.00,482,9.905,0.008,0,0,0
21-06-2019 2.00,483,9.744,0.008,0,0,0
21-06-2019 3.00,484,9.464,0.008,5.796,20.929,3.563
21-06-2019 4.00,485,10.103,0.008,74.516,184.129,317.852
21-06-2019 5.00,486,11.849,0.009,198.861,393.755,1065.889
21-06-2019 6.00,487,14.137,0.009,348.512,602.969,2075.885
21-06-2019 7.00,488,16.735,0.009,501.978,797.493,2984.489
21-06-2019 8.00,489,19.032,0.009,645.264,964.082,3401.645
21-06-2019 9.00,490,20.658,0.009,751.46,1091.394,3599.677
21-06-2019 10.00,491,21.835,0.009,796.073,1170.724,3685.672
21-06-2019 11.00,492,22.541,0.009,779.174,1196.692,3598.054
21-06-2019 12.00,493,22.917,0.009,731.447,1167.526,3530.906
21-06-2019 13.00,494,23.038,0.009,660.386,1085.22,3481.765
21-06-2019 14.00,495,22.809,0.009,560.693,955.358,3319.316
21-06-2019 15.00,496,22.145,0.009,427.535,786.819,2806.4
21-06-2019 16.00,497,21.103,0.01,292.311,591.079,1598.82
21-06-2019 17.00,498,19.769,0.01,162.553,381.476,636.218
21-06-2019 18.00,499,17.464,0.011,61.78,172.364,147.762
21-06-2019 19.00,500,15.847,0.01,6.86,23.207,0
21-06-2019 20.00,501,14.974,0.01,0.02,0.097,0
21-06-2019 21.00,502,14.231,0.01,0,0,0
21-06-2019 22.00,503,13.65,0.009,0,0,0
21-06-2019 23.00,504,13.1,0.009,0,0,0
22-06-2019 0.00,505,12.75,0.009,0,0,0
22-06-2019 1.00,506,12.48,0.009,0,0,0
22-06-2019 2.00,507,12.182,0.009,0,0,0
22-06-2019 3.00,508,11.915,0.009,6.432,20.979,27.611
22-06-2019 4.00,509,12.834,0.009,80.788,184.216,833.375
22-06-2019 5.00,510,15.218,0.01,213.419,393.809,1921.628
22-06-2019 6.00,511,18.912,0.01,369.923,602.977,2675.61
22-06-2019 7.00,512,19.612,0.01,527.998,797.461,2408.645
22-06-2019 8.00,513,19.945,0.01,664.387,964.036,2394.078
22-06-2019 9.00,514,21.385,0.01,772.41,1091.295,3403.032
22-06-2019 10.00,515,22.212,0.009,823.216,1170.641,3356.112
22-06-2019 11.00,516,23.02,0.009,823.178,1196.588,3537.423
22-06-2019 12.00,517,23.565,0.009,794.799,1167.432,3587.567
22-06-2019 13.00,518,23.662,0.009,725.255,1085.126,3371.775
22-06-2019 14.00,519,23.437,0.01,619.161,955.292,3112.534
22-06-2019 15.00,520,23.018,0.01,490,786.768,2821.676
22-06-2019 16.00,521,22.271,0.01,336.086,591.047,2035.232
22-06-2019 17.00,522,21.428,0.011,186.699,381.473,1129.68
22-06-2019 18.00,523,19.198,0.012,67.453,172.387,478.72
22-06-2019 19.00,524,17.984,0.01,5.909,23.22,0
22-06-2019 20.00,525,17.495,0.01,0.011,0.097,0
22-06-2019 21.00,526,17.256,0.01,0,0,0
22-06-2019 22.00,527,17.387,0.01,0,0,0
22-06-2019 23.00,528,17.13,0.01,0,0,0
23-06-2019 0.00,529,16.398,0.01,0,0,0
23-06-2019 1.00,530,15.479,0.009,0,0,0
23-06-2019 2.00,531,14.602,0.009,0,0,0
23-06-2019 3.00,532,13.931,0.009,6.138,20.975,38.059
23-06-2019 4.00,533,14.651,0.01,76.887,184.188,1106.469
23-06-2019 5.00,534,17.179,0.01,203.753,393.746,2140.635
23-06-2019 6.00,535,19.173,0.01,357.29,602.897,2624.305
23-06-2019 7.00,536,21.999,0.01,506.18,797.361,2999.304
23-06-2019 8.00,537,23.503,0.01,638.485,963.904,3435.327
23-06-2019 9.00,538,24.66,0.01,740.954,1091.149,3665.197
23-06-2019 10.00,539,25.67,0.01,791.805,1170.479,3719.731
23-06-2019 11.00,540,26.422,0.01,790.951,1196.447,3684.325
23-06-2019 12.00,541,26.857,0.01,772.396,1167.276,3637.527
23-06-2019 13.00,542,26.861,0.01,704.774,1084.973,3441.998
23-06-2019 14.00,543,26.703,0.011,591.902,955.141,3365.892
23-06-2019 15.00,544,26.372,0.011,451.323,786.638,2964.649
23-06-2019 16.00,545,27.738,0.011,302.388,590.937,1677.881
23-06-2019 17.00,546,24.645,0.012,165.818,381.365,948.658
23-06-2019 18.00,547,21.397,0.012,56.31,172.292,330.029
23-06-2019 19.00,548,19.38,0.011,4.318,23.184,0
23-06-2019 20.00,549,18.027,0.011,0.009,0.097,0
23-06-2019 21.00,550,17.074,0.011,0,0,0
23-06-2019 22.00,551,16.388,0.011,0,0,0
23-06-2019 23.00,552,15.937,0.011,0,0,0
24-06-2019 0.00,553,15.339,0.011,0,0,0
24-06-2019 1.00,554,14.622,0.011,0,0,0
24-06-2019 2.00,555,14.135,0.011,0,0,0
24-06-2019 3.00,556,13.902,0.011,5.013,20.917,8.73
24-06-2019 4.00,557,15.243,0.011,62.357,184.043,389.438
24-06-2019 5.00,558,17.503,0.011,171.011,393.594,1068.92
24-06-2019 6.00,559,19.293,0.012,297.075,602.721,1487.016
24-06-2019 7.00,560,20.872,0.012,409.015,797.174,1392.59
24-06-2019 8.00,561,21.847,0.012,523.146,963.695,1574.004
24-06-2019 9.00,562,23.355,0.012,635.18,1090.959,2417.661
24-06-2019 10.00,563,24.715,0.011,721.692,1170.255,2966.384
24-06-2019 11.00,564,25.55,0.011,752.75,1196.201,3022.253
24-06-2019 12.00,565,25.841,0.011,733.422,1167.044,2791.935
24-06-2019 13.00,566,25.56,0.012,661.289,1084.751,2200.904
24-06-2019 14.00,567,25.018,0.012,564.042,954.929,1702.862
24-06-2019 15.00,568,24.797,0.012,443.693,786.421,2017.271
24-06-2019 16.00,569,24.471,0.012,307.092,590.72,2124.803
24-06-2019 17.00,570,23.417,0.013,171.196,381.155,1444.084
24-06-2019 18.00,571,20.818,0.013,59.664,172.078,487.207
24-06-2019 19.00,572,18.677,0.012,6.001,23.1,0
24-06-2019 20.00,573,17.895,0.012,0.019,0.095,0
24-06-2019 21.00,574,17.503,0.012,0,0,0
24-06-2019 22.00,575,17.687,0.012,0,0,0
24-06-2019 23.00,576,17.64,0.012,0,0,0
25-06-2019 0.00,577,17.555,0.012,0,0,0
25-06-2019 1.00,578,17.366,0.012,0,0,0
25-06-2019 2.00,579,17.322,0.011,0,0,0
25-06-2019 3.00,580,17.622,0.011,3.164,20.805,0
25-06-2019 4.00,581,18.586,0.011,39.63,183.782,124.117
25-06-2019 5.00,582,19.447,0.012,117.452,393.332,516.569
25-06-2019 6.00,583,20.858,0.012,228.733,602.456,1313.83
25-06-2019 7.00,584,22.814,0.012,348.232,796.906,1906.153
25-06-2019 8.00,585,24.28,0.012,456.987,963.43,2437.886
25-06-2019 9.00,586,25.01,0.012,534.087,1090.693,2842.038
25-06-2019 10.00,587,25.278,0.012,561.902,1170.002,2557.786
25-06-2019 11.00,588,25.241,0.012,569.368,1195.963,2118.559
25-06-2019 12.00,589,25.348,0.012,533.49,1166.794,1896.4
25-06-2019 13.00,590,25.618,0.012,479.347,1084.491,1935.911
25-06-2019 14.00,591,25.711,0.012,413.281,954.641,1907.627
25-06-2019 15.00,592,25.462,0.012,326.702,786.134,1874.82
25-06-2019 16.00,593,24.381,0.013,222.605,590.424,1291.147
25-06-2019 17.00,594,22.467,0.013,119.39,380.831,341.095
25-06-2019 18.00,595,21.027,0.013,41.137,171.755,43.066
25-06-2019 19.00,596,20.035,0.013,5.064,22.965,0
25-06-2019 20.00,597,19.443,0.013,0.019,0.092,0
25-06-2019 21.00,598,19.106,0.013,0,0,0
25-06-2019 22.00,599,18.739,0.013,0,0,0
25-06-2019 23.00,600,18.085,0.012,0,0,0
26-06-2019 0.00,601,17.965,0.012,0,0,0
26-06-2019 1.00,602,17.885,0.012,0,0,0
26-06-2019 2.00,603,17.787,0.012,0,0,0
26-06-2019 3.00,604,17.69,0.012,2.889,20.638,0
26-06-2019 4.00,605,17.686,0.012,40.032,183.406,64.331
26-06-2019 5.00,606,17.772,0.012,116.649,392.971,291.806
26-06-2019 6.00,607,17.613,0.012,216.122,602.089,294.408
26-06-2019 7.00,608,17.731,0.012,326.227,796.563,520
26-06-2019 8.00,609,18.717,0.012,441.184,963.095,1339.227
26-06-2019 9.00,610,20.241,0.012,536.684,1090.36,1659.849
26-06-2019 10.00,611,20.577,0.012,591.969,1169.685,1230.096
26-06-2019 11.00,612,21.441,0.012,598.049,1195.637,1679.428
26-06-2019 12.00,613,22.672,0.012,542.188,1166.459,1953.995
26-06-2019 13.00,614,23.227,0.012,459.713,1084.134,1623.334
26-06-2019 14.00,615,23.182,0.012,366.87,954.299,1168.249
26-06-2019 15.00,616,22.97,0.012,259.322,785.764,872.487
26-06-2019 16.00,617,22.495,0.013,162.092,590.02,565.426
26-06-2019 17.00,618,21.483,0.013,86.482,380.418,235.111
26-06-2019 18.00,619,19.898,0.013,32.187,171.311,40.585
26-06-2019 19.00,620,18.953,0.012,4.382,22.784,0
26-06-2019 20.00,621,18.328,0.012,0.017,0.088,0
26-06-2019 21.00,622,17.155,0.011,0,0,0
26-06-2019 22.00,623,15.771,0.011,0,0,0
26-06-2019 23.00,624,14.574,0.011,0,0,0
27-06-2019 0.00,625,13.629,0.011,0,0,0
27-06-2019 1.00,626,12.88,0.01,0,0,0
27-06-2019 2.00,627,12.331,0.01,0,0,0
27-06-2019 3.00,628,11.858,0.01,2.65,20.42,0
27-06-2019 4.00,629,11.536,0.01,37.012,182.912,39.728
27-06-2019 5.00,630,11.542,0.01,107.262,392.489,208.447
27-06-2019 6.00,631,11.899,0.01,202.157,601.649,514.271
27-06-2019 7.00,632,12.828,0.01,303.528,796.141,981.608
27-06-2019 8.00,633,14.284,0.01,393.851,962.694,1515.655
27-06-2019 9.00,634,15.96,0.01,464.864,1089.978,2197.121
27-06-2019 10.00,635,17.352,0.01,514.628,1169.283,2551.306
27-06-2019 11.00,636,18.25,0.01,528.624,1195.245,2591.411
27-06-2019 12.00,637,18.272,0.01,495.174,1166.068,2163.128
27-06-2019 13.00,638,17.499,0.01,435.116,1083.741,1561.748
27-06-2019 14.00,639,16.341,0.01,358.182,953.871,1183.243
27-06-2019 15.00,640,15.079,0.01,273.874,785.304,910.454
27-06-2019 16.00,641,13.786,0.01,187.527,589.536,515.511
27-06-2019 17.00,642,12.647,0.011,101.846,379.898,144.311
27-06-2019 18.00,643,11.962,0.011,36.753,170.758,31.513
27-06-2019 19.00,644,11.53,0.01,3.732,22.555,0
27-06-2019 20.00,645,11.353,0.01,0.007,0.084,0
27-06-2019 21.00,646,11.229,0.01,0,0,0
27-06-2019 22.00,647,11.09,0.01,0,0,0
27-06-2019 23.00,648,10.971,0.01,0,0,0
28-06-2019 0.00,649,10.903,0.009,0,0,0
28-06-2019 1.00,650,10.816,0.009,0,0,0
28-06-2019 2.00,651,10.741,0.009,0,0,0
28-06-2019 3.00,652,10.669,0.009,3.818,20.149,0
28-06-2019 4.00,653,10.862,0.009,44.936,182.303,78.802
28-06-2019 5.00,654,11.19,0.009,115.512,391.92,176.452
28-06-2019 6.00,655,11.579,0.01,206.104,601.116,337.55
28-06-2019 7.00,656,12.165,0.01,288.264,795.64,584.076
28-06-2019 8.00,657,13.196,0.01,355.008,962.235,1152.216
28-06-2019 9.00,658,14.415,0.01,415.818,1089.529,1610.913
28-06-2019 10.00,659,15.286,0.01,444.022,1168.846,1609.76
28-06-2019 11.00,660,15.434,0.01,427.119,1194.807,1095.432
28-06-2019 12.00,661,15.283,0.01,387.48,1165.621,779.536
28-06-2019 13.00,662,15.01,0.01,329.804,1083.285,593.206
28-06-2019 14.00,663,14.66,0.01,261.012,953.386,460.614
28-06-2019 15.00,664,14.243,0.011,192.001,784.778,374.087
28-06-2019 16.00,665,13.7,0.011,131.455,588.956,239.76
28-06-2019 17.00,666,13.158,0.011,77.75,379.271,96.655
28-06-2019 18.00,667,12.707,0.011,33.032,170.084,9.987
28-06-2019 19.00,668,12.347,0.01,5.416,22.281,0
28-06-2019 20.00,669,12.054,0.01,0.014,0.078,0
28-06-2019 21.00,670,11.781,0.01,0,0,0
28-06-2019 22.00,671,11.525,0.01,0,0,0
28-06-2019 23.00,672,11.278,0.01,0,0,0
29-06-2019 0.00,673,11.028,0.009,0,0,0
29-06-2019 1.00,674,10.794,0.009,0,0,0
29-06-2019 2.00,675,10.579,0.009,0,0,0
29-06-2019 3.00,676,10.322,0.009,2.276,19.829,0
29-06-2019 4.00,677,10.332,0.009,35.982,181.578,101.264
29-06-2019 5.00,678,10.745,0.009,108.433,391.246,352.299
29-06-2019 6.00,679,11.473,0.01,207.963,600.501,669.087
29-06-2019 7.00,680,12.368,0.01,324.174,795.058,988.056
29-06-2019 8.00,681,13.541,0.01,437.982,961.693,1335.175
29-06-2019 9.00,682,14.768,0.01,532.613,1089.024,1527.957
29-06-2019 10.00,683,15.83,0.01,586.804,1168.355,1636.396
29-06-2019 11.00,684,16.738,0.01,600.426,1194.331,1690.221
29-06-2019 12.00,685,17.604,0.01,572.449,1165.146,1888.13
29-06-2019 13.00,686,17.904,0.01,512.186,1082.763,1536.104
29-06-2019 14.00,687,17.647,0.01,423.496,952.829,1048.451
29-06-2019 15.00,688,17.268,0.01,319.827,784.173,785.629
29-06-2019 16.00,689,16.724,0.01,217.846,588.291,548.844
29-06-2019 17.00,690,15.674,0.011,123.019,378.539,317.613
29-06-2019 18.00,691,14.543,0.011,46.071,169.296,108.052
29-06-2019 19.00,692,13.584,0.01,5.487,21.962,0
29-06-2019 20.00,693,13.043,0.01,0.015,0.073,0
29-06-2019 21.00,694,12.59,0.01,0,0,0
29-06-2019 22.00,695,12.218,0.01,0,0,0
29-06-2019 23.00,696,11.853,0.01,0,0,0
30-06-2019 0.00,697,11.56,0.01,0,0,0
30-06-2019 1.00,698,11.358,0.01,0,0,0
30-06-2019 2.00,699,11.189,0.01,0,0,0
30-06-2019 3.00,700,11.033,0.009,3.002,19.46,0
30-06-2019 4.00,701,11.116,0.01,39.506,180.741,66.151
30-06-2019 5.00,702,11.496,0.01,110.909,390.465,199.097
30-06-2019 6.00,703,12.162,0.01,203.37,599.779,419.348
30-06-2019 7.00,704,12.99,0.01,299.588,794.411,704.174
30-06-2019 8.00,705,13.774,0.01,384.435,961.095,898.597
30-06-2019 9.00,706,14.491,0.01,454.768,1088.452,1054.173
30-06-2019 10.00,707,15.133,0.01,499.456,1167.815,1217.62
30-06-2019 11.00,708,15.651,0.01,511.522,1193.802,1276.74
30-06-2019 12.00,709,16.065,0.01,492.16,1164.581,1240.859
30-06-2019 13.00,710,16.287,0.01,445.905,1082.189,1088.669
30-06-2019 14.00,711,16.277,0.01,381.846,952.191,859.695
30-06-2019 15.00,712,16.031,0.01,300.141,783.489,589.92
30-06-2019 16.00,713,15.616,0.011,207.103,587.53,347.597
30-06-2019 17.00,714,15.082,0.011,117.273,377.706,162.846
30-06-2019 18.00,715,14.138,0.011,43.79,168.398,34.153
30-06-2019 19.00,716,13.363,0.011,4.534,21.599,0
30-06-2019 20.00,717,13.204,0.01,0.005,0.066,0
30-06-2019 21.00,718,12.938,0.01,0,0,0
30-06-2019 22.00,719,12.738,0.01,0,0,0
30-06-2019 23.00,720,12.58,0.01,0,0,0
01-07-2019 0.00,721,12.445,0.01,0,0,0
01-07-2019 1.00,722,12.251,0.01,0,0,0
01-07-2019 2.00,723,12.084,0.01,0,0,0
01-07-2019 3.00,724,11.942,0.01,2.755,19.045,0
01-07-2019 4.00,725,12.086,0.01,44.308,179.786,62.397
01-07-2019 5.00,726,12.492,0.01,126.878,389.579,268.891
01-07-2019 6.00,727,13.159,0.01,233.544,598.967,603.667
01-07-2019 7.00,728,13.832,0.011,345.719,793.67,916.119
01-07-2019 8.00,729,14.618,0.011,451.992,960.403,1184.595
01-07-2019 9.00,730,15.517,0.01,540.769,1087.836,1394.681
01-07-2019 10.00,731,16.273,0.01,586.936,1167.218,1518.56
01-07-2019 11.00,732,16.876,0.01,589.417,1193.222,1594.777
01-07-2019 12.00,733,17.242,0.01,555.432,1163.977,1443.952
01-07-2019 13.00,734,17.435,0.01,494.075,1081.542,1265.613
01-07-2019 14.00,735,17.563,0.011,420.009,951.504,1135.336
01-07-2019 15.00,736,17.486,0.011,325.281,782.724,942.279
01-07-2019 16.00,737,17.142,0.011,220.537,586.697,647.855
01-07-2019 17.00,738,16.7,0.011,128.241,376.768,328.517
01-07-2019 18.00,739,15.562,0.012,49.948,167.382,111.952
01-07-2019 19.00,740,14.706,0.011,5.257,21.195,0
01-07-2019 20.00,741,14.577,0.011,0.01,0.06,0
01-07-2019 21.00,742,14.575,0.01,0,0,0
01-07-2019 22.00,743,14.439,0.01,0,0,0
01-07-2019 23.00,744,13.928,0.01,0,0,0
02-07-2019 0.00,745,12.986,0.01,0,0,0
02-07-2019 1.00,746,12.055,0.01,0,0,0
02-07-2019 2.00,747,11.386,0.01,0,0,0
02-07-2019 3.00,748,11.047,0.01,4.188,18.585,6.22
02-07-2019 4.00,749,12.641,0.01,57.033,178.721,410.731
02-07-2019 5.00,750,14.567,0.01,160.328,388.605,1089.164
02-07-2019 6.00,751,16.561,0.011,292.287,598.085,2517.226
02-07-2019 7.00,752,19.03,0.011,417.928,792.86,3125.465
02-07-2019 8.00,753,21.334,0.011,533.128,959.651,3320.461
02-07-2019 9.00,754,22.571,0.011,610.378,1087.14,3176.545
02-07-2019 10.00,755,22.966,0.011,646.75,1166.559,2967.877
02-07-2019 11.00,756,23.051,0.011,637.912,1192.565,2800.127
02-07-2019 12.00,757,22.448,0.011,604.192,1163.319,2036.978
02-07-2019 13.00,758,22.259,0.011,543.031,1080.825,1596.692
02-07-2019 14.00,759,21.776,0.011,447.785,950.732,1041.008
02-07-2019 15.00,760,20.566,0.011,338.762,781.864,587.066
02-07-2019 16.00,761,19.257,0.012,225.27,585.745,205.711
02-07-2019 17.00,762,18.285,0.012,127.902,375.731,72.756
02-07-2019 18.00,763,17.476,0.012,47.716,166.255,22.707
02-07-2019 19.00,764,16.362,0.011,5.175,20.751,0
02-07-2019 20.00,765,15.431,0.011,0.008,0.053,0
02-07-2019 21.00,766,14.784,0.011,0,0,0
02-07-2019 22.00,767,14.328,0.011,0,0,0
02-07-2019 23.00,768,13.997,0.01,0,0,0
03-07-2019 0.00,769,13.674,0.01,0,0,0
03-07-2019 1.00,770,13.385,0.01,0,0,0
03-07-2019 2.00,771,13.289,0.01,0,0,0
03-07-2019 3.00,772,13.199,0.01,4.077,18.084,0
03-07-2019 4.00,773,13.823,0.01,60.158,177.536,236.164
03-07-2019 5.00,774,14.565,0.011,165.764,387.518,382.699
03-07-2019 6.00,775,15.125,0.011,292.594,597.089,360.122
03-07-2019 7.00,776,16.894,0.011,410.565,791.961,575.652
03-07-2019 8.00,777,19.692,0.011,526.609,958.853,979.103
03-07-2019 9.00,778,23.571,0.011,619.017,1086.368,1613.979
03-07-2019 10.00,779,23.143,0.011,655.802,1165.869,1795.715
03-07-2019 11.00,780,23.802,0.011,652.574,1191.847,1940.298
03-07-2019 12.00,781,23.895,0.011,600.317,1162.596,1722.092
03-07-2019 13.00,782,23.828,0.01,528.238,1080.091,1484.54
03-07-2019 14.00,783,23.289,0.011,445.817,949.895,1256.017
03-07-2019 15.00,784,22.441,0.011,341.986,780.942,775.227
03-07-2019 16.00,785,20.507,0.011,229.99,584.722,502.228
03-07-2019 17.00,786,18.619,0.011,127.284,374.588,257.556
03-07-2019 18.00,787,16.816,0.012,50.341,165.018,111.611
03-07-2019 19.00,788,15.417,0.011,5.03,20.27,0
03-07-2019 20.00,789,14.583,0.01,0.003,0.046,0
03-07-2019 21.00,790,14.096,0.01,0,0,0
03-07-2019 22.00,791,13.87,0.01,0,0,0
03-07-2019 23.00,792,13.63,0.01,0,0,0
04-07-2019 0.00,793,13.217,0.01,0,0,0
04-07-2019 1.00,794,12.654,0.01,0,0,0
04-07-2019 2.00,795,11.978,0.01,0,0,0
04-07-2019 3.00,796,11.355,0.01,3.306,17.543,6.494
04-07-2019 4.00,797,11.916,0.01,57.304,176.24,634.722
04-07-2019 5.00,798,14.036,0.01,165.763,386.333,1592.533
04-07-2019 6.00,799,15.679,0.011,297.672,596.012,2440.589
04-07-2019 7.00,800,19.468,0.011,437.522,790.976,3016.146
04-07-2019 8.00,801,20.693,0.011,552.898,957.968,2757.448
04-07-2019 9.00,802,21.464,0.011,646.169,1085.562,3076.256
04-07-2019 10.00,803,22.249,0.011,698.567,1165.069,3145.854
04-07-2019 11.00,804,22.656,0.011,707.342,1191.088,3095.16
04-07-2019 12.00,805,23.05,0.011,691.528,1161.796,3199.74
04-07-2019 13.00,806,22.967,0.011,636.146,1079.212,2813.807
04-07-2019 14.00,807,22.652,0.011,541.68,949.001,2498.703
04-07-2019 15.00,808,22.135,0.011,421.538,779.943,2245.443
04-07-2019 16.00,809,21.488,0.011,285.77,583.596,1464.435
04-07-2019 17.00,810,21.271,0.011,157.882,373.345,821.635
04-07-2019 18.00,811,18.602,0.012,54.222,163.671,295.576
04-07-2019 19.00,812,16.108,0.011,4.293,19.752,0
04-07-2019 20.00,813,14.792,0.011,0.009,0.039,0
04-07-2019 21.00,814,14.115,0.01,0,0,0
04-07-2019 22.00,815,13.782,0.01,0,0,0
04-07-2019 23.00,816,13.79,0.01,0,0,0
05-07-2019 0.00,817,13.507,0.01,0,0,0
05-07-2019 1.00,818,13.205,0.01,0,0,0
05-07-2019 2.00,819,13.051,0.01,0,0,0
05-07-2019 3.00,820,13.204,0.01,4.09,16.967,0
05-07-2019 4.00,821,13.77,0.01,54.901,174.834,36.302
05-07-2019 5.00,822,14.433,0.01,152.751,385.045,94.601
05-07-2019 6.00,823,15.016,0.011,269.42,594.861,244.73
05-07-2019 7.00,824,15.749,0.011,381.986,789.933,669.722
05-07-2019 8.00,825,17.519,0.011,481.572,957.024,1640.81
05-07-2019 9.00,826,19.641,0.011,559.868,1084.695,2819.131
05-07-2019 10.00,827,21.571,0.011,607.161,1164.248,3320.812
05-07-2019 11.00,828,22.698,0.012,607.975,1190.268,3294.256
05-07-2019 12.00,829,22.986,0.012,558.426,1160.983,2889.448
05-07-2019 13.00,830,22.477,0.012,478.768,1078.355,1891.051
05-07-2019 14.00,831,21.913,0.012,388.903,948.027,1392.199
05-07-2019 15.00,832,21.703,0.012,287.951,778.857,1446.91
05-07-2019 16.00,833,20.81,0.012,187.025,582.394,573.332
05-07-2019 17.00,834,19.747,0.013,99.966,372.002,135.979
05-07-2019 18.00,835,18.971,0.013,35.194,162.211,9.707
05-07-2019 19.00,836,18.37,0.012,3.977,19.203,0
05-07-2019 20.00,837,18.378,0.012,0.006,0.033,0
05-07-2019 21.00,838,18.023,0.012,0,0,0
05-07-2019 22.00,839,17.728,0.011,0,0,0
05-07-2019 23.00,840,17.584,0.011,0,0,0
06-07-2019 0.00,841,17.335,0.011,0,0,0
06-07-2019 1.00,842,16.929,0.011,0,0,0
06-07-2019 2.00,843,16.81,0.011,0,0,0
06-07-2019 3.00,844,16.766,0.011,3.223,16.356,0
06-07-2019 4.00,845,16.862,0.011,43.012,173.31,32.948
06-07-2019 5.00,846,17.1,0.011,121.231,383.651,140.559
06-07-2019 6.00,847,17.711,0.012,224.633,593.599,421.778
06-07-2019 7.00,848,18.923,0.012,337.766,788.808,1221.24
06-07-2019 8.00,849,20.487,0.012,453.712,956.004,2172.704
06-07-2019 9.00,850,22.792,0.013,563.184,1083.761,2951.49
06-07-2019 10.00,851,24.998,0.013,634.603,1163.393,3160.656
06-07-2019 11.00,852,26.06,0.013,659.847,1189.396,3237.135
06-07-2019 12.00,853,26.483,0.013,636.507,1160.095,3137.643
06-07-2019 13.00,854,26.427,0.013,580.9,1077.412,2745.202
06-07-2019 14.00,855,26.188,0.013,499.16,946.979,2383.049
06-07-2019 15.00,856,25.779,0.014,385.835,777.704,1849.071
06-07-2019 16.00,857,25.333,0.014,263.926,581.104,1124.241
06-07-2019 17.00,858,23.985,0.014,146.476,370.548,458.833
06-07-2019 18.00,859,22.819,0.014,50.582,160.645,142.314
06-07-2019 19.00,860,21.791,0.013,4.447,18.623,0
06-07-2019 20.00,861,20.077,0.013,0.004,0.027,0
06-07-2019 21.00,862,18.279,0.013,0,0,0
06-07-2019 22.00,863,17.157,0.012,0,0,0
06-07-2019 23.00,864,16.631,0.012,0,0,0
07-07-2019 0.00,865,16.267,0.012,0,0,0
07-07-2019 1.00,866,16.154,0.012,0,0,0
07-07-2019 2.00,867,16.096,0.012,0,0,0
07-07-2019 3.00,868,16.048,0.012,3.712,15.717,2.786
07-07-2019 4.00,869,17.534,0.012,63.56,171.677,502.66
07-07-2019 5.00,870,19.401,0.012,188.738,382.171,1321.478
07-07-2019 6.00,871,21.512,0.013,343.968,592.249,2281.661
07-07-2019 7.00,872,23.637,0.013,498.023,787.616,2959.452
07-07-2019 8.00,873,25.433,0.013,631.391,954.92,3241.653
07-07-2019 9.00,874,26.905,0.014,738.592,1082.764,3429.566
07-07-2019 10.00,875,28.043,0.014,806.403,1162.419,3480.978
07-07-2019 11.00,876,28.659,0.014,827.375,1188.501,3422.741
07-07-2019 12.00,877,28.741,0.014,790.776,1159.15,3240.053
07-07-2019 13.00,878,28.33,0.014,705.129,1076.4,2723.308
07-07-2019 14.00,879,27.776,0.014,585.355,945.866,2061.279
07-07-2019 15.00,880,28.12,0.014,443.849,776.462,1249.773
07-07-2019 16.00,881,27.489,0.014,293.573,579.708,719.507
07-07-2019 17.00,882,25.868,0.015,157.455,369.002,332.191
07-07-2019 18.00,883,23.877,0.015,53.538,158.97,115.329
07-07-2019 19.00,884,22.624,0.014,4.919,18.014,0
07-07-2019 20.00,885,21.931,0.013,0.004,0.021,0
07-07-2019 21.00,886,21.468,0.013,0,0,0
07-07-2019 22.00,887,21.09,0.013,0,0,0
07-07-2019 23.00,888,20.654,0.013,0,0,0
08-07-2019 0.00,889,20.117,0.012,0,0,0
08-07-2019 1.00,890,19.656,0.012,0,0,0
08-07-2019 2.00,891,19.387,0.012,0,0,0
08-07-2019 3.00,892,19.236,0.012,3.783,15.051,0
08-07-2019 4.00,893,19.472,0.012,59.607,169.933,75.092
08-07-2019 5.00,894,20.307,0.013,171.538,380.575,260.048
08-07-2019 6.00,895,21.125,0.013,311.343,590.824,511.638
08-07-2019 7.00,896,21.707,0.013,449.745,786.323,585.751
08-07-2019 8.00,897,23.273,0.013,565.547,953.753,695.366
08-07-2019 9.00,898,25.227,0.014,647.088,1081.691,923.8
08-07-2019 10.00,899,27.729,0.014,689.033,1161.429,1675.916
08-07-2019 11.00,900,29.317,0.014,695.463,1187.508,2525.811
08-07-2019 12.00,901,27.799,0.014,655.226,1158.133,2242.822
08-07-2019 13.00,902,27.224,0.014,582.122,1075.304,2064.481
08-07-2019 14.00,903,26.71,0.014,486.538,944.692,2298.879
08-07-2019 15.00,904,26.767,0.014,365.914,775.145,2223.691
08-07-2019 16.00,905,26.259,0.015,245.202,578.221,1797.567
08-07-2019 17.00,906,25.597,0.016,138.182,367.357,948.062
08-07-2019 18.00,907,23.328,0.016,47.115,157.19,243.172
08-07-2019 19.00,908,22.017,0.015,3.646,17.381,0
08-07-2019 20.00,909,21.383,0.014,0.002,0.016,0
08-07-2019 21.00,910,20.734,0.014,0,0,0
08-07-2019 22.00,911,19.995,0.014,0,0,0
08-07-2019 23.00,912,19.329,0.014,0,0,0
09-07-2019 0.00,913,18.829,0.014,0,0,0
09-07-2019 1.00,914,18.496,0.013,0,0,0
09-07-2019 2.00,915,18.153,0.013,0,0,0
09-07-2019 3.00,916,17.675,0.013,3.114,14.363,0.254
09-07-2019 4.00,917,18.345,0.013,55.295,168.077,448.38
09-07-2019 5.00,918,20.694,0.014,163.706,378.889,1281.696
09-07-2019 6.00,919,22.649,0.014,303.598,589.319,2070.89
09-07-2019 7.00,920,24.828,0.014,428.577,784.958,2282.946
09-07-2019 8.00,921,26.145,0.014,519.168,952.527,2455.706
09-07-2019 9.00,922,27.113,0.014,580.921,1080.567,2649.153
09-07-2019 10.00,923,27.667,0.014,613.187,1160.359,2687.155
09-07-2019 11.00,924,27.733,0.014,612.972,1186.447,2503.562
09-07-2019 12.00,925,27.488,0.015,575.247,1157.06,2139.785
09-07-2019 13.00,926,27.08,0.015,497.133,1074.169,1686.15
09-07-2019 14.00,927,26.313,0.015,403.739,943.434,1017.011
09-07-2019 15.00,928,25.506,0.015,301.096,773.748,618.13
09-07-2019 16.00,929,24.413,0.015,201.165,576.658,332.7
09-07-2019 17.00,930,23.025,0.016,110.474,365.605,127.962
09-07-2019 18.00,931,21.655,0.016,37.639,155.305,17.298
09-07-2019 19.00,932,20.776,0.015,3.521,16.726,0
09-07-2019 20.00,933,20.38,0.014,0.001,0.012,0
09-07-2019 21.00,934,20,0.014,0,0,0
09-07-2019 22.00,935,19.647,0.014,0,0,0
09-07-2019 23.00,936,19.401,0.014,0,0,0
10-07-2019 0.00,937,19.099,0.014,0,0,0
10-07-2019 1.00,938,18.767,0.013,0,0,0
10-07-2019 2.00,939,18.417,0.013,0,0,0
10-07-2019 3.00,940,18.106,0.013,2.855,13.655,0
10-07-2019 4.00,941,18.547,0.013,49.109,166.111,230.599
10-07-2019 5.00,942,19.407,0.013,141.556,377.1,743.34
10-07-2019 6.00,943,20.805,0.013,260.943,587.697,1499.426
10-07-2019 7.00,944,22.846,0.013,391.687,783.527,2232.969
10-07-2019 8.00,945,24.916,0.013,506.825,951.245,2868.186
10-07-2019 9.00,946,26.286,0.013,593.546,1079.378,3100.917
10-07-2019 10.00,947,26.907,0.013,653.474,1159.253,2981.958
10-07-2019 11.00,948,27.094,0.013,676.675,1185.376,2823.454
10-07-2019 12.00,949,26.975,0.013,651.573,1155.942,2524.589
10-07-2019 13.00,950,26.926,0.013,594.49,1072.979,2513.299
10-07-2019 14.00,951,26.635,0.013,504.417,942.122,2360.236
10-07-2019 15.00,952,26.127,0.013,398.142,772.282,2327.008
10-07-2019 16.00,953,25.322,0.014,270.859,575.003,2096.631
10-07-2019 17.00,954,24.134,0.014,147.98,363.757,1428.619
10-07-2019 18.00,955,21.757,0.014,47.966,153.316,487.688
10-07-2019 19.00,956,19.296,0.013,3.673,16.051,0
10-07-2019 20.00,957,18.455,0.013,0.001,0.008,0
10-07-2019 21.00,958,17.678,0.012,0,0,0
10-07-2019 22.00,959,16.675,0.012,0,0,0
10-07-2019 23.00,960,15.72,0.012,0,0,0
11-07-2019 0.00,961,15.032,0.012,0,0,0
11-07-2019 1.00,962,14.659,0.011,0,0,0
11-07-2019 2.00,963,14.167,0.011,0,0,0
11-07-2019 3.00,964,13.92,0.011,2.958,12.933,0
11-07-2019 4.00,965,14.611,0.011,47.206,164.035,132.865
11-07-2019 5.00,966,15.804,0.011,132.903,375.214,328.546
11-07-2019 6.00,967,16.935,0.011,241.481,585.997,736.247
11-07-2019 7.00,968,18.882,0.012,359.786,782.005,1668.751
11-07-2019 8.00,969,20.588,0.012,468.255,949.875,1933.108
11-07-2019 9.00,970,21.296,0.011,552.244,1078.145,1937.011
11-07-2019 10.00,971,21.486,0.011,608.899,1158.066,1996.339
11-07-2019 11.00,972,21.37,0.011,627.93,1184.203,2010.487
11-07-2019 12.00,973,21.189,0.011,607.767,1154.731,1951.427
11-07-2019 13.00,974,21.12,0.011,551.012,1071.711,1932.192
11-07-2019 14.00,975,21.016,0.012,465.93,940.728,1870.999
11-07-2019 15.00,976,20.761,0.012,362.714,770.717,1783.059
11-07-2019 16.00,977,20.371,0.012,246.205,573.254,1680.054
11-07-2019 17.00,978,19.661,0.012,134.831,361.807,1254.445
11-07-2019 18.00,979,17.605,0.013,46.291,151.225,443.06
11-07-2019 19.00,980,15.498,0.012,3.951,15.361,0
11-07-2019 20.00,981,14.823,0.012,0.001,0.006,0
11-07-2019 21.00,982,14.343,0.011,0,0,0
11-07-2019 22.00,983,14.03,0.011,0,0,0
11-07-2019 23.00,984,13.807,0.011,0,0,0
12-07-2019 0.00,985,13.613,0.011,0,0,0
12-07-2019 1.00,986,13.33,0.011,0,0,0
12-07-2019 2.00,987,13.103,0.011,0,0,0
12-07-2019 3.00,988,12.908,0.011,2.672,12.2,1.029
12-07-2019 4.00,989,14.151,0.011,47.221,161.853,624.039
12-07-2019 5.00,990,16.675,0.012,136.751,373.227,1749.888
12-07-2019 6.00,991,19.03,0.012,259.086,584.208,2633.559
12-07-2019 7.00,992,21.195,0.012,391.191,780.408,3139.63
12-07-2019 8.00,993,22.385,0.012,509.402,948.425,3432.299
12-07-2019 9.00,994,23.327,0.012,594.633,1076.831,3528.23
12-07-2019 10.00,995,23.99,0.012,648.9,1156.838,3463.832
12-07-2019 11.00,996,24.316,0.012,660.838,1182.978,3227.882
12-07-2019 12.00,997,24.724,0.012,639.972,1153.52,3317.785
12-07-2019 13.00,998,24.71,0.012,575.182,1070.392,2949.702
12-07-2019 14.00,999,24.46,0.012,474.495,939.264,2613.117
12-07-2019 15.00,1000,23.758,0.012,353.396,769.093,1802.362
12-07-2019 16.00,1001,23.185,0.013,230.254,571.427,1144.805
12-07-2019 17.00,1002,21.954,0.013,124.361,359.756,804.72
12-07-2019 18.00,1003,19.782,0.014,42.916,149.038,298.465
12-07-2019 19.00,1004,17.835,0.013,3.44,14.658,0
12-07-2019 20.00,1005,17.213,0.012,0,0.003,0
12-07-2019 21.00,1006,16.436,0.012,0,0,0
12-07-2019 22.00,1007,16.01,0.012,0,0,0
12-07-2019 23.00,1008,15.803,0.012,0,0,0
13-07-2019 0.00,1009,15.64,0.012,0,0,0
13-07-2019 1.00,1010,15.448,0.012,0,0,0
13-07-2019 2.00,1011,15.176,0.012,0,0,0
13-07-2019 3.00,1012,14.88,0.012,2.307,11.459,0
13-07-2019 4.00,1013,15.458,0.012,46.127,159.565,98.643
13-07-2019 5.00,1014,16.761,0.012,137.221,371.144,324.756
13-07-2019 6.00,1015,17.826,0.013,260.279,582.331,643.898
13-07-2019 7.00,1016,19.301,0.012,389.689,778.734,964.54
13-07-2019 8.00,1017,20.362,0.012,509.763,946.926,1157.136
13-07-2019 9.00,1018,21.017,0.012,602.823,1075.452,1334.764
13-07-2019 10.00,1019,21.577,0.012,651.38,1155.546,1550.658
13-07-2019 11.00,1020,22.037,0.012,654.822,1181.721,1718.675
13-07-2019 12.00,1021,22.265,0.012,617.764,1152.22,1669.194
13-07-2019 13.00,1022,22.138,0.012,544.359,1069.003,1367.068
13-07-2019 14.00,1023,21.724,0.012,448.746,937.729,993.809
13-07-2019 15.00,1024,21.16,0.013,339.451,767.377,638.807
13-07-2019 16.00,1025,20.431,0.013,226.215,569.512,360.763
13-07-2019 17.00,1026,19.197,0.013,124.772,357.611,160.72
13-07-2019 18.00,1027,17.816,0.014,42.516,146.749,31.831
13-07-2019 19.00,1028,16.982,0.013,3.457,13.946,0
13-07-2019 20.00,1029,16.75,0.013,0,0.002,0
13-07-2019 21.00,1030,16.477,0.012,0,0,0
13-07-2019 22.00,1031,16.227,0.012,0,0,0
13-07-2019 23.00,1032,16.024,0.012,0,0,0
14-07-2019 0.00,1033,15.865,0.012,0,0,0
14-07-2019 1.00,1034,15.719,0.012,0,0,0
14-07-2019 2.00,1035,15.6,0.012,0,0,0
14-07-2019 3.00,1036,15.545,0.012,1.84,10.716,0
14-07-2019 4.00,1037,16.212,0.012,42.022,157.168,145.663
14-07-2019 5.00,1038,17.348,0.012,127.6,368.961,498.536
14-07-2019 6.00,1039,18.616,0.012,243.629,580.38,1054.174
14-07-2019 7.00,1040,19.942,0.013,368.819,776.99,1564.592
14-07-2019 8.00,1041,20.984,0.013,481.774,945.357,2039.425
14-07-2019 9.00,1042,21.707,0.013,570.246,1074.007,2412.72
14-07-2019 10.00,1043,22.472,0.013,629.025,1154.171,2824.517
14-07-2019 11.00,1044,23.105,0.013,644.474,1180.397,3074.85
14-07-2019 12.00,1045,23.359,0.013,604.868,1150.84,3005.265
14-07-2019 13.00,1046,23.267,0.013,530.112,1067.54,2819.439
14-07-2019 14.00,1047,22.699,0.013,428.327,936.123,2148.211
14-07-2019 15.00,1048,21.866,0.013,318.253,765.591,1404.905
14-07-2019 16.00,1049,20.93,0.013,210.22,567.499,836.416
14-07-2019 17.00,1050,19.978,0.014,112.307,355.365,465.351
14-07-2019 18.00,1051,18.706,0.014,37.216,144.364,114.624
14-07-2019 19.00,1052,17.697,0.013,2.576,13.227,0
14-07-2019 20.00,1053,17.582,0.013,0,0.001,0
14-07-2019 21.00,1054,17.349,0.013,0,0,0
14-07-2019 22.00,1055,17.072,0.013,0,0,0
14-07-2019 23.00,1056,16.733,0.013,0,0,0
15-07-2019 0.00,1057,16.427,0.012,0,0,0
15-07-2019 1.00,1058,16.196,0.012,0,0,0
15-07-2019 2.00,1059,15.995,0.012,0,0,0
15-07-2019 3.00,1060,15.837,0.012,1.919,9.973,0
15-07-2019 4.00,1061,16.395,0.012,47.809,154.667,317.825
15-07-2019 5.00,1062,17.374,0.013,153.677,366.683,1038.387
15-07-2019 6.00,1063,18.83,0.013,293.316,578.328,2230.241
15-07-2019 7.00,1064,20.625,0.013,436.428,775.152,2819.701
15-07-2019 8.00,1065,22.307,0.013,566.719,943.711,3173.518
15-07-2019 9.00,1066,23.461,0.013,657.416,1072.503,3279.385
15-07-2019 10.00,1067,24.012,0.013,699.93,1152.75,3090.06
15-07-2019 11.00,1068,24.299,0.013,695.991,1178.991,3019.336
15-07-2019 12.00,1069,24.12,0.013,651.464,1149.417,2541.064
15-07-2019 13.00,1070,23.918,0.013,565.725,1066.024,2294.571
15-07-2019 14.00,1071,23.505,0.013,454.916,934.453,1852.53
15-07-2019 15.00,1072,22.875,0.013,334.24,763.713,1383.76
15-07-2019 16.00,1073,22.132,0.014,216.551,565.403,962.278
15-07-2019 17.00,1074,21.288,0.014,110.578,353.021,639.721
15-07-2019 18.00,1075,19.832,0.014,31.479,141.894,177.935
15-07-2019 19.00,1076,18.374,0.014,1.342,12.505,0
15-07-2019 20.00,1077,18.116,0.013,0,0,0
15-07-2019 21.00,1078,17.759,0.013,0,0,0
15-07-2019 22.00,1079,17.394,0.013,0,0,0
15-07-2019 23.00,1080,16.979,0.013,0,0,0
16-07-2019 0.00,1081,16.553,0.013,0,0,0
16-07-2019 1.00,1082,16.256,0.013,0,0,0
16-07-2019 2.00,1083,16.032,0.012,0,0,0
16-07-2019 3.00,1084,15.869,0.012,1.894,9.238,0
16-07-2019 4.00,1085,16.561,0.012,44.237,152.064,107.327
16-07-2019 5.00,1086,17.253,0.013,134.923,364.308,220.08
16-07-2019 6.00,1087,18.081,0.013,248.194,576.198,419.133
16-07-2019 7.00,1088,19.309,0.014,365.6,773.247,838.187
16-07-2019 8.00,1089,20.721,0.014,476.63,941.988,1482.129
16-07-2019 9.00,1090,22.161,0.014,567.957,1070.94,2269.521
16-07-2019 10.00,1091,23.759,0.014,621.6,1151.288,3219.563
16-07-2019 11.00,1092,24.782,0.013,611.086,1177.553,3166.515
16-07-2019 12.00,1093,25.127,0.013,569.956,1147.931,2962.934
16-07-2019 13.00,1094,24.992,0.014,495.484,1064.427,2341.835
16-07-2019 14.00,1095,24.813,0.014,409.721,932.716,2153.41
16-07-2019 15.00,1096,24.277,0.014,306.809,761.767,1543.238
16-07-2019 16.00,1097,23.531,0.014,205.088,563.213,976.155
16-07-2019 17.00,1098,22.358,0.014,111.616,350.587,415.715
16-07-2019 18.00,1099,20.81,0.014,35.962,139.325,60.925
16-07-2019 19.00,1100,19.913,0.014,2.939,11.785,0
16-07-2019 20.00,1101,19.619,0.013,0,0,0
16-07-2019 21.00,1102,19.271,0.013,0,0,0
16-07-2019 22.00,1103,18.944,0.013,0,0,0
16-07-2019 23.00,1104,18.823,0.013,0,0,0
17-07-2019 0.00,1105,18.679,0.013,0,0,0
17-07-2019 1.00,1106,18.256,0.013,0,0,0
17-07-2019 2.00,1107,18.183,0.012,0,0,0
17-07-2019 3.00,1108,17.926,0.012,1.441,8.511,0
17-07-2019 4.00,1109,18.205,0.012,37.452,149.36,35.054
17-07-2019 5.00,1110,18.855,0.013,117.566,361.831,168.278
17-07-2019 6.00,1111,19.784,0.013,220.274,573.977,530.565
17-07-2019 7.00,1112,20.617,0.013,337.621,771.247,1109.8
17-07-2019 8.00,1113,21.512,0.014,443.628,940.189,2393.071
17-07-2019 9.00,1114,22.39,0.014,536.418,1069.301,3211.513
17-07-2019 10.00,1115,23.404,0.014,599.82,1149.753,3583.251
17-07-2019 11.00,1116,24.164,0.014,622.643,1176.032,3657.503
17-07-2019 12.00,1117,24.48,0.014,608.971,1146.388,3591.66
17-07-2019 13.00,1118,24.414,0.014,556.756,1062.777,3475.29
17-07-2019 14.00,1119,23.99,0.014,464.16,930.904,3144.765
17-07-2019 15.00,1120,23.315,0.014,362.291,759.738,2670.775
17-07-2019 16.00,1121,22.527,0.014,250.368,560.937,2187.946
17-07-2019 17.00,1122,21.534,0.015,137.756,348.045,1396.27
17-07-2019 18.00,1123,20.052,0.015,44.533,136.671,383.877
17-07-2019 19.00,1124,18.614,0.014,2.646,11.068,0
17-07-2019 20.00,1125,18.306,0.014,0,0,0
17-07-2019 21.00,1126,17.993,0.013,0,0,0
17-07-2019 22.00,1127,17.665,0.013,0,0,0
17-07-2019 23.00,1128,17.446,0.013,0,0,0
18-07-2019 0.00,1129,17.211,0.013,0,0,0
18-07-2019 1.00,1130,16.906,0.013,0,0,0
18-07-2019 2.00,1131,16.637,0.013,0,0,0
18-07-2019 3.00,1132,16.347,0.013,1.761,7.798,0
18-07-2019 4.00,1133,16.84,0.013,50.688,146.555,360.905
18-07-2019 5.00,1134,17.73,0.013,163.593,359.261,956.7
18-07-2019 6.00,1135,18.821,0.014,309.724,571.664,1582.121
18-07-2019 7.00,1136,19.99,0.014,463.862,769.189,1962.262
18-07-2019 8.00,1137,21.301,0.014,598.549,938.342,2293.767
18-07-2019 9.00,1138,23.061,0.014,706.061,1067.591,2970.587
18-07-2019 10.00,1139,24.437,0.014,777.179,1148.142,3316.994
18-07-2019 11.00,1140,25.077,0.014,785.128,1174.46,3258.022
18-07-2019 12.00,1141,25.098,0.014,746.418,1144.774,2886.591
18-07-2019 13.00,1142,24.674,0.014,665.03,1061.062,2125.1
18-07-2019 14.00,1143,24.081,0.014,555.298,929.008,1493.486
18-07-2019 15.00,1144,23.481,0.014,426.306,757.636,1102.68
18-07-2019 16.00,1145,22.961,0.014,295.336,558.579,1037.085
18-07-2019 17.00,1146,22.265,0.015,165.494,345.411,831.809
18-07-2019 18.00,1147,20.441,0.015,54.732,133.933,240.643
18-07-2019 19.00,1148,18.678,0.014,3.386,10.358,0
18-07-2019 20.00,1149,18.146,0.013,0,0,0
18-07-2019 21.00,1150,17.728,0.013,0,0,0
18-07-2019 22.00,1151,17.396,0.013,0,0,0
18-07-2019 23.00,1152,17.075,0.013,0,0,0
19-07-2019 0.00,1153,16.839,0.013,0,0,0
19-07-2019 1.00,1154,16.599,0.013,0,0,0
19-07-2019 2.00,1155,16.37,0.013,0,0,0
19-07-2019 3.00,1156,16.107,0.012,1.709,7.103,0
19-07-2019 4.00,1157,16.784,0.013,58.275,143.653,551.478
19-07-2019 5.00,1158,18.536,0.013,188.889,356.595,1413.848
19-07-2019 6.00,1159,20.651,0.014,353.667,569.276,2383.018
19-07-2019 7.00,1160,22.116,0.014,506.208,767.035,2642.919
19-07-2019 8.00,1161,23.699,0.014,642.756,936.419,3475.205
19-07-2019 9.00,1162,25.021,0.014,746.151,1065.856,3658.847
19-07-2019 10.00,1163,25.94,0.014,802.002,1146.482,3704.718
19-07-2019 11.00,1164,26.61,0.014,806.467,1172.829,3715.519
19-07-2019 12.00,1165,27.011,0.014,757.475,1143.111,3674.815
19-07-2019 13.00,1166,27.119,0.014,664.608,1059.261,3574.962
19-07-2019 14.00,1167,26.938,0.014,533.97,927.059,3389.945
19-07-2019 15.00,1168,26.425,0.014,391.546,755.448,2977.102
19-07-2019 16.00,1169,27.574,0.015,245.736,556.136,1735.916
19-07-2019 17.00,1170,25.535,0.016,121.471,342.686,578.424
19-07-2019 18.00,1171,23.69,0.015,32.094,131.109,100.644
19-07-2019 19.00,1172,23.23,0.015,1.416,9.658,0
19-07-2019 20.00,1173,22.569,0.014,0,0,0
19-07-2019 21.00,1174,21.606,0.014,0,0,0
19-07-2019 22.00,1175,20.523,0.014,0,0,0
19-07-2019 23.00,1176,19.501,0.014,0,0,0
20-07-2019 0.00,1177,18.774,0.014,0,0,0
20-07-2019 1.00,1178,18.414,0.014,0,0,0
20-07-2019 2.00,1179,18.175,0.014,0,0,0
20-07-2019 3.00,1180,17.777,0.014,1.394,6.428,0
20-07-2019 4.00,1181,18.349,0.014,43.149,140.657,570.379
20-07-2019 5.00,1182,20.681,0.014,140.374,353.843,1620.264
20-07-2019 6.00,1183,22.61,0.015,263.706,566.789,2429.243
20-07-2019 7.00,1184,24.923,0.015,393.235,764.818,2844.818
20-07-2019 8.00,1185,26.269,0.015,512.692,934.406,3064.276
20-07-2019 9.00,1186,27.263,0.015,600.49,1064.003,3304.543
20-07-2019 10.00,1187,27.983,0.016,647.161,1144.75,3488.002
20-07-2019 11.00,1188,28.417,0.015,643.695,1171.14,3525.65
20-07-2019 12.00,1189,28.463,0.015,602.067,1141.362,3250.312
20-07-2019 13.00,1190,28.095,0.015,529.905,1057.419,2556.217
20-07-2019 14.00,1191,27.513,0.016,437.402,925.027,1824.641
20-07-2019 15.00,1192,26.685,0.016,329.344,753.19,1023.484
20-07-2019 16.00,1193,25.549,0.016,216.289,553.6,501.127
20-07-2019 17.00,1194,24.177,0.016,110.027,339.858,197.914
20-07-2019 18.00,1195,22.994,0.016,27.584,128.211,28.123
20-07-2019 19.00,1196,22.386,0.016,0.914,8.971,0
20-07-2019 20.00,1197,21.97,0.016,0,0,0
20-07-2019 21.00,1198,21.642,0.015,0,0,0
20-07-2019 22.00,1199,21.34,0.015,0,0,0
20-07-2019 23.00,1200,20.963,0.015,0,0,0
21-07-2019 0.00,1201,20.512,0.015,0,0,0
21-07-2019 1.00,1202,19.838,0.015,0,0,0
21-07-2019 2.00,1203,19.42,0.015,0,0,0
21-07-2019 3.00,1204,19.384,0.015,1.093,5.78,0
21-07-2019 4.00,1205,19.718,0.015,33.28,137.564,191.64
21-07-2019 5.00,1206,20.821,0.015,102.533,350.982,723.348
21-07-2019 6.00,1207,22.558,0.016,202.081,564.221,1559.151
21-07-2019 7.00,1208,24.274,0.016,311.828,762.513,2097.834
21-07-2019 8.00,1209,25.866,0.016,419.57,932.348,2658.715
21-07-2019 9.00,1210,27.3,0.017,501.833,1062.113,3244.241
21-07-2019 10.00,1211,28.231,0.017,538.383,1142.967,3479.93
21-07-2019 11.00,1212,27.893,0.017,530.021,1169.387,2957.989
21-07-2019 12.00,1213,26.68,0.017,504.317,1139.553,2254.108
21-07-2019 13.00,1214,25.605,0.017,442.116,1055.5,1731.26
21-07-2019 14.00,1215,24.772,0.017,350.119,922.918,1200.04
21-07-2019 15.00,1216,24.146,0.017,252.783,750.838,762.887
21-07-2019 16.00,1217,23.527,0.018,163.542,550.983,335.251
21-07-2019 17.00,1218,22.949,0.018,82.648,336.943,103.903
21-07-2019 18.00,1219,22.257,0.017,24.002,125.236,11.128
21-07-2019 19.00,1220,21.801,0.017,1.595,8.299,0
21-07-2019 20.00,1221,21.443,0.017,0,0,0
21-07-2019 21.00,1222,21.107,0.016,0,0,0
21-07-2019 22.00,1223,20.787,0.016,0,0,0
21-07-2019 23.00,1224,20.505,0.016,0,0,0
22-07-2019 0.00,1225,20.226,0.015,0,0,0
22-07-2019 1.00,1226,19.973,0.015,0,0,0
22-07-2019 2.00,1227,19.733,0.015,0,0,0
22-07-2019 3.00,1228,19.541,0.015,0.587,5.16,0
22-07-2019 4.00,1229,19.52,0.015,22.375,134.384,8.654
22-07-2019 5.00,1230,19.796,0.015,82.512,348.036,81.481
22-07-2019 6.00,1231,20.221,0.015,173.981,561.567,220.29
22-07-2019 7.00,1232,20.857,0.015,289.462,760.142,404.229
22-07-2019 8.00,1233,22.063,0.015,395.203,930.188,660.839
22-07-2019 9.00,1234,24.696,0.015,483.565,1060.155,1032.879
22-07-2019 10.00,1235,25.644,0.014,548.962,1141.132,1157.029
22-07-2019 11.00,1236,26.097,0.014,584.348,1167.577,1273.002
22-07-2019 12.00,1237,27.142,0.014,587.506,1137.668,1767.001
22-07-2019 13.00,1238,27.655,0.014,553.441,1053.5,1859.054
22-07-2019 14.00,1239,26.857,0.015,478.983,920.739,1792.062
22-07-2019 15.00,1240,24.887,0.015,387.12,748.426,1687.776
22-07-2019 16.00,1241,23.576,0.015,274.482,548.269,1535.387
22-07-2019 17.00,1242,22.313,0.015,155.52,333.929,1270.863
22-07-2019 18.00,1243,20.384,0.015,45.046,122.185,385.456
22-07-2019 19.00,1244,18.531,0.014,1.623,7.646,0
22-07-2019 20.00,1245,17.847,0.014,0,0,0
22-07-2019 21.00,1246,17.267,0.014,0,0,0
22-07-2019 22.00,1247,16.792,0.013,0,0,0
22-07-2019 23.00,1248,16.449,0.013,0,0,0
23-07-2019 0.00,1249,16.279,0.013,0,0,0
23-07-2019 1.00,1250,16.132,0.013,0,0,0
23-07-2019 2.00,1251,15.866,0.013,0,0,0
23-07-2019 3.00,1252,15.565,0.012,1.047,4.572,0
23-07-2019 4.00,1253,16.283,0.013,50.63,131.115,582.278
23-07-2019 5.00,1254,18.099,0.013,172.517,344.998,1589.246
23-07-2019 6.00,1255,20.341,0.014,319.848,558.833,2667.227
23-07-2019 7.00,1256,22.927,0.014,451.863,757.683,3121.174
23-07-2019 8.00,1257,24.766,0.014,544.972,927.982,3304.687
23-07-2019 9.00,1258,25.814,0.014,598.932,1058.13,2981.805
23-07-2019 10.00,1259,26.266,0.014,613.863,1139.192,2633.494
23-07-2019 11.00,1260,25.972,0.014,595.12,1165.678,2131.192
23-07-2019 12.00,1261,25.327,0.014,557.101,1135.781,1768.565
23-07-2019 13.00,1262,24.886,0.014,485.944,1051.449,1669.076
23-07-2019 14.00,1263,24.223,0.015,377.621,918.5,1205.524
23-07-2019 15.00,1264,23.254,0.015,266.268,745.912,590.877
23-07-2019 16.00,1265,22.423,0.015,165.637,545.485,275.443
23-07-2019 17.00,1266,21.685,0.015,86.893,330.828,96.303
23-07-2019 18.00,1267,21.081,0.015,26.889,119.074,11.477
23-07-2019 19.00,1268,20.608,0.015,1.726,7.013,0
23-07-2019 20.00,1269,20.205,0.014,0,0,0
23-07-2019 21.00,1270,19.717,0.014,0,0,0
23-07-2019 22.00,1271,19.229,0.014,0,0,0
23-07-2019 23.00,1272,18.794,0.014,0,0,0
24-07-2019 0.00,1273,18.411,0.013,0,0,0
24-07-2019 1.00,1274,18.023,0.013,0,0,0
24-07-2019 2.00,1275,17.835,0.013,0,0,0
24-07-2019 3.00,1276,17.817,0.013,0.459,4.02,0
24-07-2019 4.00,1277,17.975,0.013,25.856,127.767,11.682
24-07-2019 5.00,1278,18.359,0.013,102.091,341.859,198.658
24-07-2019 6.00,1279,19.172,0.014,219.602,555.998,884.464
24-07-2019 7.00,1280,19.894,0.014,348.964,755.151,872.234
24-07-2019 8.00,1281,20.417,0.014,436.651,925.69,1055.217
24-07-2019 9.00,1282,21.12,0.014,495.49,1056.001,1530.667
24-07-2019 10.00,1283,22.084,0.014,524.929,1137.211,1962.221
24-07-2019 11.00,1284,23.12,0.014,525.749,1163.73,2304.435
24-07-2019 12.00,1285,24.109,0.014,508.02,1133.774,2419.043
24-07-2019 13.00,1286,24.866,0.014,463.588,1049.329,2337.397
24-07-2019 14.00,1287,25.101,0.014,385.472,916.175,2006.357
24-07-2019 15.00,1288,24.709,0.014,290.978,743.351,1355.635
24-07-2019 16.00,1289,24.161,0.014,195.046,542.605,870.872
24-07-2019 17.00,1290,22.516,0.014,99.948,327.628,136.989
24-07-2019 18.00,1291,21.001,0.014,25.928,115.895,6.232
24-07-2019 19.00,1292,20.168,0.013,0.906,6.403,0
24-07-2019 20.00,1293,19.728,0.013,0,0,0
24-07-2019 21.00,1294,19.286,0.013,0,0,0
24-07-2019 22.00,1295,19.025,0.013,0,0,0
24-07-2019 23.00,1296,18.738,0.012,0,0,0
25-07-2019 0.00,1297,18.341,0.012,0,0,0
25-07-2019 1.00,1298,18.291,0.012,0,0,0
25-07-2019 2.00,1299,18.456,0.012,0,0,0
25-07-2019 3.00,1300,18.17,0.012,0.342,3.505,0
25-07-2019 4.00,1301,17.871,0.012,27.322,124.335,12.563
25-07-2019 5.00,1302,18.246,0.012,108.18,338.637,176.869
25-07-2019 6.00,1303,19.668,0.012,217.797,553.091,814.742
25-07-2019 7.00,1304,20.281,0.013,329.41,752.529,1567.998
25-07-2019 8.00,1305,20.78,0.013,433.252,923.33,2922.232
25-07-2019 9.00,1306,21.648,0.013,517.644,1053.832,3397.76
25-07-2019 10.00,1307,22.659,0.013,572.306,1135.167,3590.585
25-07-2019 11.00,1308,23.444,0.013,598.064,1161.741,3654.338
25-07-2019 12.00,1309,23.802,0.013,585.668,1131.701,3499.613
25-07-2019 13.00,1310,23.761,0.013,511.751,1047.149,3182.822
25-07-2019 14.00,1311,23.47,0.013,407.43,913.778,2823.317
25-07-2019 15.00,1312,22.815,0.014,301.708,740.686,2081.713
25-07-2019 16.00,1313,21.866,0.014,206.645,539.637,1306.473
25-07-2019 17.00,1314,20.769,0.014,117.37,324.341,824.696
25-07-2019 18.00,1315,19.045,0.014,33.831,112.655,213.397
25-07-2019 19.00,1316,17.325,0.013,0.944,5.818,0
25-07-2019 20.00,1317,16.791,0.013,0,0,0
25-07-2019 21.00,1318,16.435,0.012,0,0,0
25-07-2019 22.00,1319,16.192,0.012,0,0,0
25-07-2019 23.00,1320,15.894,0.012,0,0,0
26-07-2019 0.00,1321,15.481,0.012,0,0,0
26-07-2019 1.00,1322,15.243,0.012,0,0,0
26-07-2019 2.00,1323,15.165,0.012,0,0,0
26-07-2019 3.00,1324,15.223,0.011,0.342,3.029,0
26-07-2019 4.00,1325,15.616,0.011,30.443,120.828,327.711
26-07-2019 5.00,1326,16.662,0.012,107.698,335.325,664.02
26-07-2019 6.00,1327,17.479,0.012,211.499,550.104,690.588
26-07-2019 7.00,1328,18.05,0.013,319.057,749.838,769.153
26-07-2019 8.00,1329,18.544,0.013,411.955,920.885,716.601
26-07-2019 9.00,1330,18.787,0.013,482.082,1051.608,790.961
26-07-2019 10.00,1331,19.229,0.013,517.35,1133.043,1028.041
26-07-2019 11.00,1332,19.838,0.013,514.913,1159.641,1265.593
26-07-2019 12.00,1333,20.65,0.013,476.031,1129.584,1401.501
26-07-2019 13.00,1334,21.615,0.013,420.005,1044.875,1531.438
26-07-2019 14.00,1335,21.657,0.013,347.759,911.322,1267.12
26-07-2019 15.00,1336,21.094,0.014,268.992,737.956,865.723
26-07-2019 16.00,1337,20.851,0.014,187.647,536.597,806.033
26-07-2019 17.00,1338,20.051,0.014,103.683,320.959,476.31
26-07-2019 18.00,1339,18.369,0.014,30.051,109.364,69.768
26-07-2019 19.00,1340,17.28,0.013,1.248,5.259,0
26-07-2019 20.00,1341,16.565,0.013,0,0,0
26-07-2019 21.00,1342,16.034,0.012,0,0,0
26-07-2019 22.00,1343,15.798,0.012,0,0,0
26-07-2019 23.00,1344,15.571,0.012,0,0,0
27-07-2019 0.00,1345,15.373,0.012,0,0,0
27-07-2019 1.00,1346,15.057,0.012,0,0,0
27-07-2019 2.00,1347,14.699,0.012,0,0,0
27-07-2019 3.00,1348,14.452,0.011,0.42,2.595,0
27-07-2019 4.00,1349,14.918,0.011,38.19,117.249,234.217
27-07-2019 5.00,1350,16.121,0.012,150.971,331.919,885.26
27-07-2019 6.00,1351,17.972,0.013,297.765,547.025,1835.283
27-07-2019 7.00,1352,19.784,0.013,451.342,747.061,2934.826
27-07-2019 8.00,1353,21.021,0.013,588.831,918.387,3426.647
27-07-2019 9.00,1354,22.747,0.013,708.493,1049.297,3607.752
27-07-2019 10.00,1355,24.147,0.013,786.355,1130.845,3710.825
27-07-2019 11.00,1356,24.935,0.013,820.555,1157.49,3742.922
27-07-2019 12.00,1357,25.397,0.013,801.339,1127.403,3680.328
27-07-2019 13.00,1358,25.541,0.013,732.7,1042.537,3573.829
27-07-2019 14.00,1359,25.374,0.013,611.026,908.774,3357.183
27-07-2019 15.00,1360,24.849,0.014,463.81,735.134,2993.075
27-07-2019 16.00,1361,24.479,0.014,300.941,533.461,2406.511
27-07-2019 17.00,1362,24.207,0.015,149.872,317.493,1447.125
27-07-2019 18.00,1363,22.395,0.015,36.949,106.02,234.135
27-07-2019 19.00,1364,21.488,0.014,1.286,4.729,0
27-07-2019 20.00,1365,20.157,0.014,0,0,0
27-07-2019 21.00,1366,19.243,0.014,0,0,0
27-07-2019 22.00,1367,18.692,0.014,0,0,0
27-07-2019 23.00,1368,18.31,0.014,0,0,0
28-07-2019 0.00,1369,18.113,0.013,0,0,0
28-07-2019 1.00,1370,17.822,0.013,0,0,0
28-07-2019 2.00,1371,17.495,0.013,0,0,0
28-07-2019 3.00,1372,17.302,0.013,0.419,2.203,0
28-07-2019 4.00,1373,17.393,0.014,22.634,113.607,8.401
28-07-2019 5.00,1374,17.703,0.014,82.847,328.423,91.228
28-07-2019 6.00,1375,18.329,0.014,173.748,543.87,294.825
28-07-2019 7.00,1376,19.725,0.015,276.786,744.204,1042.625
28-07-2019 8.00,1377,21.696,0.016,372.789,915.807,1760.867
28-07-2019 9.00,1378,23.474,0.016,451.831,1046.917,1924.673
28-07-2019 10.00,1379,25.057,0.017,509.707,1128.623,2223.914
28-07-2019 11.00,1380,25.7,0.017,534.611,1155.285,1737.494
28-07-2019 12.00,1381,25.578,0.017,524.57,1125.115,1275.85
28-07-2019 13.00,1382,25.376,0.017,488.967,1040.158,968.28
28-07-2019 14.00,1383,25.427,0.018,424.377,906.164,873.348
28-07-2019 15.00,1384,25.263,0.018,331.716,732.251,637.845
28-07-2019 16.00,1385,24.864,0.018,221.952,530.253,425.301
28-07-2019 17.00,1386,24.275,0.019,108.903,313.935,209.266
28-07-2019 18.00,1387,23.361,0.018,24.701,102.632,25.2
28-07-2019 19.00,1388,22.438,0.017,0.477,4.228,0
28-07-2019 20.00,1389,22.418,0.017,0,0,0
28-07-2019 21.00,1390,22.248,0.017,0,0,0
28-07-2019 22.00,1391,21.951,0.017,0,0,0
28-07-2019 23.00,1392,21.682,0.016,0,0,0
29-07-2019 0.00,1393,21.44,0.016,0,0,0
29-07-2019 1.00,1394,21.147,0.016,0,0,0
29-07-2019 2.00,1395,20.862,0.016,0,0,0
29-07-2019 3.00,1396,20.619,0.015,0.25,1.853,0
29-07-2019 4.00,1397,20.776,0.015,28.313,109.904,214.926
29-07-2019 5.00,1398,21.424,0.016,121.638,324.833,785.351
29-07-2019 6.00,1399,22.343,0.016,257.797,540.638,1513.569
29-07-2019 7.00,1400,23.466,0.017,410.599,741.279,2410.743
29-07-2019 8.00,1401,24.892,0.017,534.986,913.158,2863.403
29-07-2019 9.00,1402,26.823,0.017,607.134,1044.476,3103.429
29-07-2019 10.00,1403,27.899,0.017,615.126,1126.285,3098.751
29-07-2019 11.00,1404,27.528,0.016,567.692,1153.001,1953.3
29-07-2019 12.00,1405,26.741,0.016,492.027,1122.798,1241.689
29-07-2019 13.00,1406,26.22,0.017,413.949,1037.68,970.319
29-07-2019 14.00,1407,25.795,0.017,328.314,903.475,742.876
29-07-2019 15.00,1408,25.281,0.017,243.185,729.268,535.611
29-07-2019 16.00,1409,24.476,0.017,155.844,526.948,287.43
29-07-2019 17.00,1410,23.644,0.018,74.835,310.283,115.379
29-07-2019 18.00,1411,22.713,0.017,18.869,99.208,10.813
29-07-2019 19.00,1412,21.683,0.017,0.583,3.757,0
29-07-2019 20.00,1413,21.414,0.016,0,0,0
29-07-2019 21.00,1414,21.233,0.016,0,0,0
29-07-2019 22.00,1415,21.487,0.016,0,0,0
29-07-2019 23.00,1416,21.929,0.016,0,0,0
30-07-2019 0.00,1417,21.43,0.016,0,0,0
30-07-2019 1.00,1418,21.386,0.016,0,0,0
30-07-2019 2.00,1419,20.535,0.016,0,0,0
30-07-2019 3.00,1420,20.337,0.015,0.148,1.543,0
30-07-2019 4.00,1421,19.892,0.015,20.293,106.154,25.983
30-07-2019 5.00,1422,19.86,0.016,80.989,321.163,144.405
30-07-2019 6.00,1423,19.695,0.016,164.42,537.291,287.485
30-07-2019 7.00,1424,19.52,0.017,261.267,738.29,448.718
30-07-2019 8.00,1425,19.446,0.016,350.945,910.422,643.963
30-07-2019 9.00,1426,19.479,0.016,423.853,1041.94,629.228
30-07-2019 10.00,1427,19.678,0.016,480.661,1123.899,864.434
30-07-2019 11.00,1428,20.191,0.016,508.035,1150.665,1175.317
30-07-2019 12.00,1429,20.848,0.016,493.878,1120.396,1137.687
30-07-2019 13.00,1430,21.682,0.017,438.346,1035.142,1271.747
30-07-2019 14.00,1431,22.551,0.017,359.567,900.709,1453.737
30-07-2019 15.00,1432,23.043,0.017,264.353,726.229,1272.166
30-07-2019 16.00,1433,23.021,0.017,169.104,523.575,967.975
30-07-2019 17.00,1434,22.513,0.017,86.217,306.543,582.66
30-07-2019 18.00,1435,21.526,0.017,21.021,95.748,75.411
30-07-2019 19.00,1436,20.81,0.016,0.309,3.318,0
30-07-2019 20.00,1437,20.776,0.016,0,0,0
30-07-2019 21.00,1438,20.608,0.015,0,0,0
30-07-2019 22.00,1439,20.262,0.015,0,0,0
30-07-2019 23.00,1440,19.88,0.015,0,0,0
31-07-2019 0.00,1441,19.401,0.014,0,0,0
31-07-2019 1.00,1442,18.955,0.014,0,0,0
31-07-2019 2.00,1443,18.448,0.014,0,0,0
31-07-2019 3.00,1444,18.005,0.014,0.231,1.274,0
31-07-2019 4.00,1445,18.116,0.014,29.852,102.358,314.5
31-07-2019 5.00,1446,19.324,0.014,125.023,317.405,934.907
31-07-2019 6.00,1447,20.52,0.015,254.08,533.891,1598.368
31-07-2019 7.00,1448,21.684,0.015,401.66,735.206,2449.592
31-07-2019 8.00,1449,23.174,0.015,545.088,907.621,3389.521
31-07-2019 9.00,1450,25.104,0.015,661.677,1039.352,3571.454
31-07-2019 10.00,1451,26.398,0.015,739.27,1121.442,3631.319
31-07-2019 11.00,1452,27.089,0.015,776.459,1148.25,3632.18
31-07-2019 12.00,1453,27.438,0.015,750.237,1117.944,3524.578
31-07-2019 13.00,1454,27.399,0.015,678.144,1032.519,3338.296
31-07-2019 14.00,1455,26.926,0.015,559.424,897.878,2963.484
31-07-2019 15.00,1456,26.09,0.016,406.567,723.105,2155.763
31-07-2019 16.00,1457,25.074,0.016,259.246,520.105,1250.864
31-07-2019 17.00,1458,23.896,0.017,123.828,302.72,683.956
31-07-2019 18.00,1459,22.061,0.016,25.555,92.259,136.569
31-07-2019 19.00,1460,20.77,0.015,0.372,2.911,0
31-07-2019 20.00,1461,20.32,0.015,0,0,0
31-07-2019 21.00,1462,19.891,0.015,0,0,0
31-07-2019 22.00,1463,19.584,0.015,0,0,0
31-07-2019 23.00,1464,19.303,0.015,0,0,0
01-08-2019 0.00,1465,19.044,0.014,0,0,0
01-08-2019 1.00,1466,18.763,0.014,0,0,0
01-08-2019 2.00,1467,18.479,0.014,0,0,0
01-08-2019 3.00,1468,18.173,0.014,0.21,1.041,0
01-08-2019 4.00,1469,18.161,0.014,32.592,98.529,549.822
01-08-2019 5.00,1470,18.738,0.014,146.675,313.558,1288.802
01-08-2019 6.00,1471,19.52,0.014,304.998,530.401,2251.937
01-08-2019 7.00,1472,20.528,0.015,475.272,732.044,3148.381
01-08-2019 8.00,1473,21.725,0.014,623.734,904.74,3470.498
01-08-2019 9.00,1474,22.994,0.014,741.383,1036.696,3583.537
01-08-2019 10.00,1475,24.014,0.014,809.353,1118.935,3628.635
01-08-2019 11.00,1476,24.431,0.014,816.292,1145.76,3573.934
01-08-2019 12.00,1477,24.625,0.014,785.156,1115.379,3483.842
01-08-2019 13.00,1478,24.583,0.014,703.271,1029.87,3288.416
01-08-2019 14.00,1479,24.264,0.014,587.715,894.97,2848.501
01-08-2019 15.00,1480,23.786,0.014,445.902,719.894,2356.525
01-08-2019 16.00,1481,23.055,0.014,290.259,516.569,1817.045
01-08-2019 17.00,1482,21.937,0.015,140.962,298.807,1155.779
01-08-2019 18.00,1483,20.345,0.015,29.255,88.748,327.976
01-08-2019 19.00,1484,18.971,0.014,0.509,2.535,0
01-08-2019 20.00,1485,18.358,0.014,0,0,0
01-08-2019 21.00,1486,17.902,0.013,0,0,0
01-08-2019 22.00,1487,17.409,0.013,0,0,0
01-08-2019 23.00,1488,16.945,0.013,0,0,0
02-08-2019 0.00,1489,16.567,0.013,0,0,0
02-08-2019 1.00,1490,16.239,0.013,0,0,0
02-08-2019 2.00,1491,15.975,0.012,0,0,0
02-08-2019 3.00,1492,15.773,0.012,0.188,0.843,0
02-08-2019 4.00,1493,15.949,0.012,30.639,94.674,263.633
02-08-2019 5.00,1494,17.075,0.013,138.517,309.626,827.874
02-08-2019 6.00,1495,18.652,0.013,290.611,526.831,2054.269
02-08-2019 7.00,1496,20.648,0.013,442.763,728.809,2785.55
02-08-2019 8.00,1497,22.639,0.013,576.741,901.802,3237.363
02-08-2019 9.00,1498,24.058,0.013,680.848,1033.966,3428.679
02-08-2019 10.00,1499,25.076,0.013,742.362,1116.327,3504.612
02-08-2019 11.00,1500,25.666,0.013,763.05,1143.208,3413.274
02-08-2019 12.00,1501,25.844,0.013,728.383,1112.781,3211.057
02-08-2019 13.00,1502,25.755,0.014,649.729,1027.115,2877.576
02-08-2019 14.00,1503,25.358,0.014,531.176,891.987,2321.38
02-08-2019 15.00,1504,24.767,0.014,387.545,716.623,1712.62
02-08-2019 16.00,1505,23.952,0.015,242.341,512.94,1088.225
02-08-2019 17.00,1506,22.661,0.015,112.739,294.814,513.205
02-08-2019 18.00,1507,20.505,0.015,23.102,85.224,109.41
02-08-2019 19.00,1508,19.367,0.014,0.288,2.191,0
02-08-2019 20.00,1509,18.738,0.013,0,0,0
02-08-2019 21.00,1510,18.204,0.013,0,0,0
02-08-2019 22.00,1511,17.681,0.013,0,0,0
02-08-2019 23.00,1512,17.228,0.013,0,0,0
03-08-2019 0.00,1513,16.866,0.013,0,0,0
03-08-2019 1.00,1514,16.675,0.013,0,0,0
03-08-2019 2.00,1515,16.573,0.013,0,0,0
03-08-2019 3.00,1516,16.54,0.013,0.142,0.676,0
03-08-2019 4.00,1517,16.851,0.013,25.331,90.803,348.519
03-08-2019 5.00,1518,19.004,0.013,112.431,305.606,1015.388
03-08-2019 6.00,1519,20.78,0.014,232.128,523.168,1806.833
03-08-2019 7.00,1520,23.127,0.014,362.376,725.493,2345.239
03-08-2019 8.00,1521,24.865,0.014,477.86,898.774,2624.305
03-08-2019 9.00,1522,26.04,0.015,561.339,1031.179,2858.118
03-08-2019 10.00,1523,26.741,0.015,601.907,1113.654,2831.628
03-08-2019 11.00,1524,26.756,0.015,609.594,1140.584,2526.449
03-08-2019 12.00,1525,26.228,0.015,561.085,1110.111,1877.753
03-08-2019 13.00,1526,25.454,0.015,475.476,1024.272,1201.605
03-08-2019 14.00,1527,24.77,0.015,373.712,888.928,815.766
03-08-2019 15.00,1528,24.025,0.016,256.746,713.261,453.328
03-08-2019 16.00,1529,22.991,0.016,153.036,509.23,204.022
03-08-2019 17.00,1530,21.798,0.016,70.08,290.732,52.32
03-08-2019 18.00,1531,20.782,0.016,16.64,81.69,0
03-08-2019 19.00,1532,20.273,0.015,0.447,1.88,0
03-08-2019 20.00,1533,19.896,0.015,0,0,0
03-08-2019 21.00,1534,19.605,0.014,0,0,0
03-08-2019 22.00,1535,19.629,0.014,0,0,0
03-08-2019 23.00,1536,19.421,0.014,0,0,0
04-08-2019 0.00,1537,18.948,0.014,0,0,0
04-08-2019 1.00,1538,18.627,0.014,0,0,0
04-08-2019 2.00,1539,18.425,0.013,0,0,0
04-08-2019 3.00,1540,18.357,0.013,0.064,0.537,0
04-08-2019 4.00,1541,18.505,0.013,19.826,86.927,50.24
04-08-2019 5.00,1542,19.638,0.014,105.124,301.506,359.353
04-08-2019 6.00,1543,21.741,0.014,239.68,519.432,1141.214
04-08-2019 7.00,1544,24.337,0.014,387.177,722.107,1997.525
04-08-2019 8.00,1545,25.525,0.014,532.601,895.665,2438.232
04-08-2019 9.00,1546,26.742,0.014,654.226,1028.284,2606.624
04-08-2019 10.00,1547,27.593,0.014,735.205,1110.93,2765.163
04-08-2019 11.00,1548,27.877,0.014,773.537,1137.89,2908.31
04-08-2019 12.00,1549,27.57,0.014,751.206,1107.363,2965.533
04-08-2019 13.00,1550,27.584,0.015,679.249,1021.374,3154.942
04-08-2019 14.00,1551,27.268,0.015,562.074,885.791,2791.921
04-08-2019 15.00,1552,26.58,0.015,418.729,709.822,2240.183
04-08-2019 16.00,1553,25.583,0.016,264.242,505.439,1561.839
04-08-2019 17.00,1554,24.063,0.017,120.738,286.569,758.319
04-08-2019 18.00,1555,21.651,0.016,21.656,78.155,131.022
04-08-2019 19.00,1556,20.384,0.015,0.175,1.599,0
04-08-2019 20.00,1557,19.841,0.015,0,0,0
04-08-2019 21.00,1558,19.376,0.015,0,0,0
04-08-2019 22.00,1559,19.139,0.015,0,0,0
04-08-2019 23.00,1560,18.961,0.014,0,0,0
05-08-2019 0.00,1561,18.842,0.014,0,0,0
05-08-2019 1.00,1562,18.748,0.014,0,0,0
05-08-2019 2.00,1563,18.72,0.014,0,0,0
05-08-2019 3.00,1564,18.859,0.014,0.08,0.421,0
05-08-2019 4.00,1565,19.147,0.013,26.483,83.059,267.945
05-08-2019 5.00,1566,20.492,0.014,131.799,297.323,955.027
05-08-2019 6.00,1567,22.389,0.014,276.576,515.625,2076.199
05-08-2019 7.00,1568,24.361,0.014,424.193,718.636,2759.581
05-08-2019 8.00,1569,26.036,0.015,554.19,892.511,2949.098
05-08-2019 9.00,1570,27.272,0.014,648.986,1025.356,3098.942
05-08-2019 10.00,1571,28.058,0.014,691.65,1108.104,3086.138
05-08-2019 11.00,1572,28.557,0.015,690.208,1135.117,3051.879
05-08-2019 12.00,1573,28.434,0.015,637.698,1104.544,2456.005
05-08-2019 13.00,1574,27.477,0.015,540.292,1018.415,1337.736
05-08-2019 14.00,1575,26.696,0.015,420.665,882.587,843.321
05-08-2019 15.00,1576,26.423,0.015,292.977,706.306,837.545
05-08-2019 16.00,1577,25.909,0.016,174.393,501.572,565.259
05-08-2019 17.00,1578,24.662,0.016,76.365,282.32,205.54
05-08-2019 18.00,1579,23.046,0.015,15.404,74.625,14.709
05-08-2019 19.00,1580,22.346,0.015,0.299,1.347,0
05-08-2019 20.00,1581,22.244,0.014,0,0,0
05-08-2019 21.00,1582,22.285,0.014,0,0,0
05-08-2019 22.00,1583,22.158,0.014,0,0,0
05-08-2019 23.00,1584,21.72,0.014,0,0,0
06-08-2019 0.00,1585,21.023,0.014,0,0,0
06-08-2019 1.00,1586,20.295,0.013,0,0,0
06-08-2019 2.00,1587,19.828,0.013,0,0,0
06-08-2019 3.00,1588,19.691,0.013,0.035,0.325,0
06-08-2019 4.00,1589,19.538,0.013,14.909,79.202,9.394
06-08-2019 5.00,1590,19.258,0.013,66.712,293.057,76.935
06-08-2019 6.00,1591,18.934,0.013,139.242,511.732,150.303
06-08-2019 7.00,1592,18.809,0.013,223.829,715.086,349.83
06-08-2019 8.00,1593,19.112,0.013,307.982,889.246,572.146
06-08-2019 9.00,1594,19.73,0.014,379.138,1022.332,827.586
06-08-2019 10.00,1595,20.389,0.014,425.922,1105.227,1122.04
06-08-2019 11.00,1596,21.507,0.014,447.744,1132.304,1505.692
06-08-2019 12.00,1597,22.818,0.014,432.033,1101.652,1539.583
06-08-2019 13.00,1598,23.87,0.014,383.223,1015.372,1156.103
06-08-2019 14.00,1599,23.968,0.014,311.299,879.298,779.781
06-08-2019 15.00,1600,23.451,0.014,225.838,702.728,600.531
06-08-2019 16.00,1601,21.922,0.014,139.457,497.631,342.521
06-08-2019 17.00,1602,20.646,0.014,63.665,277.988,102.113
06-08-2019 18.00,1603,19.522,0.014,12.561,71.108,0.794
06-08-2019 19.00,1604,19.006,0.014,0.173,1.124,0
06-08-2019 20.00,1605,18.627,0.013,0,0,0
06-08-2019 21.00,1606,18.285,0.013,0,0,0
06-08-2019 22.00,1607,18.04,0.013,0,0,0
06-08-2019 23.00,1608,17.854,0.013,0,0,0
07-08-2019 0.00,1609,17.709,0.013,0,0,0
07-08-2019 1.00,1610,17.691,0.013,0,0,0
07-08-2019 2.00,1611,17.59,0.013,0,0,0
07-08-2019 3.00,1612,17.444,0.013,0.015,0.246,0
07-08-2019 4.00,1613,17.261,0.013,13.872,75.37,2.903
07-08-2019 5.00,1614,17.219,0.013,69.452,288.707,108.742
07-08-2019 6.00,1615,17.353,0.013,153.492,507.767,288.172
07-08-2019 7.00,1616,17.693,0.013,252.066,711.472,525.911
07-08-2019 8.00,1617,18.082,0.014,341.117,885.924,680.251
07-08-2019 9.00,1618,18.568,0.014,409.792,1019.227,987.102
07-08-2019 10.00,1619,19.388,0.014,459.4,1102.283,1493.817
07-08-2019 11.00,1620,20.08,0.014,474.087,1129.377,1552.951
07-08-2019 12.00,1621,20.504,0.014,450.457,1098.68,1449.605
07-08-2019 13.00,1622,20.974,0.014,393.031,1012.236,1552.188
07-08-2019 14.00,1623,20.847,0.014,309.838,875.954,1009.122
07-08-2019 15.00,1624,20.385,0.014,224.009,699.065,640.429
07-08-2019 16.00,1625,19.879,0.015,135.957,493.605,547.782
07-08-2019 17.00,1626,18.959,0.015,61.203,273.581,166.214
07-08-2019 18.00,1627,17.968,0.014,12.91,67.613,2.274
07-08-2019 19.00,1628,17.252,0.014,0.222,0.928,0
07-08-2019 20.00,1629,16.732,0.014,0,0,0
07-08-2019 21.00,1630,16.323,0.013,0,0,0
07-08-2019 22.00,1631,15.997,0.013,0,0,0
07-08-2019 23.00,1632,15.687,0.013,0,0,0
08-08-2019 0.00,1633,15.397,0.013,0,0,0
08-08-2019 1.00,1634,15.132,0.012,0,0,0
08-08-2019 2.00,1635,14.895,0.012,0,0,0
08-08-2019 3.00,1636,14.722,0.012,0.024,0.183,0
08-08-2019 4.00,1637,14.626,0.012,11.986,71.569,4.663
08-08-2019 5.00,1638,14.79,0.012,62.469,284.28,106.91
08-08-2019 6.00,1639,15.185,0.012,138.304,503.711,284.025
08-08-2019 7.00,1640,15.658,0.013,220.568,707.765,484.119
08-08-2019 8.00,1641,16.147,0.013,294.694,882.532,869.982
08-08-2019 9.00,1642,16.875,0.013,346.092,1016.073,1603.576
08-08-2019 10.00,1643,17.62,0.013,374.08,1099.262,1724.659
08-08-2019 11.00,1644,18.008,0.013,369.86,1126.41,1375.268
08-08-2019 12.00,1645,18.211,0.013,333.355,1095.636,1089.705
08-08-2019 13.00,1646,18.275,0.014,279.343,1009.06,795.26
08-08-2019 14.00,1647,18.2,0.014,216.37,872.517,531.9
08-08-2019 15.00,1648,18.062,0.014,152.794,695.312,336.262
08-08-2019 16.00,1649,17.893,0.014,92.91,489.498,168.974
08-08-2019 17.00,1650,17.666,0.014,41.46,269.088,43.009
08-08-2019 18.00,1651,17.521,0.014,7.958,64.147,0
08-08-2019 19.00,1652,17.614,0.013,0.093,0.755,0
08-08-2019 20.00,1653,17.822,0.013,0,0,0
08-08-2019 21.00,1654,17.926,0.013,0,0,0
08-08-2019 22.00,1655,17.898,0.013,0,0,0
08-08-2019 23.00,1656,17.836,0.013,0,0,0
09-08-2019 0.00,1657,17.821,0.013,0,0,0
09-08-2019 1.00,1658,17.786,0.012,0,0,0
09-08-2019 2.00,1659,17.751,0.012,0,0,0
09-08-2019 3.00,1660,17.56,0.012,0.012,0.133,0
09-08-2019 4.00,1661,17.356,0.012,7.76,67.81,4.38
09-08-2019 5.00,1662,17.571,0.012,53.237,279.77,125.715
09-08-2019 6.00,1663,17.83,0.012,133.101,499.588,374.763
09-08-2019 7.00,1664,18.144,0.012,235.773,704.004,693.751
09-08-2019 8.00,1665,18.515,0.012,338.891,879.06,1116.168
09-08-2019 9.00,1666,19.084,0.012,437.488,1012.817,1644.089
09-08-2019 10.00,1667,19.78,0.012,513.654,1096.17,2068.975
09-08-2019 11.00,1668,20.594,0.012,551.247,1123.328,2376.83
09-08-2019 12.00,1669,20.863,0.012,535.432,1092.535,2048.257
09-08-2019 13.00,1670,20.457,0.012,487.241,1005.788,1341.442
09-08-2019 14.00,1671,19.859,0.012,396.981,869.019,983.628
09-08-2019 15.00,1672,18.607,0.012,293.248,691.488,663.052
09-08-2019 16.00,1673,17.416,0.012,185.618,485.319,406.697
09-08-2019 17.00,1674,16.289,0.012,88.202,264.514,178.513
09-08-2019 18.00,1675,15.195,0.012,17.238,60.72,6.634
09-08-2019 19.00,1676,14.341,0.012,0.141,0.604,0
09-08-2019 20.00,1677,13.8,0.011,0,0,0
09-08-2019 21.00,1678,13.452,0.011,0,0,0
09-08-2019 22.00,1679,13.128,0.011,0,0,0
09-08-2019 23.00,1680,12.931,0.011,0,0,0
10-08-2019 0.00,1681,12.741,0.011,0,0,0
10-08-2019 1.00,1682,12.549,0.01,0,0,0
10-08-2019 2.00,1683,12.393,0.01,0,0,0
10-08-2019 3.00,1684,12.284,0.01,0.007,0.093,0
10-08-2019 4.00,1685,12.222,0.01,12.717,64.097,19.474
10-08-2019 5.00,1686,12.571,0.01,68.286,275.179,176.759
10-08-2019 6.00,1687,13.127,0.011,144.505,495.384,295.61
10-08-2019 7.00,1688,13.72,0.011,214.295,700.16,480.424
10-08-2019 8.00,1689,14.981,0.011,271.907,875.518,1532.811
10-08-2019 9.00,1690,15.869,0.011,326.421,1009.524,1375.249
10-08-2019 10.00,1691,16.318,0.012,358.815,1092.982,1098.618
10-08-2019 11.00,1692,16.636,0.012,367.232,1120.24,1182.712
10-08-2019 12.00,1693,17.845,0.012,363.293,1089.35,2102.672
10-08-2019 13.00,1694,18.483,0.012,326.104,1002.471,1891.955
10-08-2019 14.00,1695,18.49,0.012,265.367,865.424,1435.007
10-08-2019 15.00,1696,17.669,0.012,193.093,687.594,586.456
10-08-2019 16.00,1697,16.664,0.013,113.633,481.055,160.788
10-08-2019 17.00,1698,15.899,0.013,47.986,259.868,33.614
10-08-2019 18.00,1699,15.293,0.012,8.789,57.338,0
10-08-2019 19.00,1700,14.901,0.012,0.077,0.473,0
10-08-2019 20.00,1701,14.616,0.012,0,0,0
10-08-2019 21.00,1702,14.367,0.012,0,0,0
10-08-2019 22.00,1703,14.179,0.012,0,0,0
10-08-2019 23.00,1704,14.054,0.012,0,0,0
11-08-2019 0.00,1705,13.934,0.011,0,0,0
11-08-2019 1.00,1706,13.837,0.011,0,0,0
11-08-2019 2.00,1707,13.746,0.011,0,0,0
11-08-2019 3.00,1708,13.726,0.011,0.003,0.062,0
11-08-2019 4.00,1709,13.76,0.011,5.961,60.44,0
11-08-2019 5.00,1710,13.972,0.011,41.016,270.514,80.549
11-08-2019 6.00,1711,14.492,0.012,98.964,491.1,270.517
11-08-2019 7.00,1712,15.194,0.012,168.35,696.219,505.819
11-08-2019 8.00,1713,15.847,0.012,242.466,871.903,707.631
11-08-2019 9.00,1714,16.549,0.012,304.618,1006.118,916.079
11-08-2019 10.00,1715,17.199,0.012,350.748,1089.736,1051.027
11-08-2019 11.00,1716,17.775,0.013,383.913,1117.019,1074.012
11-08-2019 12.00,1717,18.28,0.013,380.655,1086.108,964.2
11-08-2019 13.00,1718,18.645,0.013,348.463,999.036,828.813
11-08-2019 14.00,1719,18.943,0.013,288.794,861.77,690.328
11-08-2019 15.00,1720,19.554,0.013,218.77,683.633,590.929
11-08-2019 16.00,1721,19.335,0.013,144.127,476.733,298.93
11-08-2019 17.00,1722,18.456,0.013,70.119,255.141,101.874
11-08-2019 18.00,1723,17.672,0.013,14.062,54.006,0.211
11-08-2019 19.00,1724,17.282,0.012,0.087,0.361,0
11-08-2019 20.00,1725,16.961,0.012,0,0,0
11-08-2019 21.00,1726,16.621,0.012,0,0,0
11-08-2019 22.00,1727,16.282,0.012,0,0,0
11-08-2019 23.00,1728,15.998,0.011,0,0,0
12-08-2019 0.00,1729,15.786,0.011,0,0,0
12-08-2019 1.00,1730,15.504,0.011,0,0,0
12-08-2019 2.00,1731,15.152,0.011,0,0,0
12-08-2019 3.00,1732,14.722,0.011,0.005,0.04,0
12-08-2019 4.00,1733,14.425,0.011,12.043,56.846,28.269
12-08-2019 5.00,1734,15.563,0.011,87.954,265.778,289.253
12-08-2019 6.00,1735,16.465,0.012,212.345,486.747,813.498
12-08-2019 7.00,1736,17.947,0.012,347.78,692.223,1484.34
12-08-2019 8.00,1737,19.2,0.012,468.659,868.206,1817.178
12-08-2019 9.00,1738,20.339,0.012,567.874,1002.667,2091.552
12-08-2019 10.00,1739,21.511,0.012,638.729,1086.421,2476.316
12-08-2019 11.00,1740,23.055,0.013,671.852,1113.761,2946.265
12-08-2019 12.00,1741,23.847,0.013,656.467,1082.769,2891.002
12-08-2019 13.00,1742,24.024,0.013,600.106,995.563,2446.871
12-08-2019 14.00,1743,23.712,0.013,498.825,858.047,1922.159
12-08-2019 15.00,1744,23.116,0.013,373.583,679.594,1477.328
12-08-2019 16.00,1745,22.269,0.013,240.783,472.312,1075.953
12-08-2019 17.00,1746,20.931,0.014,111.715,250.338,517.107
12-08-2019 18.00,1747,18.699,0.013,17.806,50.735,41.076
12-08-2019 19.00,1748,17.718,0.012,0.057,0.268,0
12-08-2019 20.00,1749,17.215,0.012,0,0,0
12-08-2019 21.00,1750,16.689,0.012,0,0,0
12-08-2019 22.00,1751,16.202,0.012,0,0,0
12-08-2019 23.00,1752,15.806,0.012,0,0,0
13-08-2019 0.00,1753,15.523,0.011,0,0,0
13-08-2019 1.00,1754,15.251,0.011,0,0,0
13-08-2019 2.00,1755,15.021,0.011,0,0,0
13-08-2019 3.00,1756,14.831,0.011,0.005,0.024,0
13-08-2019 4.00,1757,14.844,0.011,16.255,53.322,80.112
13-08-2019 5.00,1758,15.951,0.012,101.505,260.959,490.878
13-08-2019 6.00,1759,17.326,0.012,227.639,482.305,1033.882
13-08-2019 7.00,1760,18.855,0.012,366.524,688.154,1689.891
13-08-2019 8.00,1761,20.362,0.013,488.734,864.435,2210.434
13-08-2019 9.00,1762,21.726,0.013,571.686,999.109,2665.17
13-08-2019 10.00,1763,23.009,0.013,613.913,1083.016,3060.494
13-08-2019 11.00,1764,24.041,0.013,610.787,1110.411,3281.428
13-08-2019 12.00,1765,24.407,0.013,562.089,1079.345,2868.698
13-08-2019 13.00,1766,23.989,0.014,481.45,991.994,2003.449
13-08-2019 14.00,1767,23.069,0.014,383.42,854.247,1236.064
13-08-2019 15.00,1768,22.015,0.014,269.54,675.463,767.804
13-08-2019 16.00,1769,20.963,0.014,159.226,467.824,438.637
13-08-2019 17.00,1770,19.997,0.015,68.658,245.46,207.935
13-08-2019 18.00,1771,18.896,0.014,10.32,47.528,6.963
13-08-2019 19.00,1772,18.434,0.014,0.031,0.192,0
13-08-2019 20.00,1773,18.221,0.014,0,0,0
13-08-2019 21.00,1774,18.144,0.014,0,0,0
13-08-2019 22.00,1775,18.107,0.013,0,0,0
13-08-2019 23.00,1776,18.028,0.013,0,0,0
14-08-2019 0.00,1777,17.966,0.013,0,0,0
14-08-2019 1.00,1778,17.968,0.013,0,0,0
14-08-2019 2.00,1779,17.968,0.013,0,0,0
14-08-2019 3.00,1780,17.978,0.013,0.001,0.013,0
14-08-2019 4.00,1781,17.991,0.013,7.141,49.874,0
14-08-2019 5.00,1782,18.126,0.013,53.238,256.068,40.111
14-08-2019 6.00,1783,18.383,0.013,129.439,477.807,121.21
14-08-2019 7.00,1784,18.803,0.014,223.083,684.002,259.223
14-08-2019 8.00,1785,19.445,0.014,313.277,860.58,541.455
14-08-2019 9.00,1786,20.208,0.014,387.803,995.492,657.697
14-08-2019 10.00,1787,20.817,0.014,449.896,1079.54,752.918
14-08-2019 11.00,1788,22.059,0.015,492.851,1106.986,928.447
14-08-2019 12.00,1789,24.396,0.015,509.19,1075.875,1135.217
14-08-2019 13.00,1790,26.391,0.015,478.64,988.353,1260.72
14-08-2019 14.00,1791,26.902,0.015,412.412,850.361,1297.274
14-08-2019 15.00,1792,25.456,0.015,309.161,671.269,936.165
14-08-2019 16.00,1793,23.976,0.015,193.388,463.265,578.572
14-08-2019 17.00,1794,22.361,0.015,81.93,240.511,147.47
14-08-2019 18.00,1795,21.116,0.014,12.35,44.393,0.594
14-08-2019 19.00,1796,20.496,0.014,0.029,0.132,0
14-08-2019 20.00,1797,20.17,0.013,0,0,0
14-08-2019 21.00,1798,19.855,0.013,0,0,0
14-08-2019 22.00,1799,19.648,0.013,0,0,0
14-08-2019 23.00,1800,19.186,0.013,0,0,0
15-08-2019 0.00,1801,18.41,0.013,0,0,0
15-08-2019 1.00,1802,17.66,0.012,0,0,0
15-08-2019 2.00,1803,17.363,0.012,0,0,0
15-08-2019 3.00,1804,17.257,0.012,0,0.006,0
15-08-2019 4.00,1805,17.189,0.012,7.815,46.509,7.371
15-08-2019 5.00,1806,18.207,0.012,60.979,251.1,220.766
15-08-2019 6.00,1807,19.089,0.013,148.873,473.219,775.501
15-08-2019 7.00,1808,20.082,0.013,265.531,679.77,1088.713
15-08-2019 8.00,1809,20.852,0.013,380.958,856.657,1427.542
15-08-2019 9.00,1810,21.457,0.014,477.508,991.824,1609.432
15-08-2019 10.00,1811,22.005,0.014,533.535,1076.01,1830.16
15-08-2019 11.00,1812,21.968,0.014,535.459,1103.454,1434.558
15-08-2019 12.00,1813,21.41,0.014,495.944,1072.322,844.482
15-08-2019 13.00,1814,20.961,0.014,430.382,984.654,553.124
15-08-2019 14.00,1815,20.519,0.014,348.485,846.415,354.89
15-08-2019 15.00,1816,19.985,0.014,250.224,667,232.636
15-08-2019 16.00,1817,19.504,0.014,160.428,458.638,130.164
15-08-2019 17.00,1818,18.969,0.014,74.796,235.486,31.866
15-08-2019 18.00,1819,18.415,0.014,12.117,41.336,0
15-08-2019 19.00,1820,17.967,0.014,0.015,0.086,0
15-08-2019 20.00,1821,17.524,0.013,0,0,0
15-08-2019 21.00,1822,17.115,0.013,0,0,0
15-08-2019 22.00,1823,16.753,0.013,0,0,0
15-08-2019 23.00,1824,16.463,0.013,0,0,0
16-08-2019 0.00,1825,16.272,0.013,0,0,0
16-08-2019 1.00,1826,16.16,0.013,0,0,0
16-08-2019 2.00,1827,16.081,0.013,0,0,0
16-08-2019 3.00,1828,16.022,0.012,0,0.003,0
16-08-2019 4.00,1829,16.018,0.012,5.279,43.234,0.101
16-08-2019 5.00,1830,16.367,0.012,49,246.065,128.64
16-08-2019 6.00,1831,17.022,0.013,113.292,468.56,355.931
16-08-2019 7.00,1832,17.958,0.013,187.169,675.483,634.264
16-08-2019 8.00,1833,18.767,0.013,262.596,852.682,850.354
16-08-2019 9.00,1834,19.128,0.014,334.751,988.065,995.334
16-08-2019 10.00,1835,19.326,0.014,384.809,1072.394,1063.583
16-08-2019 11.00,1836,19.465,0.014,407.601,1099.898,1122.877
16-08-2019 12.00,1837,19.568,0.014,398.6,1068.701,1004.607
16-08-2019 13.00,1838,19.607,0.014,357.837,980.869,860.97
16-08-2019 14.00,1839,19.589,0.014,294.033,842.387,742.503
16-08-2019 15.00,1840,19.47,0.014,217.549,662.659,550.96
16-08-2019 16.00,1841,19.182,0.014,137.137,453.925,289.309
16-08-2019 17.00,1842,18.641,0.014,60.832,230.387,86.691
16-08-2019 18.00,1843,17.897,0.013,8.106,38.365,0
16-08-2019 19.00,1844,17.528,0.013,0.008,0.053,0
16-08-2019 20.00,1845,17.146,0.013,0,0,0
16-08-2019 21.00,1846,16.623,0.013,0,0,0
16-08-2019 22.00,1847,16.218,0.012,0,0,0
16-08-2019 23.00,1848,15.898,0.012,0,0,0
17-08-2019 0.00,1849,15.548,0.012,0,0,0
17-08-2019 1.00,1850,15.204,0.012,0,0,0
17-08-2019 2.00,1851,14.899,0.012,0,0,0
17-08-2019 3.00,1852,14.582,0.011,0,0.001,0
17-08-2019 4.00,1853,14.476,0.011,8.327,40.054,31.331
17-08-2019 5.00,1854,15.39,0.012,72.306,240.955,357.684
17-08-2019 6.00,1855,16.048,0.012,166.224,463.846,714.07
17-08-2019 7.00,1856,16.792,0.012,260.37,671.112,1258.509
17-08-2019 8.00,1857,17.588,0.012,348.702,848.61,1451.086
17-08-2019 9.00,1858,18.41,0.012,417.716,984.238,1603.806
17-08-2019 10.00,1859,19.078,0.012,466.916,1068.71,1622.466
17-08-2019 11.00,1860,19.601,0.012,476.265,1096.273,1611.949
17-08-2019 12.00,1861,19.732,0.013,453.845,1064.989,1185.243
17-08-2019 13.00,1862,19.642,0.013,402.351,977.006,880.313
17-08-2019 14.00,1863,19.544,0.013,328.768,838.275,663.046
17-08-2019 15.00,1864,19.644,0.013,238.835,658.241,603.35
17-08-2019 16.00,1865,19.738,0.013,147.822,449.149,383.731
17-08-2019 17.00,1866,18.865,0.013,59.099,225.225,125.6
17-08-2019 18.00,1867,17.577,0.013,6.783,35.487,0
17-08-2019 19.00,1868,16.959,0.012,0.004,0.03,0
17-08-2019 20.00,1869,16.59,0.012,0,0,0
17-08-2019 21.00,1870,16.395,0.012,0,0,0
17-08-2019 22.00,1871,16.342,0.012,0,0,0
17-08-2019 23.00,1872,16.227,0.011,0,0,0
18-08-2019 0.00,1873,16.172,0.011,0,0,0
18-08-2019 1.00,1874,16.153,0.011,0,0,0
18-08-2019 2.00,1875,15.995,0.011,0,0,0
18-08-2019 3.00,1876,15.813,0.011,0,0,0
18-08-2019 4.00,1877,15.635,0.011,7.757,36.976,0
18-08-2019 5.00,1878,15.571,0.011,63.464,235.777,49.776
18-08-2019 6.00,1879,15.775,0.011,157.195,459.046,198.896
18-08-2019 7.00,1880,16.153,0.011,264.334,666.666,380.634
18-08-2019 8.00,1881,16.311,0.011,365.393,844.465,609.937
18-08-2019 9.00,1882,16.404,0.011,457.004,980.319,826.78
18-08-2019 10.00,1883,16.483,0.011,519.728,1064.938,1072.273
18-08-2019 11.00,1884,16.72,0.011,545.943,1092.553,1385.334
18-08-2019 12.00,1885,17.33,0.011,525.709,1061.224,1524.033
18-08-2019 13.00,1886,17.852,0.011,462.92,973.078,1291.383
18-08-2019 14.00,1887,18.045,0.011,360.479,834.111,1028.555
18-08-2019 15.00,1888,17.912,0.011,252.635,653.758,764.997
18-08-2019 16.00,1889,17.526,0.011,157.123,444.298,512.956
18-08-2019 17.00,1890,16.668,0.012,69.626,219.985,239.879
18-08-2019 18.00,1891,15.246,0.011,8.527,32.71,0.134
18-08-2019 19.00,1892,14.746,0.011,0.002,0.015,0
18-08-2019 20.00,1893,14.61,0.011,0,0,0
18-08-2019 21.00,1894,14.376,0.01,0,0,0
18-08-2019 22.00,1895,14.235,0.01,0,0,0
18-08-2019 23.00,1896,14.098,0.01,0,0,0
19-08-2019 0.00,1897,13.874,0.01,0,0,0
19-08-2019 1.00,1898,13.574,0.01,0,0,0
19-08-2019 2.00,1899,13.29,0.01,0,0,0
19-08-2019 3.00,1900,13.079,0.009,0,0,0
19-08-2019 4.00,1901,13.034,0.009,8.241,34.006,0.939
19-08-2019 5.00,1902,13.646,0.01,74.499,230.53,96.487
19-08-2019 6.00,1903,14.509,0.01,189.226,454.173,236.448
19-08-2019 7.00,1904,15.347,0.01,333.345,662.151,349.84
19-08-2019 8.00,1905,16.055,0.01,469.638,840.256,515.418
19-08-2019 9.00,1906,16.685,0.01,574.398,976.34,780.043
19-08-2019 10.00,1907,17.657,0.01,635.019,1061.094,1286.684
19-08-2019 11.00,1908,17.886,0.01,643.103,1088.735,1640.62
19-08-2019 12.00,1909,18.506,0.01,606.937,1057.365,1800.756
19-08-2019 13.00,1910,19.269,0.01,542.416,969.06,1898.464
19-08-2019 14.00,1911,19.333,0.01,439.015,829.855,1566.211
19-08-2019 15.00,1912,18.79,0.011,322.384,649.184,1047.771
19-08-2019 16.00,1913,17.982,0.011,195.747,439.381,655.05
19-08-2019 17.00,1914,16.576,0.011,81.523,214.68,238.153
19-08-2019 18.00,1915,14.628,0.011,9.246,30.04,0
19-08-2019 19.00,1916,13.745,0.01,0.001,0.007,0
19-08-2019 20.00,1917,12.931,0.01,0,0,0
19-08-2019 21.00,1918,11.969,0.01,0,0,0
19-08-2019 22.00,1919,11.27,0.01,0,0,0
19-08-2019 23.00,1920,10.853,0.01,0,0,0
20-08-2019 0.00,1921,10.42,0.009,0,0,0
20-08-2019 1.00,1922,9.892,0.009,0,0,0
20-08-2019 2.00,1923,9.434,0.009,0,0,0
20-08-2019 3.00,1924,9.088,0.009,0,0,0
20-08-2019 4.00,1925,9.118,0.009,8.007,31.15,53.319
20-08-2019 5.00,1926,11.042,0.009,80.288,225.213,423.932
20-08-2019 6.00,1927,13.138,0.01,201.117,449.241,1529.478
20-08-2019 7.00,1928,16.212,0.01,331.09,657.566,3050.863
20-08-2019 8.00,1929,18.149,0.01,432.424,835.961,3299.55
20-08-2019 9.00,1930,19.104,0.01,495.491,972.273,2624.881
20-08-2019 10.00,1931,20.078,0.01,530.093,1057.197,2788.601
20-08-2019 11.00,1932,21.354,0.01,532.453,1084.85,3553.435
20-08-2019 12.00,1933,22.034,0.01,500.183,1053.422,3360.739
20-08-2019 13.00,1934,22.109,0.011,428.938,964.983,2872.277
20-08-2019 14.00,1935,21.496,0.011,327.854,825.534,1775.191
20-08-2019 15.00,1936,20.688,0.011,210.95,644.565,1036.085
20-08-2019 16.00,1937,19.502,0.012,111.559,434.393,408.398
20-08-2019 17.00,1938,17.814,0.012,38.761,209.313,126.313
20-08-2019 18.00,1939,16.186,0.011,2.978,27.481,0
20-08-2019 19.00,1940,15.698,0.011,0,0.002,0
20-08-2019 20.00,1941,15.567,0.011,0,0,0
20-08-2019 21.00,1942,15.484,0.011,0,0,0
20-08-2019 22.00,1943,15.343,0.011,0,0,0
20-08-2019 23.00,1944,15.174,0.011,0,0,0
21-08-2019 0.00,1945,14.957,0.011,0,0,0
21-08-2019 1.00,1946,14.591,0.011,0,0,0
21-08-2019 2.00,1947,14.42,0.011,0,0,0
21-08-2019 3.00,1948,14.308,0.011,0,0,0
21-08-2019 4.00,1949,14.218,0.011,3.591,28.41,0
21-08-2019 5.00,1950,14.391,0.011,39.406,219.833,102.994
21-08-2019 6.00,1951,15.065,0.011,103.26,444.228,372.417
21-08-2019 7.00,1952,16.135,0.012,178.843,652.893,558.77
21-08-2019 8.00,1953,16.954,0.012,250.995,831.607,657.564
21-08-2019 9.00,1954,17.728,0.012,323.758,968.152,1141.598
21-08-2019 10.00,1955,18.233,0.012,386.01,1053.181,1408.304
21-08-2019 11.00,1956,18.687,0.012,416.596,1080.924,1630.462
21-08-2019 12.00,1957,19.15,0.012,405.586,1049.409,1445.334
21-08-2019 13.00,1958,19.273,0.013,358.337,960.826,932.747
21-08-2019 14.00,1959,19.384,0.013,287.974,821.142,797.862
21-08-2019 15.00,1960,19.391,0.013,203.127,639.872,565.962
21-08-2019 16.00,1961,19.15,0.013,118.375,429.335,311.797
21-08-2019 17.00,1962,18.579,0.013,44.476,203.88,79.946
21-08-2019 18.00,1963,17.809,0.012,3.829,25.041,0
21-08-2019 19.00,1964,17.205,0.012,0,0.001,0
21-08-2019 20.00,1965,16.522,0.012,0,0,0
21-08-2019 21.00,1966,16.003,0.012,0,0,0
21-08-2019 22.00,1967,15.694,0.011,0,0,0
21-08-2019 23.00,1968,15.424,0.011,0,0,0
22-08-2019 0.00,1969,15.178,0.011,0,0,0
22-08-2019 1.00,1970,14.802,0.011,0,0,0
22-08-2019 2.00,1971,14.022,0.011,0,0,0
22-08-2019 3.00,1972,13.579,0.011,0,0,0
22-08-2019 4.00,1973,13.704,0.01,4.504,25.793,0.956
22-08-2019 5.00,1974,14.215,0.011,57.453,214.381,108.761
22-08-2019 6.00,1975,14.638,0.011,152.21,439.152,224.243
22-08-2019 7.00,1976,15.14,0.012,270.288,648.18,409.561
22-08-2019 8.00,1977,15.655,0.012,375.398,827.178,591.273
22-08-2019 9.00,1978,16.014,0.012,462.959,963.931,799.62
22-08-2019 10.00,1979,16.171,0.012,520.011,1049.129,948.635
22-08-2019 11.00,1980,16.213,0.012,523.188,1076.891,986.79
22-08-2019 12.00,1981,16.246,0.011,484.255,1045.345,828.536
22-08-2019 13.00,1982,16.342,0.012,408.078,956.585,629.876
22-08-2019 14.00,1983,16.313,0.012,319.019,816.669,417.337
22-08-2019 15.00,1984,16.158,0.012,228.975,635.09,212.334
22-08-2019 16.00,1985,15.898,0.012,137.729,424.212,80.74
22-08-2019 17.00,1986,15.637,0.012,53.508,198.384,10.809
22-08-2019 18.00,1987,15.422,0.012,5.249,22.723,0
22-08-2019 19.00,1988,15.251,0.011,0,0,0
22-08-2019 20.00,1989,15.038,0.011,0,0,0
22-08-2019 21.00,1990,14.786,0.011,0,0,0
22-08-2019 22.00,1991,14.587,0.011,0,0,0
22-08-2019 23.00,1992,14.516,0.011,0,0,0
23-08-2019 0.00,1993,14.443,0.01,0,0,0
23-08-2019 1.00,1994,14.329,0.01,0,0,0
23-08-2019 2.00,1995,14.181,0.01,0,0,0
23-08-2019 3.00,1996,14.02,0.01,0,0,0
23-08-2019 4.00,1997,13.831,0.01,3.61,23.303,0
23-08-2019 5.00,1998,14.024,0.01,56.474,208.872,175.028
23-08-2019 6.00,1999,14.595,0.011,156.904,434.007,564.237
23-08-2019 7.00,2000,15.29,0.011,274.938,643.379,1192.052
23-08-2019 8.00,2001,16.377,0.011,396.338,822.662,2617.781
23-08-2019 9.00,2002,17.972,0.011,511.651,959.646,3404.464
23-08-2019 10.00,2003,19.378,0.011,585.108,1044.966,3437.087
23-08-2019 11.00,2004,20.056,0.011,593.482,1072.801,3266.652
23-08-2019 12.00,2005,20.177,0.011,559.787,1041.205,2973.833
23-08-2019 13.00,2006,19.582,0.011,494.694,952.283,2042.489
23-08-2019 14.00,2007,18.562,0.011,397.352,812.132,1277.498
23-08-2019 15.00,2008,17.432,0.011,289.739,630.252,645.926
23-08-2019 16.00,2009,16.41,0.012,174.038,419.015,317.398
23-08-2019 17.00,2010,15.456,0.012,68.659,192.839,85.062
23-08-2019 18.00,2011,14.712,0.011,5.465,20.527,0
23-08-2019 19.00,2012,14.311,0.011,0,0,0
23-08-2019 20.00,2013,14.004,0.011,0,0,0
23-08-2019 21.00,2014,13.725,0.011,0,0,0
23-08-2019 22.00,2015,13.411,0.01,0,0,0
23-08-2019 23.00,2016,13,0.01,0,0,0
24-08-2019 0.00,2017,12.604,0.01,0,0,0
24-08-2019 1.00,2018,12.285,0.01,0,0,0
24-08-2019 2.00,2019,12,0.01,0,0,0
24-08-2019 3.00,2020,11.626,0.01,0,0,0
24-08-2019 4.00,2021,11.311,0.01,3.944,20.944,18.77
24-08-2019 5.00,2022,12.475,0.01,68.72,203.294,763.286
24-08-2019 6.00,2023,13.887,0.01,193.971,428.801,1606.972
24-08-2019 7.00,2024,15.693,0.011,343,638.501,2800.141
24-08-2019 8.00,2025,17.641,0.011,476.446,818.09,3127.592
24-08-2019 9.00,2026,19.521,0.011,589.604,955.287,3203.268
24-08-2019 10.00,2027,20.703,0.011,659.036,1040.753,3229.934
24-08-2019 11.00,2028,21.442,0.011,656.477,1068.618,3193.318
24-08-2019 12.00,2029,21.88,0.011,610.07,1036.937,3012.033
24-08-2019 13.00,2030,22.135,0.011,532.752,947.904,2975.505
24-08-2019 14.00,2031,21.994,0.011,435.384,807.53,2676.569
24-08-2019 15.00,2032,21.32,0.011,319.14,625.346,1915.605
24-08-2019 16.00,2033,20.796,0.012,186.187,413.761,714.082
24-08-2019 17.00,2034,18.989,0.012,69.135,187.238,230.332
24-08-2019 18.00,2035,17.769,0.011,4.935,18.454,0
24-08-2019 19.00,2036,17.243,0.01,0,0,0
24-08-2019 20.00,2037,16.566,0.01,0,0,0
24-08-2019 21.00,2038,15.747,0.01,0,0,0
24-08-2019 22.00,2039,14.913,0.01,0,0,0
24-08-2019 23.00,2040,14.129,0.01,0,0,0
25-08-2019 0.00,2041,13.346,0.01,0,0,0
25-08-2019 1.00,2042,12.751,0.009,0,0,0
25-08-2019 2.00,2043,12.405,0.009,0,0,0
25-08-2019 3.00,2044,12.212,0.009,0,0,0
25-08-2019 4.00,2045,12.143,0.009,5.195,18.722,9.502
25-08-2019 5.00,2046,13.475,0.01,83.979,197.657,534.01
25-08-2019 6.00,2047,15.258,0.01,225.04,423.53,1355.102
25-08-2019 7.00,2048,17.301,0.011,384.78,633.565,2033.712
25-08-2019 8.00,2049,18.861,0.011,526.421,813.445,2491.025
25-08-2019 9.00,2050,19.847,0.011,629.073,950.855,2880.891
25-08-2019 10.00,2051,20.894,0.011,682.348,1036.465,3108.564
25-08-2019 11.00,2052,21.435,0.011,673.018,1064.349,2782.463
25-08-2019 12.00,2053,21.676,0.011,630.65,1032.633,2509.943
25-08-2019 13.00,2054,21.827,0.011,569.156,943.455,2480.337
25-08-2019 14.00,2055,21.708,0.011,471.611,802.832,2314.039
25-08-2019 15.00,2056,21.546,0.011,344.745,620.358,1419.559
25-08-2019 16.00,2057,20.909,0.012,202.118,408.442,852.371
25-08-2019 17.00,2058,18.995,0.012,72.519,181.597,291.705
25-08-2019 18.00,2059,17.777,0.011,4.92,16.504,0
25-08-2019 19.00,2060,17.246,0.011,0,0,0
25-08-2019 20.00,2061,16.544,0.01,0,0,0
25-08-2019 21.00,2062,15.779,0.01,0,0,0
25-08-2019 22.00,2063,15.09,0.01,0,0,0
25-08-2019 23.00,2064,14.537,0.01,0,0,0
26-08-2019 0.00,2065,14.061,0.01,0,0,0
26-08-2019 1.00,2066,13.624,0.01,0,0,0
26-08-2019 2.00,2067,13.26,0.01,0,0,0
26-08-2019 3.00,2068,12.971,0.01,0,0,0
26-08-2019 4.00,2069,12.613,0.01,5.08,16.638,11.695
26-08-2019 5.00,2070,13.446,0.01,79.414,191.963,694.596
26-08-2019 6.00,2071,15.44,0.01,220.122,418.193,1695.964
26-08-2019 7.00,2072,18.106,0.011,383.857,628.573,3004.439
26-08-2019 8.00,2073,20.303,0.011,523.443,808.716,3265.338
26-08-2019 9.00,2074,21.733,0.011,616.606,946.356,3402.716
26-08-2019 10.00,2075,22.701,0.011,661.788,1032.083,3453.611
26-08-2019 11.00,2076,23.272,0.011,661.325,1060.02,3318.771
26-08-2019 12.00,2077,23.544,0.011,625.076,1028.25,3212.338
26-08-2019 13.00,2078,23.277,0.012,534.768,938.932,2632.041
26-08-2019 14.00,2079,22.848,0.012,398.534,798.088,2190.534
26-08-2019 15.00,2080,21.705,0.012,246.971,615.32,811.681
26-08-2019 16.00,2081,20.527,0.013,126.908,403.055,426.676
26-08-2019 17.00,2082,18.715,0.013,37.072,175.914,237.129
26-08-2019 18.00,2083,17.006,0.012,1.282,14.679,0
26-08-2019 19.00,2084,17.074,0.012,0,0,0
26-08-2019 20.00,2085,16.779,0.012,0,0,0
26-08-2019 21.00,2086,16.49,0.012,0,0,0
26-08-2019 22.00,2087,16.194,0.012,0,0,0
26-08-2019 23.00,2088,15.944,0.012,0,0,0
27-08-2019 0.00,2089,15.788,0.012,0,0,0
27-08-2019 1.00,2090,15.693,0.012,0,0,0
27-08-2019 2.00,2091,15.682,0.011,0,0,0
27-08-2019 3.00,2092,15.721,0.011,0,0,0
27-08-2019 4.00,2093,15.876,0.011,2.79,14.697,0
27-08-2019 5.00,2094,16.148,0.011,42.541,186.207,18.389
27-08-2019 6.00,2095,16.508,0.011,126.4,412.789,92.999
27-08-2019 7.00,2096,16.939,0.012,229.655,623.492,196.27
27-08-2019 8.00,2097,17.31,0.012,332.937,803.925,421.92
27-08-2019 9.00,2098,17.659,0.012,420.293,941.775,995.085
27-08-2019 10.00,2099,18.315,0.012,479.278,1027.63,1633.435
27-08-2019 11.00,2100,19.293,0.012,503.889,1055.622,2337.053
27-08-2019 12.00,2101,20.321,0.012,498.791,1023.821,2479.927
27-08-2019 13.00,2102,20.999,0.012,455.61,934.328,2403.294
27-08-2019 14.00,2103,20.99,0.012,375.24,793.262,2155.377
27-08-2019 15.00,2104,20.48,0.012,273.257,610.213,1606.598
27-08-2019 16.00,2105,19.9,0.012,154.578,397.602,542.869
27-08-2019 17.00,2106,18.498,0.012,52.6,170.198,156.232
27-08-2019 18.00,2107,17.854,0.012,2.354,12.978,0
27-08-2019 19.00,2108,17.675,0.011,0,0,0
27-08-2019 20.00,2109,17.247,0.011,0,0,0
27-08-2019 21.00,2110,16.543,0.011,0,0,0
27-08-2019 22.00,2111,15.633,0.011,0,0,0
27-08-2019 23.00,2112,14.577,0.011,0,0,0
28-08-2019 0.00,2113,13.529,0.011,0,0,0
28-08-2019 1.00,2114,12.641,0.01,0,0,0
28-08-2019 2.00,2115,11.917,0.01,0,0,0
28-08-2019 3.00,2116,11.391,0.01,0,0,0
28-08-2019 4.00,2117,10.992,0.01,1.876,12.9,10.079
28-08-2019 5.00,2118,12.596,0.01,47.12,180.4,987.451
28-08-2019 6.00,2119,15.267,0.011,140.935,407.327,2048.573
28-08-2019 7.00,2120,17.801,0.011,256.247,618.346,2977.937
28-08-2019 8.00,2121,19.813,0.011,362.863,799.052,3398.599
28-08-2019 9.00,2122,20.936,0.011,446.078,937.128,3606.094
28-08-2019 10.00,2123,21.973,0.011,497.184,1023.113,3677.169
28-08-2019 11.00,2124,22.552,0.011,499.284,1051.134,3580.911
28-08-2019 12.00,2125,22.443,0.011,457.572,1019.27,3214.277
28-08-2019 13.00,2126,21.924,0.011,386.101,929.648,2588.716
28-08-2019 14.00,2127,21.124,0.011,291.906,788.36,1782.716
28-08-2019 15.00,2128,20.424,0.012,201.875,605.02,1388.963
28-08-2019 16.00,2129,19.564,0.012,114.459,392.091,495.76
28-08-2019 17.00,2130,17.665,0.012,38.736,164.455,60.714
28-08-2019 18.00,2131,16.339,0.011,2.166,11.398,0
28-08-2019 19.00,2132,15.93,0.011,0,0,0
28-08-2019 20.00,2133,15.593,0.011,0,0,0
28-08-2019 21.00,2134,15.306,0.011,0,0,0
28-08-2019 22.00,2135,14.972,0.011,0,0,0
28-08-2019 23.00,2136,14.656,0.01,0,0,0
29-08-2019 0.00,2137,14.405,0.01,0,0,0
29-08-2019 1.00,2138,14.13,0.01,0,0,0
29-08-2019 2.00,2139,13.689,0.01,0,0,0
29-08-2019 3.00,2140,13.373,0.01,0,0,0
29-08-2019 4.00,2141,13.242,0.01,2.024,11.249,0
29-08-2019 5.00,2142,14.01,0.01,51.688,174.541,177.801
29-08-2019 6.00,2143,14.742,0.011,159.149,401.801,391.154
29-08-2019 7.00,2144,15.716,0.011,286.017,613.151,659.153
29-08-2019 8.00,2145,16.951,0.011,392.405,794.133,1111.282
29-08-2019 9.00,2146,20.099,0.011,473.699,932.403,1695.382
29-08-2019 10.00,2147,20.598,0.011,518.083,1018.519,1708.146
29-08-2019 11.00,2148,21.563,0.011,528.535,1046.571,1905.751
29-08-2019 12.00,2149,21.934,0.011,495.193,1014.665,1650.983
29-08-2019 13.00,2150,22.292,0.011,427.207,924.9,1347.325
29-08-2019 14.00,2151,22.776,0.011,335.066,783.404,791.774
29-08-2019 15.00,2152,21.196,0.012,230.002,599.783,413.222
29-08-2019 16.00,2153,18.848,0.012,129.857,386.525,194.641
29-08-2019 17.00,2154,17.403,0.012,43.05,158.692,65.052
29-08-2019 18.00,2155,15.713,0.011,2.242,9.94,0
29-08-2019 19.00,2156,14.522,0.011,0,0,0
29-08-2019 20.00,2157,13.78,0.011,0,0,0
29-08-2019 21.00,2158,13.304,0.011,0,0,0
29-08-2019 22.00,2159,12.992,0.01,0,0,0
29-08-2019 23.00,2160,12.862,0.01,0,0,0
30-08-2019 0.00,2161,12.824,0.01,0,0,0
30-08-2019 1.00,2162,12.808,0.01,0,0,0
30-08-2019 2.00,2163,12.772,0.01,0,0,0
30-08-2019 3.00,2164,12.798,0.01,0,0,0
30-08-2019 4.00,2165,12.786,0.01,1.398,9.742,0
30-08-2019 5.00,2166,13.094,0.01,40.98,168.639,155.102
30-08-2019 6.00,2167,14.357,0.01,131.372,396.217,444.429
30-08-2019 7.00,2168,16.341,0.011,238.72,607.875,798.804
30-08-2019 8.00,2169,17.979,0.011,346.692,789.116,983.689
30-08-2019 9.00,2170,18.924,0.011,435.011,927.607,1145.055
30-08-2019 10.00,2171,19.375,0.011,494.558,1013.852,1375.764
30-08-2019 11.00,2172,19.405,0.01,526.06,1041.956,1697.596
30-08-2019 12.00,2173,19.019,0.01,517.283,1009.969,1367.328
30-08-2019 13.00,2174,18.752,0.01,459.485,920.086,1020.813
30-08-2019 14.00,2175,18.453,0.01,377.206,778.367,798.038
30-08-2019 15.00,2176,18.037,0.011,274.589,594.46,503.944
30-08-2019 16.00,2177,17.428,0.011,162.753,380.893,205.141
30-08-2019 17.00,2178,16.315,0.011,58.194,152.914,45.998
30-08-2019 18.00,2179,15.226,0.011,2.744,8.602,0
30-08-2019 19.00,2180,14.715,0.01,0,0,0
30-08-2019 20.00,2181,13.863,0.01,0,0,0
30-08-2019 21.00,2182,13.27,0.01,0,0,0
30-08-2019 22.00,2183,12.931,0.01,0,0,0
30-08-2019 23.00,2184,12.435,0.01,0,0,0
31-08-2019 0.00,2185,11.891,0.009,0,0,0
31-08-2019 1.00,2186,11.2,0.009,0,0,0
31-08-2019 2.00,2187,10.477,0.009,0,0,0
31-08-2019 3.00,2188,9.823,0.009,0,0,0
31-08-2019 4.00,2189,9.292,0.009,1.496,8.378,0
31-08-2019 5.00,2190,10.186,0.009,61.335,162.699,893.868
31-08-2019 6.00,2191,12.419,0.009,203.071,390.569,2389.278
31-08-2019 7.00,2192,14.294,0.01,367.388,602.534,3123.25
31-08-2019 8.00,2193,17.109,0.01,516.626,784.056,3683.685
31-08-2019 9.00,2194,18.797,0.009,632.385,922.74,3838.025
31-08-2019 10.00,2195,19.661,0.009,706.858,1009.117,3886.848
31-08-2019 11.00,2196,20.227,0.009,724.512,1037.253,3873.956
31-08-2019 12.00,2197,20.493,0.009,692.611,1005.231,3859.866
31-08-2019 13.00,2198,20.496,0.009,606.866,915.19,3762.39
31-08-2019 14.00,2199,20.223,0.01,487.907,773.264,3543.094
31-08-2019 15.00,2200,19.62,0.01,345.297,589.092,3118.604
31-08-2019 16.00,2201,18.404,0.01,191.652,375.21,2164.166
31-08-2019 17.00,2202,15.814,0.011,57.226,147.128,945.497
31-08-2019 18.00,2203,13.425,0.01,1.513,7.381,0
31-08-2019 19.00,2204,12.952,0.009,0,0,0
31-08-2019 20.00,2205,12.966,0.009,0,0,0
31-08-2019 21.00,2206,13.026,0.009,0,0,0
31-08-2019 22.00,2207,12.827,0.009,0,0,0
31-08-2019 23.00,2208,12.239,0.009,0,0,0
